
custom/hello_world.elf：     文件格式 elf32-littleriscv


Disassembly of section .vectors:

00000000 <__vector_start>:
   0:	3fc0006f          	j	3fc <sw_irq_handler>
   4:	3e80006f          	j	3ec <__no_irq_handler>
   8:	3e40006f          	j	3ec <__no_irq_handler>
   c:	3e00006f          	j	3ec <__no_irq_handler>
  10:	3dc0006f          	j	3ec <__no_irq_handler>
  14:	3d80006f          	j	3ec <__no_irq_handler>
  18:	3d40006f          	j	3ec <__no_irq_handler>
  1c:	3d00006f          	j	3ec <__no_irq_handler>
  20:	3cc0006f          	j	3ec <__no_irq_handler>
  24:	3c80006f          	j	3ec <__no_irq_handler>
  28:	3c40006f          	j	3ec <__no_irq_handler>
  2c:	3c00006f          	j	3ec <__no_irq_handler>
  30:	3bc0006f          	j	3ec <__no_irq_handler>
  34:	3b80006f          	j	3ec <__no_irq_handler>
  38:	3b40006f          	j	3ec <__no_irq_handler>
  3c:	3b00006f          	j	3ec <__no_irq_handler>
  40:	3ac0006f          	j	3ec <__no_irq_handler>
  44:	3a80006f          	j	3ec <__no_irq_handler>
  48:	3a40006f          	j	3ec <__no_irq_handler>
  4c:	3a00006f          	j	3ec <__no_irq_handler>
  50:	39c0006f          	j	3ec <__no_irq_handler>
  54:	3980006f          	j	3ec <__no_irq_handler>
  58:	3940006f          	j	3ec <__no_irq_handler>
  5c:	3900006f          	j	3ec <__no_irq_handler>
  60:	38c0006f          	j	3ec <__no_irq_handler>
  64:	3880006f          	j	3ec <__no_irq_handler>
  68:	3840006f          	j	3ec <__no_irq_handler>
  6c:	3800006f          	j	3ec <__no_irq_handler>
  70:	37c0006f          	j	3ec <__no_irq_handler>
  74:	3780006f          	j	3ec <__no_irq_handler>
  78:	3740006f          	j	3ec <__no_irq_handler>
  7c:	3f80006f          	j	474 <verification_irq_handler>
  80:	36c0006f          	j	3ec <__no_irq_handler>
  84:	3680006f          	j	3ec <__no_irq_handler>
  88:	3640006f          	j	3ec <__no_irq_handler>
  8c:	3600006f          	j	3ec <__no_irq_handler>
  90:	35c0006f          	j	3ec <__no_irq_handler>
  94:	3580006f          	j	3ec <__no_irq_handler>
  98:	3540006f          	j	3ec <__no_irq_handler>
  9c:	3500006f          	j	3ec <__no_irq_handler>
  a0:	34c0006f          	j	3ec <__no_irq_handler>
  a4:	3480006f          	j	3ec <__no_irq_handler>
  a8:	3440006f          	j	3ec <__no_irq_handler>
  ac:	3400006f          	j	3ec <__no_irq_handler>
  b0:	33c0006f          	j	3ec <__no_irq_handler>
  b4:	3380006f          	j	3ec <__no_irq_handler>
  b8:	3340006f          	j	3ec <__no_irq_handler>
  bc:	3300006f          	j	3ec <__no_irq_handler>
  c0:	32c0006f          	j	3ec <__no_irq_handler>
  c4:	3280006f          	j	3ec <__no_irq_handler>
  c8:	3240006f          	j	3ec <__no_irq_handler>
  cc:	3200006f          	j	3ec <__no_irq_handler>
  d0:	31c0006f          	j	3ec <__no_irq_handler>
  d4:	3180006f          	j	3ec <__no_irq_handler>
  d8:	3140006f          	j	3ec <__no_irq_handler>
  dc:	3100006f          	j	3ec <__no_irq_handler>
  e0:	30c0006f          	j	3ec <__no_irq_handler>
  e4:	3080006f          	j	3ec <__no_irq_handler>
  e8:	3040006f          	j	3ec <__no_irq_handler>
  ec:	3000006f          	j	3ec <__no_irq_handler>
  f0:	2fc0006f          	j	3ec <__no_irq_handler>
  f4:	2f80006f          	j	3ec <__no_irq_handler>
  f8:	2f40006f          	j	3ec <__no_irq_handler>
  fc:	2f00006f          	j	3ec <__no_irq_handler>

Disassembly of section .init:

00000180 <_start>:
 180:	0000d197          	auipc	gp,0xd
 184:	e6818193          	addi	gp,gp,-408 # cfe8 <__global_pointer$>
 188:	0000f117          	auipc	sp,0xf
 18c:	06810113          	addi	sp,sp,104 # f1f0 <_sp>
 190:	00000517          	auipc	a0,0x0
 194:	e7050513          	addi	a0,a0,-400 # 0 <__vector_start>
 198:	00156513          	ori	a0,a0,1
 19c:	30551073          	csrw	mtvec,a0
 1a0:	0000d517          	auipc	a0,0xd
 1a4:	01450513          	addi	a0,a0,20 # d1b4 <_PathLocale>
 1a8:	0000d617          	auipc	a2,0xd
 1ac:	04860613          	addi	a2,a2,72 # d1f0 <__BSS_END__>
 1b0:	8e09                	sub	a2,a2,a0
 1b2:	4581                	li	a1,0
 1b4:	2e49                	jal	546 <memset>
 1b6:	00000517          	auipc	a0,0x0
 1ba:	2ea50513          	addi	a0,a0,746 # 4a0 <__libc_fini_array>
 1be:	2c6d                	jal	478 <atexit>
 1c0:	261d                	jal	4e6 <__libc_init_array>
 1c2:	4502                	lw	a0,0(sp)
 1c4:	004c                	addi	a1,sp,4
 1c6:	4601                	li	a2,0
 1c8:	2019                	jal	1ce <main>
 1ca:	ac6d                	j	484 <exit>

000001cc <_fini>:
 1cc:	8082                	ret

Disassembly of section .text:

000001ce <main>:
     1ce:	1141                	addi	sp,sp,-16
     1d0:	c606                	sw	ra,12(sp)
     1d2:	4281                	li	t0,0
     1d4:	4301                	li	t1,0
     1d6:	0285                	addi	t0,t0,1
     1d8:	0305                	addi	t1,t1,1
     1da:	b0001ef3          	csrrw	t4,mcycle,zero
     1de:	b0201f73          	csrrw	t5,minstret,zero
     1e2:	02628e33          	mul	t3,t0,t1
     1e6:	43ad                	li	t2,11
     1e8:	fe7347e3          	blt	t1,t2,1d6 <main+0x8>
     1ec:	0000c537          	lui	a0,0xc
     1f0:	8596                	mv	a1,t0
     1f2:	9c050513          	addi	a0,a0,-1600 # b9c0 <__clzsi2+0x3a>
     1f6:	2921                	jal	60e <printf>
     1f8:	40b2                	lw	ra,12(sp)
     1fa:	4501                	li	a0,0
     1fc:	0141                	addi	sp,sp,16
     1fe:	8082                	ret

00000200 <activate_random_stall>:
     200:	7139                	addi	sp,sp,-64
     202:	160007b7          	lui	a5,0x16000
     206:	c03e                	sw	a5,0(sp)
     208:	4705                	li	a4,1
     20a:	878a                	mv	a5,sp
     20c:	4641                	li	a2,16
     20e:	4394                	lw	a3,0(a5)
     210:	0705                	addi	a4,a4,1
     212:	0691                	addi	a3,a3,4
     214:	c3d4                	sw	a3,4(a5)
     216:	0791                	addi	a5,a5,4
     218:	fec71be3          	bne	a4,a2,20e <activate_random_stall+0xe>
     21c:	4712                	lw	a4,4(sp)
     21e:	4785                	li	a5,1
     220:	c31c                	sw	a5,0(a4)
     222:	4702                	lw	a4,0(sp)
     224:	c31c                	sw	a5,0(a4)
     226:	4752                	lw	a4,20(sp)
     228:	47a9                	li	a5,10
     22a:	c31c                	sw	a5,0(a4)
     22c:	4772                	lw	a4,28(sp)
     22e:	00072023          	sw	zero,0(a4)
     232:	5712                	lw	a4,36(sp)
     234:	00072023          	sw	zero,0(a4)
     238:	4742                	lw	a4,16(sp)
     23a:	c31c                	sw	a5,0(a4)
     23c:	47e2                	lw	a5,24(sp)
     23e:	4732                	lw	a4,12(sp)
     240:	0007a023          	sw	zero,0(a5) # 16000000 <_sp+0x15ff0e10>
     244:	5782                	lw	a5,32(sp)
     246:	0007a023          	sw	zero,0(a5)
     24a:	4789                	li	a5,2
     24c:	c31c                	sw	a5,0(a4)
     24e:	4722                	lw	a4,8(sp)
     250:	c31c                	sw	a5,0(a4)
     252:	6121                	addi	sp,sp,64
     254:	8082                	ret

00000256 <unimplemented_syscall>:
     256:	0000c7b7          	lui	a5,0xc
     25a:	9c478793          	addi	a5,a5,-1596 # b9c4 <__clzsi2+0x3e>
     25e:	100006b7          	lui	a3,0x10000
     262:	0007c703          	lbu	a4,0(a5)
     266:	e311                	bnez	a4,26a <unimplemented_syscall+0x14>
     268:	8082                	ret
     26a:	0785                	addi	a5,a5,1
     26c:	c298                	sw	a4,0(a3)
     26e:	bfd5                	j	262 <unimplemented_syscall+0xc>

00000270 <nanosleep>:
     270:	05800713          	li	a4,88
     274:	20e1a223          	sw	a4,516(gp) # d1ec <errno>
     278:	557d                	li	a0,-1
     27a:	8082                	ret

0000027c <_access>:
     27c:	05800713          	li	a4,88
     280:	20e1a223          	sw	a4,516(gp) # d1ec <errno>
     284:	557d                	li	a0,-1
     286:	8082                	ret

00000288 <_chdir>:
     288:	05800713          	li	a4,88
     28c:	20e1a223          	sw	a4,516(gp) # d1ec <errno>
     290:	557d                	li	a0,-1
     292:	8082                	ret

00000294 <_chmod>:
     294:	05800713          	li	a4,88
     298:	20e1a223          	sw	a4,516(gp) # d1ec <errno>
     29c:	557d                	li	a0,-1
     29e:	8082                	ret

000002a0 <_chown>:
     2a0:	05800713          	li	a4,88
     2a4:	20e1a223          	sw	a4,516(gp) # d1ec <errno>
     2a8:	557d                	li	a0,-1
     2aa:	8082                	ret

000002ac <close>:
     2ac:	557d                	li	a0,-1
     2ae:	8082                	ret

000002b0 <_execve>:
     2b0:	4731                	li	a4,12
     2b2:	20e1a223          	sw	a4,516(gp) # d1ec <errno>
     2b6:	557d                	li	a0,-1
     2b8:	8082                	ret

000002ba <_exit>:
     2ba:	200007b7          	lui	a5,0x20000
     2be:	c3c8                	sw	a0,4(a5)
     2c0:	10500073          	wfi
     2c4:	8082                	ret

000002c6 <_faccessat>:
     2c6:	05800713          	li	a4,88
     2ca:	20e1a223          	sw	a4,516(gp) # d1ec <errno>
     2ce:	557d                	li	a0,-1
     2d0:	8082                	ret

000002d2 <_fork>:
     2d2:	472d                	li	a4,11
     2d4:	20e1a223          	sw	a4,516(gp) # d1ec <errno>
     2d8:	557d                	li	a0,-1
     2da:	8082                	ret

000002dc <fstat>:
     2dc:	6789                	lui	a5,0x2
     2de:	c1dc                	sw	a5,4(a1)
     2e0:	4501                	li	a0,0
     2e2:	8082                	ret

000002e4 <_fstatat>:
     2e4:	05800713          	li	a4,88
     2e8:	20e1a223          	sw	a4,516(gp) # d1ec <errno>
     2ec:	557d                	li	a0,-1
     2ee:	8082                	ret

000002f0 <_ftime>:
     2f0:	05800713          	li	a4,88
     2f4:	20e1a223          	sw	a4,516(gp) # d1ec <errno>
     2f8:	557d                	li	a0,-1
     2fa:	8082                	ret

000002fc <_getcwd>:
     2fc:	fa800713          	li	a4,-88
     300:	20e1a223          	sw	a4,516(gp) # d1ec <errno>
     304:	4501                	li	a0,0
     306:	8082                	ret

00000308 <_getpid>:
     308:	4505                	li	a0,1
     30a:	8082                	ret

0000030c <_gettimeofday>:
     30c:	fa800713          	li	a4,-88
     310:	20e1a223          	sw	a4,516(gp) # d1ec <errno>
     314:	557d                	li	a0,-1
     316:	8082                	ret

00000318 <isatty>:
     318:	157d                	addi	a0,a0,-1
     31a:	00153513          	seqz	a0,a0
     31e:	8082                	ret

00000320 <_kill>:
     320:	4759                	li	a4,22
     322:	20e1a223          	sw	a4,516(gp) # d1ec <errno>
     326:	557d                	li	a0,-1
     328:	8082                	ret

0000032a <_link>:
     32a:	477d                	li	a4,31
     32c:	20e1a223          	sw	a4,516(gp) # d1ec <errno>
     330:	557d                	li	a0,-1
     332:	8082                	ret

00000334 <lseek>:
     334:	4501                	li	a0,0
     336:	8082                	ret

00000338 <_lstat>:
     338:	05800713          	li	a4,88
     33c:	20e1a223          	sw	a4,516(gp) # d1ec <errno>
     340:	557d                	li	a0,-1
     342:	8082                	ret

00000344 <_open>:
     344:	557d                	li	a0,-1
     346:	8082                	ret

00000348 <_openat>:
     348:	05800713          	li	a4,88
     34c:	20e1a223          	sw	a4,516(gp) # d1ec <errno>
     350:	557d                	li	a0,-1
     352:	8082                	ret

00000354 <read>:
     354:	4501                	li	a0,0
     356:	8082                	ret

00000358 <_stat>:
     358:	6789                	lui	a5,0x2
     35a:	c1dc                	sw	a5,4(a1)
     35c:	4501                	li	a0,0
     35e:	8082                	ret

00000360 <_sysconf>:
     360:	557d                	li	a0,-1
     362:	8082                	ret

00000364 <_times>:
     364:	557d                	li	a0,-1
     366:	8082                	ret

00000368 <_unlink>:
     368:	4709                	li	a4,2
     36a:	20e1a223          	sw	a4,516(gp) # d1ec <errno>
     36e:	557d                	li	a0,-1
     370:	8082                	ret

00000372 <_utime>:
     372:	05800713          	li	a4,88
     376:	20e1a223          	sw	a4,516(gp) # d1ec <errno>
     37a:	557d                	li	a0,-1
     37c:	8082                	ret

0000037e <_wait>:
     37e:	4729                	li	a4,10
     380:	20e1a223          	sw	a4,516(gp) # d1ec <errno>
     384:	557d                	li	a0,-1
     386:	8082                	ret

00000388 <write>:
     388:	4685                	li	a3,1
     38a:	00c587b3          	add	a5,a1,a2
     38e:	10000737          	lui	a4,0x10000
     392:	00d50c63          	beq	a0,a3,3aa <write+0x22>
     396:	05800713          	li	a4,88
     39a:	20e1a223          	sw	a4,516(gp) # d1ec <errno>
     39e:	557d                	li	a0,-1
     3a0:	8082                	ret
     3a2:	0585                	addi	a1,a1,1
     3a4:	fff5c683          	lbu	a3,-1(a1)
     3a8:	c314                	sw	a3,0(a4)
     3aa:	fef59ce3          	bne	a1,a5,3a2 <write+0x1a>
     3ae:	8532                	mv	a0,a2
     3b0:	8082                	ret

000003b2 <_brk>:
     3b2:	1aa1ac23          	sw	a0,440(gp) # d1a0 <brk>
     3b6:	4501                	li	a0,0
     3b8:	8082                	ret

000003ba <sbrk>:
     3ba:	67b9                	lui	a5,0xe
     3bc:	20818593          	addi	a1,gp,520 # d1f0 <__BSS_END__>
     3c0:	1f078793          	addi	a5,a5,496 # e1f0 <__heap_end>
     3c4:	1b81a603          	lw	a2,440(gp) # d1a0 <brk>
     3c8:	02f58063          	beq	a1,a5,3e8 <sbrk+0x2e>
     3cc:	00a60733          	add	a4,a2,a0
     3d0:	1ae1ac23          	sw	a4,440(gp) # d1a0 <brk>
     3d4:	00f77763          	bgeu	a4,a5,3e2 <sbrk+0x28>
     3d8:	972a                	add	a4,a4,a0
     3da:	1ae1ac23          	sw	a4,440(gp) # d1a0 <brk>
     3de:	8532                	mv	a0,a2
     3e0:	8082                	ret
     3e2:	1af1ac23          	sw	a5,440(gp) # d1a0 <brk>
     3e6:	bfe5                	j	3de <sbrk+0x24>
     3e8:	4601                	li	a2,0
     3ea:	bfd5                	j	3de <sbrk+0x24>

000003ec <__no_irq_handler>:
     3ec:	0000b517          	auipc	a0,0xb
     3f0:	69050513          	addi	a0,a0,1680 # ba7c <no_exception_handler_msg>
     3f4:	2b6000ef          	jal	ra,6aa <puts>
     3f8:	ff5ff06f          	j	3ec <__no_irq_handler>

000003fc <sw_irq_handler>:
     3fc:	342022f3          	csrr	t0,mcause
     400:	00129293          	slli	t0,t0,0x1
     404:	0012d293          	srli	t0,t0,0x1
     408:	00200313          	li	t1,2
     40c:	02628c63          	beq	t0,t1,444 <handle_illegal_insn>
     410:	00b00313          	li	t1,11
     414:	00628863          	beq	t0,t1,424 <handle_ecall>
     418:	00300313          	li	t1,3
     41c:	00628c63          	beq	t0,t1,434 <handle_ebreak>
     420:	0340006f          	j	454 <handle_unknown>

00000424 <handle_ecall>:
     424:	0000b517          	auipc	a0,0xb
     428:	5f250513          	addi	a0,a0,1522 # ba16 <ecall_msg>
     42c:	27e000ef          	jal	ra,6aa <puts>
     430:	0340006f          	j	464 <end_handler>

00000434 <handle_ebreak>:
     434:	0000b517          	auipc	a0,0xb
     438:	60350513          	addi	a0,a0,1539 # ba37 <ebreak_msg>
     43c:	26e000ef          	jal	ra,6aa <puts>
     440:	0240006f          	j	464 <end_handler>

00000444 <handle_illegal_insn>:
     444:	0000b517          	auipc	a0,0xb
     448:	5a350513          	addi	a0,a0,1443 # b9e7 <illegal_insn_msg>
     44c:	25e000ef          	jal	ra,6aa <puts>
     450:	0140006f          	j	464 <end_handler>

00000454 <handle_unknown>:
     454:	0000b517          	auipc	a0,0xb
     458:	60550513          	addi	a0,a0,1541 # ba59 <unknown_msg>
     45c:	24e000ef          	jal	ra,6aa <puts>
     460:	0040006f          	j	464 <end_handler>

00000464 <end_handler>:
     464:	34102573          	csrr	a0,mepc
     468:	00450513          	addi	a0,a0,4
     46c:	34151073          	csrw	mepc,a0
     470:	30200073          	mret

00000474 <verification_irq_handler>:
     474:	30200073          	mret

00000478 <atexit>:
     478:	85aa                	mv	a1,a0
     47a:	4681                	li	a3,0
     47c:	4601                	li	a2,0
     47e:	4501                	li	a0,0
     480:	2d10106f          	j	1f50 <__register_exitproc>

00000484 <exit>:
     484:	1141                	addi	sp,sp,-16
     486:	4581                	li	a1,0
     488:	c422                	sw	s0,8(sp)
     48a:	c606                	sw	ra,12(sp)
     48c:	842a                	mv	s0,a0
     48e:	323010ef          	jal	ra,1fb0 <__call_exitprocs>
     492:	1bc1a503          	lw	a0,444(gp) # d1a4 <_global_impure_ptr>
     496:	5d5c                	lw	a5,60(a0)
     498:	c391                	beqz	a5,49c <exit+0x18>
     49a:	9782                	jalr	a5
     49c:	8522                	mv	a0,s0
     49e:	3d31                	jal	2ba <_exit>

000004a0 <__libc_fini_array>:
     4a0:	1101                	addi	sp,sp,-32
     4a2:	67b1                	lui	a5,0xc
     4a4:	6731                	lui	a4,0xc
     4a6:	cc22                	sw	s0,24(sp)
     4a8:	7e870713          	addi	a4,a4,2024 # c7e8 <impure_data>
     4ac:	7e878413          	addi	s0,a5,2024 # c7e8 <impure_data>
     4b0:	8c19                	sub	s0,s0,a4
     4b2:	ca26                	sw	s1,20(sp)
     4b4:	c84a                	sw	s2,16(sp)
     4b6:	c64e                	sw	s3,12(sp)
     4b8:	ce06                	sw	ra,28(sp)
     4ba:	8409                	srai	s0,s0,0x2
     4bc:	4481                	li	s1,0
     4be:	7e878913          	addi	s2,a5,2024
     4c2:	59f1                	li	s3,-4
     4c4:	00941963          	bne	s0,s1,4d6 <__libc_fini_array+0x36>
     4c8:	4462                	lw	s0,24(sp)
     4ca:	40f2                	lw	ra,28(sp)
     4cc:	44d2                	lw	s1,20(sp)
     4ce:	4942                	lw	s2,16(sp)
     4d0:	49b2                	lw	s3,12(sp)
     4d2:	6105                	addi	sp,sp,32
     4d4:	b9e5                	j	1cc <_fini>
     4d6:	033487b3          	mul	a5,s1,s3
     4da:	97ca                	add	a5,a5,s2
     4dc:	ffc7a783          	lw	a5,-4(a5)
     4e0:	0485                	addi	s1,s1,1
     4e2:	9782                	jalr	a5
     4e4:	b7c5                	j	4c4 <__libc_fini_array+0x24>

000004e6 <__libc_init_array>:
     4e6:	1141                	addi	sp,sp,-16
     4e8:	c422                	sw	s0,8(sp)
     4ea:	c226                	sw	s1,4(sp)
     4ec:	6431                	lui	s0,0xc
     4ee:	64b1                	lui	s1,0xc
     4f0:	7e848793          	addi	a5,s1,2024 # c7e8 <impure_data>
     4f4:	7e840413          	addi	s0,s0,2024 # c7e8 <impure_data>
     4f8:	8c1d                	sub	s0,s0,a5
     4fa:	c04a                	sw	s2,0(sp)
     4fc:	c606                	sw	ra,12(sp)
     4fe:	8409                	srai	s0,s0,0x2
     500:	7e848493          	addi	s1,s1,2024
     504:	4901                	li	s2,0
     506:	02891663          	bne	s2,s0,532 <__libc_init_array+0x4c>
     50a:	64b1                	lui	s1,0xc
     50c:	31c1                	jal	1cc <_fini>
     50e:	6431                	lui	s0,0xc
     510:	7e848793          	addi	a5,s1,2024 # c7e8 <impure_data>
     514:	7e840413          	addi	s0,s0,2024 # c7e8 <impure_data>
     518:	8c1d                	sub	s0,s0,a5
     51a:	8409                	srai	s0,s0,0x2
     51c:	7e848493          	addi	s1,s1,2024
     520:	4901                	li	s2,0
     522:	00891d63          	bne	s2,s0,53c <__libc_init_array+0x56>
     526:	40b2                	lw	ra,12(sp)
     528:	4422                	lw	s0,8(sp)
     52a:	4492                	lw	s1,4(sp)
     52c:	4902                	lw	s2,0(sp)
     52e:	0141                	addi	sp,sp,16
     530:	8082                	ret
     532:	409c                	lw	a5,0(s1)
     534:	0905                	addi	s2,s2,1
     536:	9782                	jalr	a5
     538:	0491                	addi	s1,s1,4
     53a:	b7f1                	j	506 <__libc_init_array+0x20>
     53c:	409c                	lw	a5,0(s1)
     53e:	0905                	addi	s2,s2,1
     540:	9782                	jalr	a5
     542:	0491                	addi	s1,s1,4
     544:	bff9                	j	522 <__libc_init_array+0x3c>

00000546 <memset>:
     546:	483d                	li	a6,15
     548:	872a                	mv	a4,a0
     54a:	02c87363          	bgeu	a6,a2,570 <memset+0x2a>
     54e:	00f77793          	andi	a5,a4,15
     552:	efbd                	bnez	a5,5d0 <memset+0x8a>
     554:	e5ad                	bnez	a1,5be <memset+0x78>
     556:	ff067693          	andi	a3,a2,-16
     55a:	8a3d                	andi	a2,a2,15
     55c:	96ba                	add	a3,a3,a4
     55e:	c30c                	sw	a1,0(a4)
     560:	c34c                	sw	a1,4(a4)
     562:	c70c                	sw	a1,8(a4)
     564:	c74c                	sw	a1,12(a4)
     566:	0741                	addi	a4,a4,16
     568:	fed76be3          	bltu	a4,a3,55e <memset+0x18>
     56c:	e211                	bnez	a2,570 <memset+0x2a>
     56e:	8082                	ret
     570:	40c806b3          	sub	a3,a6,a2
     574:	068a                	slli	a3,a3,0x2
     576:	00000297          	auipc	t0,0x0
     57a:	9696                	add	a3,a3,t0
     57c:	00a68067          	jr	10(a3) # 1000000a <_sp+0xfff0e1a>
     580:	00b70723          	sb	a1,14(a4)
     584:	00b706a3          	sb	a1,13(a4)
     588:	00b70623          	sb	a1,12(a4)
     58c:	00b705a3          	sb	a1,11(a4)
     590:	00b70523          	sb	a1,10(a4)
     594:	00b704a3          	sb	a1,9(a4)
     598:	00b70423          	sb	a1,8(a4)
     59c:	00b703a3          	sb	a1,7(a4)
     5a0:	00b70323          	sb	a1,6(a4)
     5a4:	00b702a3          	sb	a1,5(a4)
     5a8:	00b70223          	sb	a1,4(a4)
     5ac:	00b701a3          	sb	a1,3(a4)
     5b0:	00b70123          	sb	a1,2(a4)
     5b4:	00b700a3          	sb	a1,1(a4)
     5b8:	00b70023          	sb	a1,0(a4)
     5bc:	8082                	ret
     5be:	0ff5f593          	zext.b	a1,a1
     5c2:	00859693          	slli	a3,a1,0x8
     5c6:	8dd5                	or	a1,a1,a3
     5c8:	01059693          	slli	a3,a1,0x10
     5cc:	8dd5                	or	a1,a1,a3
     5ce:	b761                	j	556 <memset+0x10>
     5d0:	00279693          	slli	a3,a5,0x2
     5d4:	00000297          	auipc	t0,0x0
     5d8:	9696                	add	a3,a3,t0
     5da:	8286                	mv	t0,ra
     5dc:	fa8680e7          	jalr	-88(a3)
     5e0:	8096                	mv	ra,t0
     5e2:	17c1                	addi	a5,a5,-16
     5e4:	8f1d                	sub	a4,a4,a5
     5e6:	963e                	add	a2,a2,a5
     5e8:	f8c874e3          	bgeu	a6,a2,570 <memset+0x2a>
     5ec:	b7a5                	j	554 <memset+0xe>

000005ee <_printf_r>:
     5ee:	7139                	addi	sp,sp,-64
     5f0:	d432                	sw	a2,40(sp)
     5f2:	d636                	sw	a3,44(sp)
     5f4:	d83a                	sw	a4,48(sp)
     5f6:	da3e                	sw	a5,52(sp)
     5f8:	dc42                	sw	a6,56(sp)
     5fa:	de46                	sw	a7,60(sp)
     5fc:	862e                	mv	a2,a1
     5fe:	450c                	lw	a1,8(a0)
     600:	1034                	addi	a3,sp,40
     602:	ce06                	sw	ra,28(sp)
     604:	c636                	sw	a3,12(sp)
     606:	2251                	jal	78a <_vfprintf_r>
     608:	40f2                	lw	ra,28(sp)
     60a:	6121                	addi	sp,sp,64
     60c:	8082                	ret

0000060e <printf>:
     60e:	7139                	addi	sp,sp,-64
     610:	da3e                	sw	a5,52(sp)
     612:	1c01a783          	lw	a5,448(gp) # d1a8 <_impure_ptr>
     616:	d432                	sw	a2,40(sp)
     618:	d636                	sw	a3,44(sp)
     61a:	d22e                	sw	a1,36(sp)
     61c:	d83a                	sw	a4,48(sp)
     61e:	dc42                	sw	a6,56(sp)
     620:	de46                	sw	a7,60(sp)
     622:	478c                	lw	a1,8(a5)
     624:	1054                	addi	a3,sp,36
     626:	862a                	mv	a2,a0
     628:	853e                	mv	a0,a5
     62a:	ce06                	sw	ra,28(sp)
     62c:	c636                	sw	a3,12(sp)
     62e:	2ab1                	jal	78a <_vfprintf_r>
     630:	40f2                	lw	ra,28(sp)
     632:	6121                	addi	sp,sp,64
     634:	8082                	ret

00000636 <_puts_r>:
     636:	7139                	addi	sp,sp,-64
     638:	dc22                	sw	s0,56(sp)
     63a:	842a                	mv	s0,a0
     63c:	852e                	mv	a0,a1
     63e:	c62e                	sw	a1,12(sp)
     640:	de06                	sw	ra,60(sp)
     642:	2a1d                	jal	778 <strlen>
     644:	0000c7b7          	lui	a5,0xc
     648:	a9c78793          	addi	a5,a5,-1380 # ba9c <no_exception_handler_msg+0x20>
     64c:	d43e                	sw	a5,40(sp)
     64e:	4785                	li	a5,1
     650:	d63e                	sw	a5,44(sp)
     652:	101c                	addi	a5,sp,32
     654:	45b2                	lw	a1,12(sp)
     656:	ca3e                	sw	a5,20(sp)
     658:	4789                	li	a5,2
     65a:	d22a                	sw	a0,36(sp)
     65c:	cc3e                	sw	a5,24(sp)
     65e:	0505                	addi	a0,a0,1
     660:	5c1c                	lw	a5,56(s0)
     662:	d02e                	sw	a1,32(sp)
     664:	ce2a                	sw	a0,28(sp)
     666:	440c                	lw	a1,8(s0)
     668:	e791                	bnez	a5,674 <_puts_r+0x3e>
     66a:	8522                	mv	a0,s0
     66c:	c62e                	sw	a1,12(sp)
     66e:	45b010ef          	jal	ra,22c8 <__sinit>
     672:	45b2                	lw	a1,12(sp)
     674:	00c59783          	lh	a5,12(a1)
     678:	01279713          	slli	a4,a5,0x12
     67c:	00074b63          	bltz	a4,692 <_puts_r+0x5c>
     680:	6689                	lui	a3,0x2
     682:	8fd5                	or	a5,a5,a3
     684:	51f8                	lw	a4,100(a1)
     686:	00f59623          	sh	a5,12(a1)
     68a:	77f9                	lui	a5,0xffffe
     68c:	17fd                	addi	a5,a5,-1
     68e:	8ff9                	and	a5,a5,a4
     690:	d1fc                	sw	a5,100(a1)
     692:	0850                	addi	a2,sp,20
     694:	8522                	mv	a0,s0
     696:	795010ef          	jal	ra,262a <__sfvwrite_r>
     69a:	57fd                	li	a5,-1
     69c:	e111                	bnez	a0,6a0 <_puts_r+0x6a>
     69e:	47a9                	li	a5,10
     6a0:	50f2                	lw	ra,60(sp)
     6a2:	5462                	lw	s0,56(sp)
     6a4:	853e                	mv	a0,a5
     6a6:	6121                	addi	sp,sp,64
     6a8:	8082                	ret

000006aa <puts>:
     6aa:	85aa                	mv	a1,a0
     6ac:	1c01a503          	lw	a0,448(gp) # d1a8 <_impure_ptr>
     6b0:	b759                	j	636 <_puts_r>

000006b2 <cleanup_glue>:
     6b2:	1141                	addi	sp,sp,-16
     6b4:	c422                	sw	s0,8(sp)
     6b6:	842e                	mv	s0,a1
     6b8:	418c                	lw	a1,0(a1)
     6ba:	c226                	sw	s1,4(sp)
     6bc:	c606                	sw	ra,12(sp)
     6be:	84aa                	mv	s1,a0
     6c0:	c191                	beqz	a1,6c4 <cleanup_glue+0x12>
     6c2:	3fc5                	jal	6b2 <cleanup_glue>
     6c4:	85a2                	mv	a1,s0
     6c6:	4422                	lw	s0,8(sp)
     6c8:	40b2                	lw	ra,12(sp)
     6ca:	8526                	mv	a0,s1
     6cc:	4492                	lw	s1,4(sp)
     6ce:	0141                	addi	sp,sp,16
     6d0:	5bd0106f          	j	248c <_free_r>

000006d4 <_reclaim_reent>:
     6d4:	1c01a783          	lw	a5,448(gp) # d1a8 <_impure_ptr>
     6d8:	08a78f63          	beq	a5,a0,776 <_reclaim_reent+0xa2>
     6dc:	1101                	addi	sp,sp,-32
     6de:	457c                	lw	a5,76(a0)
     6e0:	cc22                	sw	s0,24(sp)
     6e2:	ca26                	sw	s1,20(sp)
     6e4:	c84a                	sw	s2,16(sp)
     6e6:	ce06                	sw	ra,28(sp)
     6e8:	c64e                	sw	s3,12(sp)
     6ea:	842a                	mv	s0,a0
     6ec:	4481                	li	s1,0
     6ee:	08000913          	li	s2,128
     6f2:	eb85                	bnez	a5,722 <_reclaim_reent+0x4e>
     6f4:	402c                	lw	a1,64(s0)
     6f6:	c581                	beqz	a1,6fe <_reclaim_reent+0x2a>
     6f8:	8522                	mv	a0,s0
     6fa:	593010ef          	jal	ra,248c <_free_r>
     6fe:	14842583          	lw	a1,328(s0)
     702:	cd95                	beqz	a1,73e <_reclaim_reent+0x6a>
     704:	14c40493          	addi	s1,s0,332
     708:	02958b63          	beq	a1,s1,73e <_reclaim_reent+0x6a>
     70c:	0005a903          	lw	s2,0(a1)
     710:	8522                	mv	a0,s0
     712:	57b010ef          	jal	ra,248c <_free_r>
     716:	85ca                	mv	a1,s2
     718:	bfc5                	j	708 <_reclaim_reent+0x34>
     71a:	95a6                	add	a1,a1,s1
     71c:	418c                	lw	a1,0(a1)
     71e:	e989                	bnez	a1,730 <_reclaim_reent+0x5c>
     720:	0491                	addi	s1,s1,4
     722:	446c                	lw	a1,76(s0)
     724:	ff249be3          	bne	s1,s2,71a <_reclaim_reent+0x46>
     728:	8522                	mv	a0,s0
     72a:	563010ef          	jal	ra,248c <_free_r>
     72e:	b7d9                	j	6f4 <_reclaim_reent+0x20>
     730:	0005a983          	lw	s3,0(a1)
     734:	8522                	mv	a0,s0
     736:	557010ef          	jal	ra,248c <_free_r>
     73a:	85ce                	mv	a1,s3
     73c:	b7cd                	j	71e <_reclaim_reent+0x4a>
     73e:	486c                	lw	a1,84(s0)
     740:	c581                	beqz	a1,748 <_reclaim_reent+0x74>
     742:	8522                	mv	a0,s0
     744:	549010ef          	jal	ra,248c <_free_r>
     748:	5c1c                	lw	a5,56(s0)
     74a:	cf99                	beqz	a5,768 <_reclaim_reent+0x94>
     74c:	5c5c                	lw	a5,60(s0)
     74e:	8522                	mv	a0,s0
     750:	9782                	jalr	a5
     752:	2e042583          	lw	a1,736(s0)
     756:	c989                	beqz	a1,768 <_reclaim_reent+0x94>
     758:	8522                	mv	a0,s0
     75a:	4462                	lw	s0,24(sp)
     75c:	40f2                	lw	ra,28(sp)
     75e:	44d2                	lw	s1,20(sp)
     760:	4942                	lw	s2,16(sp)
     762:	49b2                	lw	s3,12(sp)
     764:	6105                	addi	sp,sp,32
     766:	b7b1                	j	6b2 <cleanup_glue>
     768:	40f2                	lw	ra,28(sp)
     76a:	4462                	lw	s0,24(sp)
     76c:	44d2                	lw	s1,20(sp)
     76e:	4942                	lw	s2,16(sp)
     770:	49b2                	lw	s3,12(sp)
     772:	6105                	addi	sp,sp,32
     774:	8082                	ret
     776:	8082                	ret

00000778 <strlen>:
     778:	87aa                	mv	a5,a0
     77a:	0785                	addi	a5,a5,1
     77c:	fff7c703          	lbu	a4,-1(a5) # ffffdfff <pulp__FC+0xffffe000>
     780:	ff6d                	bnez	a4,77a <strlen+0x2>
     782:	40a78533          	sub	a0,a5,a0
     786:	157d                	addi	a0,a0,-1
     788:	8082                	ret

0000078a <_vfprintf_r>:
     78a:	7105                	addi	sp,sp,-480
     78c:	1c112e23          	sw	ra,476(sp)
     790:	1c912a23          	sw	s1,468(sp)
     794:	1d212823          	sw	s2,464(sp)
     798:	1d312623          	sw	s3,460(sp)
     79c:	1d512223          	sw	s5,452(sp)
     7a0:	892e                	mv	s2,a1
     7a2:	84b2                	mv	s1,a2
     7a4:	1c812c23          	sw	s0,472(sp)
     7a8:	1d412423          	sw	s4,456(sp)
     7ac:	1d612023          	sw	s6,448(sp)
     7b0:	1b712e23          	sw	s7,444(sp)
     7b4:	1b812c23          	sw	s8,440(sp)
     7b8:	1b912a23          	sw	s9,436(sp)
     7bc:	1ba12823          	sw	s10,432(sp)
     7c0:	1bb12623          	sw	s11,428(sp)
     7c4:	89aa                	mv	s3,a0
     7c6:	8ab6                	mv	s5,a3
     7c8:	08d030ef          	jal	ra,4054 <_localeconv_r>
     7cc:	4108                	lw	a0,0(a0)
     7ce:	c4aa                	sw	a0,72(sp)
     7d0:	3765                	jal	778 <strlen>
     7d2:	dc2a                	sw	a0,56(sp)
     7d4:	4641                	li	a2,16
     7d6:	4581                	li	a1,0
     7d8:	1188                	addi	a0,sp,224
     7da:	33b5                	jal	546 <memset>
     7dc:	00098863          	beqz	s3,7ec <_vfprintf_r+0x62>
     7e0:	0389a783          	lw	a5,56(s3)
     7e4:	e781                	bnez	a5,7ec <_vfprintf_r+0x62>
     7e6:	854e                	mv	a0,s3
     7e8:	2e1010ef          	jal	ra,22c8 <__sinit>
     7ec:	00c91783          	lh	a5,12(s2)
     7f0:	01279593          	slli	a1,a5,0x12
     7f4:	0005cd63          	bltz	a1,80e <_vfprintf_r+0x84>
     7f8:	6689                	lui	a3,0x2
     7fa:	8fd5                	or	a5,a5,a3
     7fc:	06492703          	lw	a4,100(s2)
     800:	00f91623          	sh	a5,12(s2)
     804:	77f9                	lui	a5,0xffffe
     806:	17fd                	addi	a5,a5,-1
     808:	8ff9                	and	a5,a5,a4
     80a:	06f92223          	sw	a5,100(s2)
     80e:	00c95783          	lhu	a5,12(s2)
     812:	8ba1                	andi	a5,a5,8
     814:	c3b5                	beqz	a5,878 <_vfprintf_r+0xee>
     816:	01092783          	lw	a5,16(s2)
     81a:	cfb9                	beqz	a5,878 <_vfprintf_r+0xee>
     81c:	00c95783          	lhu	a5,12(s2)
     820:	4729                	li	a4,10
     822:	8be9                	andi	a5,a5,26
     824:	06e79263          	bne	a5,a4,888 <_vfprintf_r+0xfe>
     828:	00e91783          	lh	a5,14(s2)
     82c:	0407ce63          	bltz	a5,888 <_vfprintf_r+0xfe>
     830:	86d6                	mv	a3,s5
     832:	8626                	mv	a2,s1
     834:	85ca                	mv	a1,s2
     836:	854e                	mv	a0,s3
     838:	5b8010ef          	jal	ra,1df0 <__sbprintf>
     83c:	de2a                	sw	a0,60(sp)
     83e:	1dc12083          	lw	ra,476(sp)
     842:	1d812403          	lw	s0,472(sp)
     846:	5572                	lw	a0,60(sp)
     848:	1d412483          	lw	s1,468(sp)
     84c:	1d012903          	lw	s2,464(sp)
     850:	1cc12983          	lw	s3,460(sp)
     854:	1c812a03          	lw	s4,456(sp)
     858:	1c412a83          	lw	s5,452(sp)
     85c:	1c012b03          	lw	s6,448(sp)
     860:	1bc12b83          	lw	s7,444(sp)
     864:	1b812c03          	lw	s8,440(sp)
     868:	1b412c83          	lw	s9,436(sp)
     86c:	1b012d03          	lw	s10,432(sp)
     870:	1ac12d83          	lw	s11,428(sp)
     874:	613d                	addi	sp,sp,480
     876:	8082                	ret
     878:	85ca                	mv	a1,s2
     87a:	854e                	mv	a0,s3
     87c:	5fe010ef          	jal	ra,1e7a <__swsetup_r>
     880:	dd51                	beqz	a0,81c <_vfprintf_r+0x92>
     882:	55fd                	li	a1,-1
     884:	de2e                	sw	a1,60(sp)
     886:	bf65                	j	83e <_vfprintf_r+0xb4>
     888:	0fc10893          	addi	a7,sp,252
     88c:	cbc6                	sw	a7,212(sp)
     88e:	cf82                	sw	zero,220(sp)
     890:	cd82                	sw	zero,216(sp)
     892:	4a01                	li	s4,0
     894:	cc82                	sw	zero,88(sp)
     896:	ca82                	sw	zero,84(sp)
     898:	d402                	sw	zero,40(sp)
     89a:	c282                	sw	zero,68(sp)
     89c:	c882                	sw	zero,80(sp)
     89e:	de02                	sw	zero,60(sp)
     8a0:	8426                	mv	s0,s1
     8a2:	02500713          	li	a4,37
     8a6:	00044783          	lbu	a5,0(s0)
     8aa:	c399                	beqz	a5,8b0 <_vfprintf_r+0x126>
     8ac:	08e79263          	bne	a5,a4,930 <_vfprintf_r+0x1a6>
     8b0:	40940b33          	sub	s6,s0,s1
     8b4:	020b0c63          	beqz	s6,8ec <_vfprintf_r+0x162>
     8b8:	47fe                	lw	a5,220(sp)
     8ba:	0098a023          	sw	s1,0(a7)
     8be:	97da                	add	a5,a5,s6
     8c0:	cfbe                	sw	a5,220(sp)
     8c2:	47ee                	lw	a5,216(sp)
     8c4:	0168a223          	sw	s6,4(a7)
     8c8:	0785                	addi	a5,a5,1
     8ca:	cdbe                	sw	a5,216(sp)
     8cc:	471d                	li	a4,7
     8ce:	08a1                	addi	a7,a7,8
     8d0:	00f75b63          	bge	a4,a5,8e6 <_vfprintf_r+0x15c>
     8d4:	09d0                	addi	a2,sp,212
     8d6:	85ca                	mv	a1,s2
     8d8:	854e                	mv	a0,s3
     8da:	55e060ef          	jal	ra,6e38 <__sprint_r>
     8de:	38051963          	bnez	a0,c70 <_vfprintf_r+0x4e6>
     8e2:	0fc10893          	addi	a7,sp,252
     8e6:	5672                	lw	a2,60(sp)
     8e8:	965a                	add	a2,a2,s6
     8ea:	de32                	sw	a2,60(sp)
     8ec:	00044783          	lbu	a5,0(s0)
     8f0:	e399                	bnez	a5,8f6 <_vfprintf_r+0x16c>
     8f2:	4da0106f          	j	1dcc <__heap_size+0xdcc>
     8f6:	0405                	addi	s0,s0,1
     8f8:	d822                	sw	s0,48(sp)
     8fa:	0a010ba3          	sb	zero,183(sp)
     8fe:	5b7d                	li	s6,-1
     900:	c082                	sw	zero,64(sp)
     902:	4401                	li	s0,0
     904:	4c29                	li	s8,10
     906:	02a00b93          	li	s7,42
     90a:	05a00613          	li	a2,90
     90e:	4725                	li	a4,9
     910:	56c2                	lw	a3,48(sp)
     912:	0006cd03          	lbu	s10,0(a3) # 2000 <__call_exitprocs+0x50>
     916:	0685                	addi	a3,a3,1
     918:	d836                	sw	a3,48(sp)
     91a:	fe0d0793          	addi	a5,s10,-32
     91e:	52f664e3          	bltu	a2,a5,1646 <__heap_size+0x646>
     922:	65b1                	lui	a1,0xc
     924:	078a                	slli	a5,a5,0x2
     926:	aa058593          	addi	a1,a1,-1376 # baa0 <no_exception_handler_msg+0x24>
     92a:	97ae                	add	a5,a5,a1
     92c:	439c                	lw	a5,0(a5)
     92e:	8782                	jr	a5
     930:	0405                	addi	s0,s0,1
     932:	bf95                	j	8a6 <_vfprintf_r+0x11c>
     934:	0000c7b7          	lui	a5,0xc
     938:	c8478793          	addi	a5,a5,-892 # bc84 <zeroes.4384+0x68>
     93c:	ccbe                	sw	a5,88(sp)
     93e:	02047793          	andi	a5,s0,32
     942:	3a0786e3          	beqz	a5,14ee <__heap_size+0x4ee>
     946:	0a9d                	addi	s5,s5,7
     948:	ff8afa93          	andi	s5,s5,-8
     94c:	008a8793          	addi	a5,s5,8
     950:	000aac83          	lw	s9,0(s5)
     954:	004aac03          	lw	s8,4(s5)
     958:	d63e                	sw	a5,44(sp)
     95a:	00147793          	andi	a5,s0,1
     95e:	cf89                	beqz	a5,978 <_vfprintf_r+0x1ee>
     960:	018ce7b3          	or	a5,s9,s8
     964:	cb91                	beqz	a5,978 <_vfprintf_r+0x1ee>
     966:	03000793          	li	a5,48
     96a:	0af10c23          	sb	a5,184(sp)
     96e:	87ea                	mv	a5,s10
     970:	0af10ca3          	sb	a5,185(sp)
     974:	00246413          	ori	s0,s0,2
     978:	bff47413          	andi	s0,s0,-1025
     97c:	4789                	li	a5,2
     97e:	0970006f          	j	1214 <__heap_size+0x214>
     982:	854e                	mv	a0,s3
     984:	c246                	sw	a7,4(sp)
     986:	6ce030ef          	jal	ra,4054 <_localeconv_r>
     98a:	4148                	lw	a0,4(a0)
     98c:	c8aa                	sw	a0,80(sp)
     98e:	33ed                	jal	778 <strlen>
     990:	c2aa                	sw	a0,68(sp)
     992:	854e                	mv	a0,s3
     994:	6c0030ef          	jal	ra,4054 <_localeconv_r>
     998:	4508                	lw	a0,8(a0)
     99a:	4616                	lw	a2,68(sp)
     99c:	d42a                	sw	a0,40(sp)
     99e:	4892                	lw	a7,4(sp)
     9a0:	d62d                	beqz	a2,90a <_vfprintf_r+0x180>
     9a2:	d525                	beqz	a0,90a <_vfprintf_r+0x180>
     9a4:	00054783          	lbu	a5,0(a0)
     9a8:	d3ad                	beqz	a5,90a <_vfprintf_r+0x180>
     9aa:	40046413          	ori	s0,s0,1024
     9ae:	bfb1                	j	90a <_vfprintf_r+0x180>
     9b0:	0b714783          	lbu	a5,183(sp)
     9b4:	fbb9                	bnez	a5,90a <_vfprintf_r+0x180>
     9b6:	02000793          	li	a5,32
     9ba:	0af10ba3          	sb	a5,183(sp)
     9be:	b7b1                	j	90a <_vfprintf_r+0x180>
     9c0:	00146413          	ori	s0,s0,1
     9c4:	b799                	j	90a <_vfprintf_r+0x180>
     9c6:	000aa683          	lw	a3,0(s5)
     9ca:	0a91                	addi	s5,s5,4
     9cc:	c0b6                	sw	a3,64(sp)
     9ce:	f206dee3          	bgez	a3,90a <_vfprintf_r+0x180>
     9d2:	40d006b3          	neg	a3,a3
     9d6:	c0b6                	sw	a3,64(sp)
     9d8:	00446413          	ori	s0,s0,4
     9dc:	b73d                	j	90a <_vfprintf_r+0x180>
     9de:	02b00793          	li	a5,43
     9e2:	bfe1                	j	9ba <_vfprintf_r+0x230>
     9e4:	55c2                	lw	a1,48(sp)
     9e6:	0005cd03          	lbu	s10,0(a1)
     9ea:	00158793          	addi	a5,a1,1
     9ee:	037d1963          	bne	s10,s7,a20 <_vfprintf_r+0x296>
     9f2:	000aab03          	lw	s6,0(s5)
     9f6:	004a8713          	addi	a4,s5,4
     9fa:	000b5363          	bgez	s6,a00 <_vfprintf_r+0x276>
     9fe:	5b7d                	li	s6,-1
     a00:	8aba                	mv	s5,a4
     a02:	d83e                	sw	a5,48(sp)
     a04:	b719                	j	90a <_vfprintf_r+0x180>
     a06:	0785                	addi	a5,a5,1
     a08:	038b0333          	mul	t1,s6,s8
     a0c:	fff7cd03          	lbu	s10,-1(a5)
     a10:	00d30b33          	add	s6,t1,a3
     a14:	fd0d0693          	addi	a3,s10,-48
     a18:	fed777e3          	bgeu	a4,a3,a06 <_vfprintf_r+0x27c>
     a1c:	d83e                	sw	a5,48(sp)
     a1e:	bdf5                	j	91a <_vfprintf_r+0x190>
     a20:	4b01                	li	s6,0
     a22:	bfcd                	j	a14 <_vfprintf_r+0x28a>
     a24:	08046413          	ori	s0,s0,128
     a28:	b5cd                	j	90a <_vfprintf_r+0x180>
     a2a:	57c2                	lw	a5,48(sp)
     a2c:	c082                	sw	zero,64(sp)
     a2e:	4586                	lw	a1,64(sp)
     a30:	fd0d0d13          	addi	s10,s10,-48
     a34:	038586b3          	mul	a3,a1,s8
     a38:	9d36                	add	s10,s10,a3
     a3a:	0785                	addi	a5,a5,1
     a3c:	c0ea                	sw	s10,64(sp)
     a3e:	fff7cd03          	lbu	s10,-1(a5)
     a42:	fd0d0693          	addi	a3,s10,-48
     a46:	fed774e3          	bgeu	a4,a3,a2e <_vfprintf_r+0x2a4>
     a4a:	bfc9                	j	a1c <_vfprintf_r+0x292>
     a4c:	00846413          	ori	s0,s0,8
     a50:	bd6d                	j	90a <_vfprintf_r+0x180>
     a52:	5642                	lw	a2,48(sp)
     a54:	06800793          	li	a5,104
     a58:	00064703          	lbu	a4,0(a2)
     a5c:	00f71763          	bne	a4,a5,a6a <_vfprintf_r+0x2e0>
     a60:	0605                	addi	a2,a2,1
     a62:	d832                	sw	a2,48(sp)
     a64:	20046413          	ori	s0,s0,512
     a68:	b54d                	j	90a <_vfprintf_r+0x180>
     a6a:	04046413          	ori	s0,s0,64
     a6e:	bd71                	j	90a <_vfprintf_r+0x180>
     a70:	56c2                	lw	a3,48(sp)
     a72:	06c00793          	li	a5,108
     a76:	0006c703          	lbu	a4,0(a3)
     a7a:	00f71763          	bne	a4,a5,a88 <_vfprintf_r+0x2fe>
     a7e:	0685                	addi	a3,a3,1
     a80:	d836                	sw	a3,48(sp)
     a82:	02046413          	ori	s0,s0,32
     a86:	b551                	j	90a <_vfprintf_r+0x180>
     a88:	01046413          	ori	s0,s0,16
     a8c:	bdbd                	j	90a <_vfprintf_r+0x180>
     a8e:	000aa783          	lw	a5,0(s5)
     a92:	004a8713          	addi	a4,s5,4
     a96:	d63a                	sw	a4,44(sp)
     a98:	12f10e23          	sb	a5,316(sp)
     a9c:	0a010ba3          	sb	zero,183(sp)
     aa0:	d202                	sw	zero,36(sp)
     aa2:	4b05                	li	s6,1
     aa4:	4a81                	li	s5,0
     aa6:	4c01                	li	s8,0
     aa8:	4b81                	li	s7,0
     aaa:	4c81                	li	s9,0
     aac:	1a64                	addi	s1,sp,316
     aae:	0290006f          	j	12d6 <__heap_size+0x2d6>
     ab2:	01046413          	ori	s0,s0,16
     ab6:	02047793          	andi	a5,s0,32
     aba:	cba9                	beqz	a5,b0c <_vfprintf_r+0x382>
     abc:	0a9d                	addi	s5,s5,7
     abe:	ff8afa93          	andi	s5,s5,-8
     ac2:	008a8793          	addi	a5,s5,8
     ac6:	000aac83          	lw	s9,0(s5)
     aca:	004aac03          	lw	s8,4(s5)
     ace:	d63e                	sw	a5,44(sp)
     ad0:	000c5e63          	bgez	s8,aec <_vfprintf_r+0x362>
     ad4:	41900cb3          	neg	s9,s9
     ad8:	019037b3          	snez	a5,s9
     adc:	41800c33          	neg	s8,s8
     ae0:	40fc0c33          	sub	s8,s8,a5
     ae4:	02d00793          	li	a5,45
     ae8:	0af10ba3          	sb	a5,183(sp)
     aec:	57fd                	li	a5,-1
     aee:	22fb17e3          	bne	s6,a5,151c <__heap_size+0x51c>
     af2:	280c18e3          	bnez	s8,1582 <__heap_size+0x582>
     af6:	47a5                	li	a5,9
     af8:	2997e5e3          	bltu	a5,s9,1582 <__heap_size+0x582>
     afc:	030c8c93          	addi	s9,s9,48
     b00:	19910fa3          	sb	s9,415(sp)
     b04:	19f10493          	addi	s1,sp,415
     b08:	2650006f          	j	156c <__heap_size+0x56c>
     b0c:	004a8593          	addi	a1,s5,4
     b10:	d62e                	sw	a1,44(sp)
     b12:	01047793          	andi	a5,s0,16
     b16:	c791                	beqz	a5,b22 <_vfprintf_r+0x398>
     b18:	000aac83          	lw	s9,0(s5)
     b1c:	41fcdc13          	srai	s8,s9,0x1f
     b20:	bf45                	j	ad0 <_vfprintf_r+0x346>
     b22:	04047793          	andi	a5,s0,64
     b26:	000aac83          	lw	s9,0(s5)
     b2a:	c789                	beqz	a5,b34 <_vfprintf_r+0x3aa>
     b2c:	0cc2                	slli	s9,s9,0x10
     b2e:	410cdc93          	srai	s9,s9,0x10
     b32:	b7ed                	j	b1c <_vfprintf_r+0x392>
     b34:	20047793          	andi	a5,s0,512
     b38:	d3f5                	beqz	a5,b1c <_vfprintf_r+0x392>
     b3a:	0ce2                	slli	s9,s9,0x18
     b3c:	418cdc93          	srai	s9,s9,0x18
     b40:	bff1                	j	b1c <_vfprintf_r+0x392>
     b42:	00847793          	andi	a5,s0,8
     b46:	cfad                	beqz	a5,bc0 <_vfprintf_r+0x436>
     b48:	000aa783          	lw	a5,0(s5)
     b4c:	004a8613          	addi	a2,s5,4
     b50:	43d4                	lw	a3,4(a5)
     b52:	4798                	lw	a4,8(a5)
     b54:	d632                	sw	a2,44(sp)
     b56:	4390                	lw	a2,0(a5)
     b58:	47dc                	lw	a5,12(a5)
     b5a:	d1b2                	sw	a2,224(sp)
     b5c:	d3b6                	sw	a3,228(sp)
     b5e:	d5ba                	sw	a4,232(sp)
     b60:	d7be                	sw	a5,236(sp)
     b62:	1188                	addi	a0,sp,224
     b64:	c246                	sw	a7,4(sp)
     b66:	4aa030ef          	jal	ra,4010 <_ldcheck>
     b6a:	df2a                	sw	a0,188(sp)
     b6c:	4789                	li	a5,2
     b6e:	4892                	lw	a7,4(sp)
     b70:	08f51563          	bne	a0,a5,bfa <_vfprintf_r+0x470>
     b74:	578e                	lw	a5,224(sp)
     b76:	090c                	addi	a1,sp,144
     b78:	d13e                	sw	a5,160(sp)
     b7a:	579e                	lw	a5,228(sp)
     b7c:	1108                	addi	a0,sp,160
     b7e:	d33e                	sw	a5,164(sp)
     b80:	57ae                	lw	a5,232(sp)
     b82:	c902                	sw	zero,144(sp)
     b84:	d53e                	sw	a5,168(sp)
     b86:	57be                	lw	a5,236(sp)
     b88:	cb02                	sw	zero,148(sp)
     b8a:	d73e                	sw	a5,172(sp)
     b8c:	cd02                	sw	zero,152(sp)
     b8e:	cf02                	sw	zero,156(sp)
     b90:	4df080ef          	jal	ra,986e <__letf2>
     b94:	4892                	lw	a7,4(sp)
     b96:	00055663          	bgez	a0,ba2 <_vfprintf_r+0x418>
     b9a:	02d00793          	li	a5,45
     b9e:	0af10ba3          	sb	a5,183(sp)
     ba2:	04700793          	li	a5,71
     ba6:	05a7c563          	blt	a5,s10,bf0 <_vfprintf_r+0x466>
     baa:	0000c4b7          	lui	s1,0xc
     bae:	c6048493          	addi	s1,s1,-928 # bc60 <zeroes.4384+0x44>
     bb2:	f7f47413          	andi	s0,s0,-129
     bb6:	d202                	sw	zero,36(sp)
     bb8:	4b0d                	li	s6,3
     bba:	4a81                	li	s5,0
     bbc:	1bb0006f          	j	1576 <__heap_size+0x576>
     bc0:	0a9d                	addi	s5,s5,7
     bc2:	ff8afa93          	andi	s5,s5,-8
     bc6:	000aa583          	lw	a1,0(s5)
     bca:	004aa603          	lw	a2,4(s5)
     bce:	008a8693          	addi	a3,s5,8
     bd2:	1108                	addi	a0,sp,160
     bd4:	c246                	sw	a7,4(sp)
     bd6:	d636                	sw	a3,44(sp)
     bd8:	1f90a0ef          	jal	ra,b5d0 <__extenddftf2>
     bdc:	578a                	lw	a5,160(sp)
     bde:	4892                	lw	a7,4(sp)
     be0:	d1be                	sw	a5,224(sp)
     be2:	579a                	lw	a5,164(sp)
     be4:	d3be                	sw	a5,228(sp)
     be6:	57aa                	lw	a5,168(sp)
     be8:	d5be                	sw	a5,232(sp)
     bea:	57ba                	lw	a5,172(sp)
     bec:	d7be                	sw	a5,236(sp)
     bee:	bf95                	j	b62 <_vfprintf_r+0x3d8>
     bf0:	0000c4b7          	lui	s1,0xc
     bf4:	c6448493          	addi	s1,s1,-924 # bc64 <zeroes.4384+0x48>
     bf8:	bf6d                	j	bb2 <_vfprintf_r+0x428>
     bfa:	4785                	li	a5,1
     bfc:	02f51063          	bne	a0,a5,c1c <_vfprintf_r+0x492>
     c00:	04700793          	li	a5,71
     c04:	01a7c763          	blt	a5,s10,c12 <_vfprintf_r+0x488>
     c08:	0000c4b7          	lui	s1,0xc
     c0c:	c6848493          	addi	s1,s1,-920 # bc68 <zeroes.4384+0x4c>
     c10:	b74d                	j	bb2 <_vfprintf_r+0x428>
     c12:	0000c4b7          	lui	s1,0xc
     c16:	c6c48493          	addi	s1,s1,-916 # bc6c <zeroes.4384+0x50>
     c1a:	bf61                	j	bb2 <_vfprintf_r+0x428>
     c1c:	fdfd7b93          	andi	s7,s10,-33
     c20:	04100793          	li	a5,65
     c24:	04fb9d63          	bne	s7,a5,c7e <_vfprintf_r+0x4f4>
     c28:	03000793          	li	a5,48
     c2c:	0af10c23          	sb	a5,184(sp)
     c30:	06100713          	li	a4,97
     c34:	05800793          	li	a5,88
     c38:	00ed1463          	bne	s10,a4,c40 <_vfprintf_r+0x4b6>
     c3c:	07800793          	li	a5,120
     c40:	0af10ca3          	sb	a5,185(sp)
     c44:	06300793          	li	a5,99
     c48:	00246413          	ori	s0,s0,2
     c4c:	3567d963          	bge	a5,s6,f9e <_vfprintf_r+0x814>
     c50:	001b0593          	addi	a1,s6,1
     c54:	854e                	mv	a0,s3
     c56:	c246                	sw	a7,4(sp)
     c58:	5a6030ef          	jal	ra,41fe <_malloc_r>
     c5c:	84aa                	mv	s1,a0
     c5e:	4892                	lw	a7,4(sp)
     c60:	34051263          	bnez	a0,fa4 <_vfprintf_r+0x81a>
     c64:	00c95783          	lhu	a5,12(s2)
     c68:	0407e793          	ori	a5,a5,64
     c6c:	00f91623          	sh	a5,12(s2)
     c70:	00c95783          	lhu	a5,12(s2)
     c74:	0407f793          	andi	a5,a5,64
     c78:	bc0783e3          	beqz	a5,83e <_vfprintf_r+0xb4>
     c7c:	b119                	j	882 <_vfprintf_r+0xf8>
     c7e:	57fd                	li	a5,-1
     c80:	32fb0463          	beq	s6,a5,fa8 <_vfprintf_r+0x81e>
     c84:	04700793          	li	a5,71
     c88:	d202                	sw	zero,36(sp)
     c8a:	00fb9463          	bne	s7,a5,c92 <_vfprintf_r+0x508>
     c8e:	320b0063          	beqz	s6,fae <_vfprintf_r+0x824>
     c92:	10046713          	ori	a4,s0,256
     c96:	5a3e                	lw	s4,236(sp)
     c98:	da3a                	sw	a4,52(sp)
     c9a:	c682                	sw	zero,76(sp)
     c9c:	5e0e                	lw	t3,224(sp)
     c9e:	5d9e                	lw	s11,228(sp)
     ca0:	5cae                	lw	s9,232(sp)
     ca2:	000a5963          	bgez	s4,cb4 <_vfprintf_r+0x52a>
     ca6:	800007b7          	lui	a5,0x80000
     caa:	0147ca33          	xor	s4,a5,s4
     cae:	02d00793          	li	a5,45
     cb2:	c6be                	sw	a5,76(sp)
     cb4:	04100793          	li	a5,65
     cb8:	32fb9863          	bne	s7,a5,fe8 <_vfprintf_r+0x85e>
     cbc:	1108                	addi	a0,sp,160
     cbe:	c246                	sw	a7,4(sp)
     cc0:	d172                	sw	t3,160(sp)
     cc2:	d36e                	sw	s11,164(sp)
     cc4:	d566                	sw	s9,168(sp)
     cc6:	d752                	sw	s4,172(sp)
     cc8:	2730a0ef          	jal	ra,b73a <__trunctfdf2>
     ccc:	1970                	addi	a2,sp,188
     cce:	027040ef          	jal	ra,54f4 <frexp>
     cd2:	862e                	mv	a2,a1
     cd4:	85aa                	mv	a1,a0
     cd6:	1108                	addi	a0,sp,160
     cd8:	0f90a0ef          	jal	ra,b5d0 <__extenddftf2>
     cdc:	558a                	lw	a1,160(sp)
     cde:	0000c7b7          	lui	a5,0xc
     ce2:	c12e                	sw	a1,128(sp)
     ce4:	559a                	lw	a1,164(sp)
     ce6:	c3078793          	addi	a5,a5,-976 # bc30 <zeroes.4384+0x14>
     cea:	c32e                	sw	a1,132(sp)
     cec:	55aa                	lw	a1,168(sp)
     cee:	4390                	lw	a2,0(a5)
     cf0:	c52e                	sw	a1,136(sp)
     cf2:	55ba                	lw	a1,172(sp)
     cf4:	43d4                	lw	a3,4(a5)
     cf6:	4798                	lw	a4,8(a5)
     cf8:	47dc                	lw	a5,12(a5)
     cfa:	c72e                	sw	a1,140(sp)
     cfc:	d8b2                	sw	a2,112(sp)
     cfe:	010c                	addi	a1,sp,128
     d00:	1890                	addi	a2,sp,112
     d02:	0908                	addi	a0,sp,144
     d04:	dab6                	sw	a3,116(sp)
     d06:	dcba                	sw	a4,120(sp)
     d08:	debe                	sw	a5,124(sp)
     d0a:	477080ef          	jal	ra,9980 <__multf3>
     d0e:	43ca                	lw	t2,144(sp)
     d10:	485a                	lw	a6,148(sp)
     d12:	4dea                	lw	s11,152(sp)
     d14:	4cfa                	lw	s9,156(sp)
     d16:	090c                	addi	a1,sp,144
     d18:	1108                	addi	a0,sp,160
     d1a:	d11e                	sw	t2,160(sp)
     d1c:	d342                	sw	a6,164(sp)
     d1e:	d01e                	sw	t2,32(sp)
     d20:	ca42                	sw	a6,20(sp)
     d22:	d56e                	sw	s11,168(sp)
     d24:	d766                	sw	s9,172(sp)
     d26:	c902                	sw	zero,144(sp)
     d28:	cb02                	sw	zero,148(sp)
     d2a:	cd02                	sw	zero,152(sp)
     d2c:	cf02                	sw	zero,156(sp)
     d2e:	189080ef          	jal	ra,96b6 <__eqtf2>
     d32:	5382                	lw	t2,32(sp)
     d34:	4852                	lw	a6,20(sp)
     d36:	4892                	lw	a7,4(sp)
     d38:	e119                	bnez	a0,d3e <_vfprintf_r+0x5b4>
     d3a:	4785                	li	a5,1
     d3c:	df3e                	sw	a5,188(sp)
     d3e:	06100793          	li	a5,97
     d42:	26fd1963          	bne	s10,a5,fb4 <_vfprintf_r+0x82a>
     d46:	0000ca37          	lui	s4,0xc
     d4a:	c70a0a13          	addi	s4,s4,-912 # bc70 <zeroes.4384+0x54>
     d4e:	0000c737          	lui	a4,0xc
     d52:	c4070713          	addi	a4,a4,-960 # bc40 <zeroes.4384+0x24>
     d56:	4314                	lw	a3,0(a4)
     d58:	435c                	lw	a5,4(a4)
     d5a:	d0b6                	sw	a3,96(sp)
     d5c:	4714                	lw	a3,8(a4)
     d5e:	4758                	lw	a4,12(a4)
     d60:	fffb0e13          	addi	t3,s6,-1
     d64:	8c26                	mv	s8,s1
     d66:	d2be                	sw	a5,100(sp)
     d68:	d4b6                	sw	a3,104(sp)
     d6a:	d6ba                	sw	a4,108(sp)
     d6c:	5706                	lw	a4,96(sp)
     d6e:	5796                	lw	a5,100(sp)
     d70:	56a6                	lw	a3,104(sp)
     d72:	c13a                	sw	a4,128(sp)
     d74:	5736                	lw	a4,108(sp)
     d76:	090c                	addi	a1,sp,144
     d78:	0110                	addi	a2,sp,128
     d7a:	1108                	addi	a0,sp,160
     d7c:	c246                	sw	a7,4(sp)
     d7e:	c472                	sw	t3,8(sp)
     d80:	c91e                	sw	t2,144(sp)
     d82:	cb42                	sw	a6,148(sp)
     d84:	c33e                	sw	a5,132(sp)
     d86:	c73a                	sw	a4,140(sp)
     d88:	cd6e                	sw	s11,152(sp)
     d8a:	cf66                	sw	s9,156(sp)
     d8c:	c536                	sw	a3,136(sp)
     d8e:	3f3080ef          	jal	ra,9980 <__multf3>
     d92:	560a                	lw	a2,160(sp)
     d94:	569a                	lw	a3,164(sp)
     d96:	1108                	addi	a0,sp,160
     d98:	d032                	sw	a2,32(sp)
     d9a:	ca36                	sw	a3,20(sp)
     d9c:	6500a0ef          	jal	ra,b3ec <__fixtfsi>
     da0:	85aa                	mv	a1,a0
     da2:	8aaa                	mv	s5,a0
     da4:	1108                	addi	a0,sp,160
     da6:	5daa                	lw	s11,168(sp)
     da8:	5cba                	lw	s9,172(sp)
     daa:	7380a0ef          	jal	ra,b4e2 <__floatsitf>
     dae:	570a                	lw	a4,160(sp)
     db0:	5602                	lw	a2,32(sp)
     db2:	d8ba                	sw	a4,112(sp)
     db4:	571a                	lw	a4,164(sp)
     db6:	46d2                	lw	a3,20(sp)
     db8:	daba                	sw	a4,116(sp)
     dba:	572a                	lw	a4,168(sp)
     dbc:	c132                	sw	a2,128(sp)
     dbe:	dcba                	sw	a4,120(sp)
     dc0:	573a                	lw	a4,172(sp)
     dc2:	1890                	addi	a2,sp,112
     dc4:	010c                	addi	a1,sp,128
     dc6:	0908                	addi	a0,sp,144
     dc8:	c56e                	sw	s11,136(sp)
     dca:	c766                	sw	s9,140(sp)
     dcc:	deba                	sw	a4,124(sp)
     dce:	c336                	sw	a3,132(sp)
     dd0:	784090ef          	jal	ra,a554 <__subtf3>
     dd4:	015a0733          	add	a4,s4,s5
     dd8:	00074703          	lbu	a4,0(a4)
     ddc:	0c05                	addi	s8,s8,1
     dde:	4f6a                	lw	t5,152(sp)
     de0:	4efa                	lw	t4,156(sp)
     de2:	42ca                	lw	t0,144(sp)
     de4:	4fda                	lw	t6,148(sp)
     de6:	feec0fa3          	sb	a4,-1(s8)
     dea:	4e22                	lw	t3,8(sp)
     dec:	577d                	li	a4,-1
     dee:	cef2                	sw	t3,92(sp)
     df0:	8dfa                	mv	s11,t5
     df2:	8cf6                	mv	s9,t4
     df4:	4892                	lw	a7,4(sp)
     df6:	02ee0f63          	beq	t3,a4,e34 <_vfprintf_r+0x6aa>
     dfa:	1e7d                	addi	t3,t3,-1
     dfc:	090c                	addi	a1,sp,144
     dfe:	1108                	addi	a0,sp,160
     e00:	d116                	sw	t0,160(sp)
     e02:	d37e                	sw	t6,164(sp)
     e04:	d57a                	sw	t5,168(sp)
     e06:	d776                	sw	t4,172(sp)
     e08:	ce16                	sw	t0,28(sp)
     e0a:	d016                	sw	t0,32(sp)
     e0c:	ca7e                	sw	t6,20(sp)
     e0e:	c472                	sw	t3,8(sp)
     e10:	c676                	sw	t4,12(sp)
     e12:	c87a                	sw	t5,16(sp)
     e14:	cc7e                	sw	t6,24(sp)
     e16:	c902                	sw	zero,144(sp)
     e18:	cb02                	sw	zero,148(sp)
     e1a:	cd02                	sw	zero,152(sp)
     e1c:	cf02                	sw	zero,156(sp)
     e1e:	099080ef          	jal	ra,96b6 <__eqtf2>
     e22:	42f2                	lw	t0,28(sp)
     e24:	5382                	lw	t2,32(sp)
     e26:	4852                	lw	a6,20(sp)
     e28:	4892                	lw	a7,4(sp)
     e2a:	4e22                	lw	t3,8(sp)
     e2c:	4eb2                	lw	t4,12(sp)
     e2e:	4f42                	lw	t5,16(sp)
     e30:	4fe2                	lw	t6,24(sp)
     e32:	fd0d                	bnez	a0,d6c <_vfprintf_r+0x5e2>
     e34:	0000c737          	lui	a4,0xc
     e38:	c5070713          	addi	a4,a4,-944 # bc50 <zeroes.4384+0x34>
     e3c:	4310                	lw	a2,0(a4)
     e3e:	4354                	lw	a3,4(a4)
     e40:	00872d83          	lw	s11,8(a4)
     e44:	00c72c83          	lw	s9,12(a4)
     e48:	090c                	addi	a1,sp,144
     e4a:	1108                	addi	a0,sp,160
     e4c:	d116                	sw	t0,160(sp)
     e4e:	d37e                	sw	t6,164(sp)
     e50:	d57a                	sw	t5,168(sp)
     e52:	d776                	sw	t4,172(sp)
     e54:	c932                	sw	a2,144(sp)
     e56:	cb36                	sw	a3,148(sp)
     e58:	ce16                	sw	t0,28(sp)
     e5a:	d032                	sw	a2,32(sp)
     e5c:	ca36                	sw	a3,20(sp)
     e5e:	c246                	sw	a7,4(sp)
     e60:	c676                	sw	t4,12(sp)
     e62:	c87a                	sw	t5,16(sp)
     e64:	cc7e                	sw	t6,24(sp)
     e66:	cd6e                	sw	s11,152(sp)
     e68:	cf66                	sw	s9,156(sp)
     e6a:	0f3080ef          	jal	ra,975c <__getf2>
     e6e:	42f2                	lw	t0,28(sp)
     e70:	5602                	lw	a2,32(sp)
     e72:	46d2                	lw	a3,20(sp)
     e74:	4892                	lw	a7,4(sp)
     e76:	4eb2                	lw	t4,12(sp)
     e78:	4f42                	lw	t5,16(sp)
     e7a:	4fe2                	lw	t6,24(sp)
     e7c:	02a04563          	bgtz	a0,ea6 <_vfprintf_r+0x71c>
     e80:	090c                	addi	a1,sp,144
     e82:	1108                	addi	a0,sp,160
     e84:	d116                	sw	t0,160(sp)
     e86:	d37e                	sw	t6,164(sp)
     e88:	d57a                	sw	t5,168(sp)
     e8a:	d776                	sw	t4,172(sp)
     e8c:	c932                	sw	a2,144(sp)
     e8e:	cb36                	sw	a3,148(sp)
     e90:	cd6e                	sw	s11,152(sp)
     e92:	cf66                	sw	s9,156(sp)
     e94:	023080ef          	jal	ra,96b6 <__eqtf2>
     e98:	4892                	lw	a7,4(sp)
     e9a:	14051163          	bnez	a0,fdc <_vfprintf_r+0x852>
     e9e:	001afa93          	andi	s5,s5,1
     ea2:	120a8d63          	beqz	s5,fdc <_vfprintf_r+0x852>
     ea6:	00fa4603          	lbu	a2,15(s4)
     eaa:	c7e2                	sw	s8,204(sp)
     eac:	03000593          	li	a1,48
     eb0:	46be                	lw	a3,204(sp)
     eb2:	fff68713          	addi	a4,a3,-1
     eb6:	c7ba                	sw	a4,204(sp)
     eb8:	fff6c703          	lbu	a4,-1(a3)
     ebc:	10c70163          	beq	a4,a2,fbe <_vfprintf_r+0x834>
     ec0:	03900613          	li	a2,57
     ec4:	10c71063          	bne	a4,a2,fc4 <_vfprintf_r+0x83a>
     ec8:	00aa4703          	lbu	a4,10(s4)
     ecc:	fee68fa3          	sb	a4,-1(a3)
     ed0:	8a62                	mv	s4,s8
     ed2:	04700713          	li	a4,71
     ed6:	409a0a33          	sub	s4,s4,s1
     eda:	5cfa                	lw	s9,188(sp)
     edc:	1ceb9e63          	bne	s7,a4,10b8 <__heap_size+0xb8>
     ee0:	5775                	li	a4,-3
     ee2:	00ecc463          	blt	s9,a4,eea <_vfprintf_r+0x760>
     ee6:	239b5d63          	bge	s6,s9,1120 <__heap_size+0x120>
     eea:	1d79                	addi	s10,s10,-2
     eec:	fffc8693          	addi	a3,s9,-1
     ef0:	df36                	sw	a3,188(sp)
     ef2:	fdfd7613          	andi	a2,s10,-33
     ef6:	04100513          	li	a0,65
     efa:	0ffd7713          	zext.b	a4,s10
     efe:	4581                	li	a1,0
     f00:	00a61663          	bne	a2,a0,f0c <_vfprintf_r+0x782>
     f04:	073d                	addi	a4,a4,15
     f06:	0ff77713          	zext.b	a4,a4
     f0a:	4585                	li	a1,1
     f0c:	0ce10223          	sb	a4,196(sp)
     f10:	02b00793          	li	a5,43
     f14:	0006d763          	bgez	a3,f22 <_vfprintf_r+0x798>
     f18:	4685                	li	a3,1
     f1a:	419686b3          	sub	a3,a3,s9
     f1e:	02d00793          	li	a5,45
     f22:	0cf102a3          	sb	a5,197(sp)
     f26:	47a5                	li	a5,9
     f28:	1cd7d363          	bge	a5,a3,10ee <__heap_size+0xee>
     f2c:	0d310713          	addi	a4,sp,211
     f30:	853a                	mv	a0,a4
     f32:	45a9                	li	a1,10
     f34:	4825                	li	a6,9
     f36:	02b6e7b3          	rem	a5,a3,a1
     f3a:	02b6c6b3          	div	a3,a3,a1
     f3e:	03078793          	addi	a5,a5,48
     f42:	fef70fa3          	sb	a5,-1(a4)
     f46:	fff70613          	addi	a2,a4,-1
     f4a:	18d84963          	blt	a6,a3,10dc <__heap_size+0xdc>
     f4e:	03068793          	addi	a5,a3,48
     f52:	fef60fa3          	sb	a5,-1(a2)
     f56:	1779                	addi	a4,a4,-2
     f58:	0c610613          	addi	a2,sp,198
     f5c:	18a76263          	bltu	a4,a0,10e0 <__heap_size+0xe0>
     f60:	01dc                	addi	a5,sp,196
     f62:	40f607b3          	sub	a5,a2,a5
     f66:	cabe                	sw	a5,84(sp)
     f68:	01478b33          	add	s6,a5,s4
     f6c:	4785                	li	a5,1
     f6e:	0147c563          	blt	a5,s4,f78 <_vfprintf_r+0x7ee>
     f72:	00147793          	andi	a5,s0,1
     f76:	c399                	beqz	a5,f7c <_vfprintf_r+0x7f2>
     f78:	55e2                	lw	a1,56(sp)
     f7a:	9b2e                	add	s6,s6,a1
     f7c:	bff47413          	andi	s0,s0,-1025
     f80:	10046413          	ori	s0,s0,256
     f84:	da22                	sw	s0,52(sp)
     f86:	4c01                	li	s8,0
     f88:	4b81                	li	s7,0
     f8a:	4c81                	li	s9,0
     f8c:	4736                	lw	a4,76(sp)
     f8e:	c709                	beqz	a4,f98 <_vfprintf_r+0x80e>
     f90:	02d00713          	li	a4,45
     f94:	0ae10ba3          	sb	a4,183(sp)
     f98:	5452                	lw	s0,52(sp)
     f9a:	4a81                	li	s5,0
     f9c:	ae2d                	j	12d6 <__heap_size+0x2d6>
     f9e:	d202                	sw	zero,36(sp)
     fa0:	1a64                	addi	s1,sp,316
     fa2:	b9c5                	j	c92 <_vfprintf_r+0x508>
     fa4:	d22a                	sw	a0,36(sp)
     fa6:	b1f5                	j	c92 <_vfprintf_r+0x508>
     fa8:	d202                	sw	zero,36(sp)
     faa:	4b19                	li	s6,6
     fac:	b1dd                	j	c92 <_vfprintf_r+0x508>
     fae:	d25a                	sw	s6,36(sp)
     fb0:	4b05                	li	s6,1
     fb2:	b1c5                	j	c92 <_vfprintf_r+0x508>
     fb4:	0000ca37          	lui	s4,0xc
     fb8:	c84a0a13          	addi	s4,s4,-892 # bc84 <zeroes.4384+0x68>
     fbc:	bb49                	j	d4e <_vfprintf_r+0x5c4>
     fbe:	feb68fa3          	sb	a1,-1(a3)
     fc2:	b5fd                	j	eb0 <_vfprintf_r+0x726>
     fc4:	0705                	addi	a4,a4,1
     fc6:	0ff77713          	zext.b	a4,a4
     fca:	b709                	j	ecc <_vfprintf_r+0x742>
     fcc:	0a05                	addi	s4,s4,1
     fce:	feea0fa3          	sb	a4,-1(s4)
     fd2:	414c07b3          	sub	a5,s8,s4
     fd6:	fe07dbe3          	bgez	a5,fcc <_vfprintf_r+0x842>
     fda:	bde5                	j	ed2 <_vfprintf_r+0x748>
     fdc:	47f6                	lw	a5,92(sp)
     fde:	8a62                	mv	s4,s8
     fe0:	03000713          	li	a4,48
     fe4:	9c3e                	add	s8,s8,a5
     fe6:	b7f5                	j	fd2 <_vfprintf_r+0x848>
     fe8:	04600793          	li	a5,70
     fec:	00fb8b63          	beq	s7,a5,1002 <__heap_size+0x2>
     ff0:	04500793          	li	a5,69
     ff4:	001b0a93          	addi	s5,s6,1
     ff8:	00fb8363          	beq	s7,a5,ffe <_vfprintf_r+0x874>
     ffc:	8ada                	mv	s5,s6
     ffe:	4609                	li	a2,2
    1000:	a019                	j	1006 <__heap_size+0x6>
    1002:	8ada                	mv	s5,s6
    1004:	460d                	li	a2,3
    1006:	019c                	addi	a5,sp,192
    1008:	0cc10813          	addi	a6,sp,204
    100c:	1978                	addi	a4,sp,188
    100e:	86d6                	mv	a3,s5
    1010:	110c                	addi	a1,sp,160
    1012:	854e                	mv	a0,s3
    1014:	d172                	sw	t3,160(sp)
    1016:	c246                	sw	a7,4(sp)
    1018:	c472                	sw	t3,8(sp)
    101a:	d36e                	sw	s11,164(sp)
    101c:	d566                	sw	s9,168(sp)
    101e:	d752                	sw	s4,172(sp)
    1020:	6e8020ef          	jal	ra,3708 <_ldtoa_r>
    1024:	04700793          	li	a5,71
    1028:	84aa                	mv	s1,a0
    102a:	4892                	lw	a7,4(sp)
    102c:	4e22                	lw	t3,8(sp)
    102e:	00fb9563          	bne	s7,a5,1038 <__heap_size+0x38>
    1032:	00147793          	andi	a5,s0,1
    1036:	c7b5                	beqz	a5,10a2 <__heap_size+0xa2>
    1038:	04600793          	li	a5,70
    103c:	01548c33          	add	s8,s1,s5
    1040:	02fb9f63          	bne	s7,a5,107e <__heap_size+0x7e>
    1044:	0004c703          	lbu	a4,0(s1)
    1048:	03000793          	li	a5,48
    104c:	02f71763          	bne	a4,a5,107a <__heap_size+0x7a>
    1050:	090c                	addi	a1,sp,144
    1052:	1108                	addi	a0,sp,160
    1054:	d172                	sw	t3,160(sp)
    1056:	c246                	sw	a7,4(sp)
    1058:	c472                	sw	t3,8(sp)
    105a:	d36e                	sw	s11,164(sp)
    105c:	d566                	sw	s9,168(sp)
    105e:	d752                	sw	s4,172(sp)
    1060:	c902                	sw	zero,144(sp)
    1062:	cb02                	sw	zero,148(sp)
    1064:	cd02                	sw	zero,152(sp)
    1066:	cf02                	sw	zero,156(sp)
    1068:	64e080ef          	jal	ra,96b6 <__eqtf2>
    106c:	4892                	lw	a7,4(sp)
    106e:	4e22                	lw	t3,8(sp)
    1070:	c509                	beqz	a0,107a <__heap_size+0x7a>
    1072:	4785                	li	a5,1
    1074:	41578ab3          	sub	s5,a5,s5
    1078:	df56                	sw	s5,188(sp)
    107a:	57fa                	lw	a5,188(sp)
    107c:	9c3e                	add	s8,s8,a5
    107e:	090c                	addi	a1,sp,144
    1080:	1108                	addi	a0,sp,160
    1082:	c246                	sw	a7,4(sp)
    1084:	d172                	sw	t3,160(sp)
    1086:	d36e                	sw	s11,164(sp)
    1088:	d566                	sw	s9,168(sp)
    108a:	d752                	sw	s4,172(sp)
    108c:	c902                	sw	zero,144(sp)
    108e:	cb02                	sw	zero,148(sp)
    1090:	cd02                	sw	zero,152(sp)
    1092:	cf02                	sw	zero,156(sp)
    1094:	622080ef          	jal	ra,96b6 <__eqtf2>
    1098:	4892                	lw	a7,4(sp)
    109a:	03000713          	li	a4,48
    109e:	e909                	bnez	a0,10b0 <__heap_size+0xb0>
    10a0:	c7e2                	sw	s8,204(sp)
    10a2:	4a3e                	lw	s4,204(sp)
    10a4:	b53d                	j	ed2 <_vfprintf_r+0x748>
    10a6:	00178693          	addi	a3,a5,1
    10aa:	c7b6                	sw	a3,204(sp)
    10ac:	00e78023          	sb	a4,0(a5)
    10b0:	47be                	lw	a5,204(sp)
    10b2:	ff87eae3          	bltu	a5,s8,10a6 <__heap_size+0xa6>
    10b6:	b7f5                	j	10a2 <__heap_size+0xa2>
    10b8:	04600713          	li	a4,70
    10bc:	e2eb98e3          	bne	s7,a4,eec <_vfprintf_r+0x762>
    10c0:	05905763          	blez	s9,110e <__heap_size+0x10e>
    10c4:	000b1563          	bnez	s6,10ce <__heap_size+0xce>
    10c8:	00147713          	andi	a4,s0,1
    10cc:	cf41                	beqz	a4,1164 <__heap_size+0x164>
    10ce:	5662                	lw	a2,56(sp)
    10d0:	00cc8733          	add	a4,s9,a2
    10d4:	9b3a                	add	s6,s6,a4
    10d6:	06600d13          	li	s10,102
    10da:	a895                	j	114e <__heap_size+0x14e>
    10dc:	8732                	mv	a4,a2
    10de:	bda1                	j	f36 <_vfprintf_r+0x7ac>
    10e0:	0705                	addi	a4,a4,1
    10e2:	fff74783          	lbu	a5,-1(a4)
    10e6:	0605                	addi	a2,a2,1
    10e8:	fef60fa3          	sb	a5,-1(a2)
    10ec:	bd85                	j	f5c <_vfprintf_r+0x7d2>
    10ee:	0c610713          	addi	a4,sp,198
    10f2:	e599                	bnez	a1,1100 <__heap_size+0x100>
    10f4:	03000793          	li	a5,48
    10f8:	0cf10323          	sb	a5,198(sp)
    10fc:	0c710713          	addi	a4,sp,199
    1100:	03068793          	addi	a5,a3,48
    1104:	00170613          	addi	a2,a4,1
    1108:	00f70023          	sb	a5,0(a4)
    110c:	bd91                	j	f60 <_vfprintf_r+0x7d6>
    110e:	000b1563          	bnez	s6,1118 <__heap_size+0x118>
    1112:	00147713          	andi	a4,s0,1
    1116:	cb29                	beqz	a4,1168 <__heap_size+0x168>
    1118:	56e2                	lw	a3,56(sp)
    111a:	00168713          	addi	a4,a3,1
    111e:	bf5d                	j	10d4 <__heap_size+0xd4>
    1120:	014ccc63          	blt	s9,s4,1138 <__heap_size+0x138>
    1124:	00147713          	andi	a4,s0,1
    1128:	8b66                	mv	s6,s9
    112a:	c701                	beqz	a4,1132 <__heap_size+0x132>
    112c:	5762                	lw	a4,56(sp)
    112e:	00ec8b33          	add	s6,s9,a4
    1132:	06700d13          	li	s10,103
    1136:	a821                	j	114e <__heap_size+0x14e>
    1138:	57e2                	lw	a5,56(sp)
    113a:	06700d13          	li	s10,103
    113e:	00fa0b33          	add	s6,s4,a5
    1142:	01904663          	bgtz	s9,114e <__heap_size+0x14e>
    1146:	419b0333          	sub	t1,s6,s9
    114a:	00130b13          	addi	s6,t1,1
    114e:	40047b93          	andi	s7,s0,1024
    1152:	4c01                	li	s8,0
    1154:	e20b8ce3          	beqz	s7,f8c <_vfprintf_r+0x802>
    1158:	4b81                	li	s7,0
    115a:	e39059e3          	blez	s9,f8c <_vfprintf_r+0x802>
    115e:	0ff00693          	li	a3,255
    1162:	a015                	j	1186 <__heap_size+0x186>
    1164:	8b66                	mv	s6,s9
    1166:	bf85                	j	10d6 <__heap_size+0xd6>
    1168:	06600d13          	li	s10,102
    116c:	4b05                	li	s6,1
    116e:	b7c5                	j	114e <__heap_size+0x14e>
    1170:	03975063          	bge	a4,s9,1190 <__heap_size+0x190>
    1174:	55a2                	lw	a1,40(sp)
    1176:	40ec8cb3          	sub	s9,s9,a4
    117a:	0015c703          	lbu	a4,1(a1)
    117e:	c305                	beqz	a4,119e <__heap_size+0x19e>
    1180:	0585                	addi	a1,a1,1
    1182:	0b85                	addi	s7,s7,1
    1184:	d42e                	sw	a1,40(sp)
    1186:	5622                	lw	a2,40(sp)
    1188:	00064703          	lbu	a4,0(a2)
    118c:	fed712e3          	bne	a4,a3,1170 <__heap_size+0x170>
    1190:	4696                	lw	a3,68(sp)
    1192:	018b8733          	add	a4,s7,s8
    1196:	02d70733          	mul	a4,a4,a3
    119a:	9b3a                	add	s6,s6,a4
    119c:	bbc5                	j	f8c <_vfprintf_r+0x802>
    119e:	0c05                	addi	s8,s8,1
    11a0:	b7dd                	j	1186 <__heap_size+0x186>
    11a2:	000aa783          	lw	a5,0(s5)
    11a6:	0a91                	addi	s5,s5,4
    11a8:	d656                	sw	s5,44(sp)
    11aa:	02047713          	andi	a4,s0,32
    11ae:	cb11                	beqz	a4,11c2 <__heap_size+0x1c2>
    11b0:	55f2                	lw	a1,60(sp)
    11b2:	41f5d713          	srai	a4,a1,0x1f
    11b6:	c38c                	sw	a1,0(a5)
    11b8:	c3d8                	sw	a4,4(a5)
    11ba:	5ab2                	lw	s5,44(sp)
    11bc:	54c2                	lw	s1,48(sp)
    11be:	ee2ff06f          	j	8a0 <_vfprintf_r+0x116>
    11c2:	01047713          	andi	a4,s0,16
    11c6:	c701                	beqz	a4,11ce <__heap_size+0x1ce>
    11c8:	5672                	lw	a2,60(sp)
    11ca:	c390                	sw	a2,0(a5)
    11cc:	b7fd                	j	11ba <__heap_size+0x1ba>
    11ce:	04047713          	andi	a4,s0,64
    11d2:	c709                	beqz	a4,11dc <__heap_size+0x1dc>
    11d4:	5772                	lw	a4,60(sp)
    11d6:	00e79023          	sh	a4,0(a5)
    11da:	b7c5                	j	11ba <__heap_size+0x1ba>
    11dc:	20047413          	andi	s0,s0,512
    11e0:	c409                	beqz	s0,11ea <__heap_size+0x1ea>
    11e2:	5772                	lw	a4,60(sp)
    11e4:	00e78023          	sb	a4,0(a5)
    11e8:	bfc9                	j	11ba <__heap_size+0x1ba>
    11ea:	56f2                	lw	a3,60(sp)
    11ec:	c394                	sw	a3,0(a5)
    11ee:	b7f1                	j	11ba <__heap_size+0x1ba>
    11f0:	01046413          	ori	s0,s0,16
    11f4:	02047793          	andi	a5,s0,32
    11f8:	c3a1                	beqz	a5,1238 <__heap_size+0x238>
    11fa:	0a9d                	addi	s5,s5,7
    11fc:	ff8afa93          	andi	s5,s5,-8
    1200:	008a8713          	addi	a4,s5,8
    1204:	000aac83          	lw	s9,0(s5)
    1208:	004aac03          	lw	s8,4(s5)
    120c:	d63a                	sw	a4,44(sp)
    120e:	bff47413          	andi	s0,s0,-1025
    1212:	4781                	li	a5,0
    1214:	0a010ba3          	sb	zero,183(sp)
    1218:	577d                	li	a4,-1
    121a:	30eb0463          	beq	s6,a4,1522 <__heap_size+0x522>
    121e:	8722                	mv	a4,s0
    1220:	018ce6b3          	or	a3,s9,s8
    1224:	f7f47413          	andi	s0,s0,-129
    1228:	2e069d63          	bnez	a3,1522 <__heap_size+0x522>
    122c:	400b0363          	beqz	s6,1632 <__heap_size+0x632>
    1230:	4705                	li	a4,1
    1232:	2ee79b63          	bne	a5,a4,1528 <__heap_size+0x528>
    1236:	b0d9                	j	afc <_vfprintf_r+0x372>
    1238:	004a8793          	addi	a5,s5,4
    123c:	d63e                	sw	a5,44(sp)
    123e:	01047793          	andi	a5,s0,16
    1242:	c781                	beqz	a5,124a <__heap_size+0x24a>
    1244:	000aac83          	lw	s9,0(s5)
    1248:	a031                	j	1254 <__heap_size+0x254>
    124a:	04047793          	andi	a5,s0,64
    124e:	c789                	beqz	a5,1258 <__heap_size+0x258>
    1250:	000adc83          	lhu	s9,0(s5)
    1254:	4c01                	li	s8,0
    1256:	bf65                	j	120e <__heap_size+0x20e>
    1258:	20047793          	andi	a5,s0,512
    125c:	d7e5                	beqz	a5,1244 <__heap_size+0x244>
    125e:	000acc83          	lbu	s9,0(s5)
    1262:	bfcd                	j	1254 <__heap_size+0x254>
    1264:	77e1                	lui	a5,0xffff8
    1266:	8307c793          	xori	a5,a5,-2000
    126a:	0af11c23          	sh	a5,184(sp)
    126e:	0000c7b7          	lui	a5,0xc
    1272:	c7078793          	addi	a5,a5,-912 # bc70 <zeroes.4384+0x54>
    1276:	004a8593          	addi	a1,s5,4
    127a:	ccbe                	sw	a5,88(sp)
    127c:	d62e                	sw	a1,44(sp)
    127e:	000aac83          	lw	s9,0(s5)
    1282:	4c01                	li	s8,0
    1284:	00246413          	ori	s0,s0,2
    1288:	4789                	li	a5,2
    128a:	07800d13          	li	s10,120
    128e:	b759                	j	1214 <__heap_size+0x214>
    1290:	004a8613          	addi	a2,s5,4
    1294:	d632                	sw	a2,44(sp)
    1296:	0a010ba3          	sb	zero,183(sp)
    129a:	57fd                	li	a5,-1
    129c:	000aa483          	lw	s1,0(s5)
    12a0:	02fb0063          	beq	s6,a5,12c0 <__heap_size+0x2c0>
    12a4:	865a                	mv	a2,s6
    12a6:	4581                	li	a1,0
    12a8:	8526                	mv	a0,s1
    12aa:	c246                	sw	a7,4(sp)
    12ac:	42e030ef          	jal	ra,46da <memchr>
    12b0:	d22a                	sw	a0,36(sp)
    12b2:	4892                	lw	a7,4(sp)
    12b4:	900503e3          	beqz	a0,bba <_vfprintf_r+0x430>
    12b8:	40950b33          	sub	s6,a0,s1
    12bc:	d202                	sw	zero,36(sp)
    12be:	b8f5                	j	bba <_vfprintf_r+0x430>
    12c0:	8526                	mv	a0,s1
    12c2:	c246                	sw	a7,4(sp)
    12c4:	cb4ff0ef          	jal	ra,778 <strlen>
    12c8:	4892                	lw	a7,4(sp)
    12ca:	8b2a                	mv	s6,a0
    12cc:	d202                	sw	zero,36(sp)
    12ce:	4a81                	li	s5,0
    12d0:	4c01                	li	s8,0
    12d2:	4b81                	li	s7,0
    12d4:	4c81                	li	s9,0
    12d6:	da56                	sw	s5,52(sp)
    12d8:	016ad363          	bge	s5,s6,12de <__heap_size+0x2de>
    12dc:	da5a                	sw	s6,52(sp)
    12de:	0b714703          	lbu	a4,183(sp)
    12e2:	c701                	beqz	a4,12ea <__heap_size+0x2ea>
    12e4:	5752                	lw	a4,52(sp)
    12e6:	0705                	addi	a4,a4,1
    12e8:	da3a                	sw	a4,52(sp)
    12ea:	00247d93          	andi	s11,s0,2
    12ee:	000d8563          	beqz	s11,12f8 <__heap_size+0x2f8>
    12f2:	57d2                	lw	a5,52(sp)
    12f4:	0789                	addi	a5,a5,2
    12f6:	da3e                	sw	a5,52(sp)
    12f8:	08447693          	andi	a3,s0,132
    12fc:	c6b6                	sw	a3,76(sp)
    12fe:	e6b9                	bnez	a3,134c <__heap_size+0x34c>
    1300:	4786                	lw	a5,64(sp)
    1302:	56d2                	lw	a3,52(sp)
    1304:	40d78733          	sub	a4,a5,a3
    1308:	04e05263          	blez	a4,134c <__heap_size+0x34c>
    130c:	6e31                	lui	t3,0xc
    130e:	4ec1                	li	t4,16
    1310:	c0ce0e13          	addi	t3,t3,-1012 # bc0c <blanks.4383>
    1314:	4f1d                	li	t5,7
    1316:	46ee                	lw	a3,216(sp)
    1318:	01c8a023          	sw	t3,0(a7)
    131c:	467e                	lw	a2,220(sp)
    131e:	0685                	addi	a3,a3,1
    1320:	00888593          	addi	a1,a7,8
    1324:	32eecb63          	blt	t4,a4,165a <__heap_size+0x65a>
    1328:	00e8a223          	sw	a4,4(a7)
    132c:	9732                	add	a4,a4,a2
    132e:	cfba                	sw	a4,220(sp)
    1330:	cdb6                	sw	a3,216(sp)
    1332:	471d                	li	a4,7
    1334:	88ae                	mv	a7,a1
    1336:	00d75b63          	bge	a4,a3,134c <__heap_size+0x34c>
    133a:	09d0                	addi	a2,sp,212
    133c:	85ca                	mv	a1,s2
    133e:	854e                	mv	a0,s3
    1340:	2f9050ef          	jal	ra,6e38 <__sprint_r>
    1344:	240513e3          	bnez	a0,1d8a <__heap_size+0xd8a>
    1348:	0fc10893          	addi	a7,sp,252
    134c:	0b714703          	lbu	a4,183(sp)
    1350:	cb1d                	beqz	a4,1386 <__heap_size+0x386>
    1352:	0b710713          	addi	a4,sp,183
    1356:	00e8a023          	sw	a4,0(a7)
    135a:	4705                	li	a4,1
    135c:	00e8a223          	sw	a4,4(a7)
    1360:	477e                	lw	a4,220(sp)
    1362:	469d                	li	a3,7
    1364:	0705                	addi	a4,a4,1
    1366:	cfba                	sw	a4,220(sp)
    1368:	476e                	lw	a4,216(sp)
    136a:	08a1                	addi	a7,a7,8
    136c:	0705                	addi	a4,a4,1
    136e:	cdba                	sw	a4,216(sp)
    1370:	00e6db63          	bge	a3,a4,1386 <__heap_size+0x386>
    1374:	09d0                	addi	a2,sp,212
    1376:	85ca                	mv	a1,s2
    1378:	854e                	mv	a0,s3
    137a:	2bf050ef          	jal	ra,6e38 <__sprint_r>
    137e:	200516e3          	bnez	a0,1d8a <__heap_size+0xd8a>
    1382:	0fc10893          	addi	a7,sp,252
    1386:	020d8b63          	beqz	s11,13bc <__heap_size+0x3bc>
    138a:	1938                	addi	a4,sp,184
    138c:	00e8a023          	sw	a4,0(a7)
    1390:	4709                	li	a4,2
    1392:	00e8a223          	sw	a4,4(a7)
    1396:	477e                	lw	a4,220(sp)
    1398:	469d                	li	a3,7
    139a:	0709                	addi	a4,a4,2
    139c:	cfba                	sw	a4,220(sp)
    139e:	476e                	lw	a4,216(sp)
    13a0:	08a1                	addi	a7,a7,8
    13a2:	0705                	addi	a4,a4,1
    13a4:	cdba                	sw	a4,216(sp)
    13a6:	00e6db63          	bge	a3,a4,13bc <__heap_size+0x3bc>
    13aa:	09d0                	addi	a2,sp,212
    13ac:	85ca                	mv	a1,s2
    13ae:	854e                	mv	a0,s3
    13b0:	289050ef          	jal	ra,6e38 <__sprint_r>
    13b4:	1c051be3          	bnez	a0,1d8a <__heap_size+0xd8a>
    13b8:	0fc10893          	addi	a7,sp,252
    13bc:	47b6                	lw	a5,76(sp)
    13be:	08000713          	li	a4,128
    13c2:	04e79863          	bne	a5,a4,1412 <__heap_size+0x412>
    13c6:	4586                	lw	a1,64(sp)
    13c8:	56d2                	lw	a3,52(sp)
    13ca:	40d58db3          	sub	s11,a1,a3
    13ce:	05b05263          	blez	s11,1412 <__heap_size+0x412>
    13d2:	47c1                	li	a5,16
    13d4:	4e1d                	li	t3,7
    13d6:	476e                	lw	a4,216(sp)
    13d8:	46fe                	lw	a3,220(sp)
    13da:	0705                	addi	a4,a4,1
    13dc:	00888613          	addi	a2,a7,8
    13e0:	2bb7c763          	blt	a5,s11,168e <__heap_size+0x68e>
    13e4:	67b1                	lui	a5,0xc
    13e6:	01b8a223          	sw	s11,4(a7)
    13ea:	c1c78793          	addi	a5,a5,-996 # bc1c <zeroes.4384>
    13ee:	9db6                	add	s11,s11,a3
    13f0:	00f8a023          	sw	a5,0(a7)
    13f4:	cfee                	sw	s11,220(sp)
    13f6:	cdba                	sw	a4,216(sp)
    13f8:	469d                	li	a3,7
    13fa:	88b2                	mv	a7,a2
    13fc:	00e6db63          	bge	a3,a4,1412 <__heap_size+0x412>
    1400:	09d0                	addi	a2,sp,212
    1402:	85ca                	mv	a1,s2
    1404:	854e                	mv	a0,s3
    1406:	233050ef          	jal	ra,6e38 <__sprint_r>
    140a:	180510e3          	bnez	a0,1d8a <__heap_size+0xd8a>
    140e:	0fc10893          	addi	a7,sp,252
    1412:	416a8ab3          	sub	s5,s5,s6
    1416:	05505263          	blez	s5,145a <__heap_size+0x45a>
    141a:	4dc1                	li	s11,16
    141c:	481d                	li	a6,7
    141e:	476e                	lw	a4,216(sp)
    1420:	46fe                	lw	a3,220(sp)
    1422:	0705                	addi	a4,a4,1
    1424:	00888613          	addi	a2,a7,8
    1428:	295dce63          	blt	s11,s5,16c4 <__heap_size+0x6c4>
    142c:	67b1                	lui	a5,0xc
    142e:	0158a223          	sw	s5,4(a7)
    1432:	c1c78793          	addi	a5,a5,-996 # bc1c <zeroes.4384>
    1436:	9ab6                	add	s5,s5,a3
    1438:	00f8a023          	sw	a5,0(a7)
    143c:	cfd6                	sw	s5,220(sp)
    143e:	cdba                	sw	a4,216(sp)
    1440:	469d                	li	a3,7
    1442:	88b2                	mv	a7,a2
    1444:	00e6db63          	bge	a3,a4,145a <__heap_size+0x45a>
    1448:	09d0                	addi	a2,sp,212
    144a:	85ca                	mv	a1,s2
    144c:	854e                	mv	a0,s3
    144e:	1eb050ef          	jal	ra,6e38 <__sprint_r>
    1452:	12051ce3          	bnez	a0,1d8a <__heap_size+0xd8a>
    1456:	0fc10893          	addi	a7,sp,252
    145a:	10047713          	andi	a4,s0,256
    145e:	4dfe                	lw	s11,220(sp)
    1460:	28071b63          	bnez	a4,16f6 <__heap_size+0x6f6>
    1464:	01bb0333          	add	t1,s6,s11
    1468:	0098a023          	sw	s1,0(a7)
    146c:	0168a223          	sw	s6,4(a7)
    1470:	cf9a                	sw	t1,220(sp)
    1472:	47ee                	lw	a5,216(sp)
    1474:	471d                	li	a4,7
    1476:	0785                	addi	a5,a5,1
    1478:	cdbe                	sw	a5,216(sp)
    147a:	08a1                	addi	a7,a7,8
    147c:	34f75a63          	bge	a4,a5,17d0 <__heap_size+0x7d0>
    1480:	09d0                	addi	a2,sp,212
    1482:	85ca                	mv	a1,s2
    1484:	854e                	mv	a0,s3
    1486:	1b3050ef          	jal	ra,6e38 <__sprint_r>
    148a:	100510e3          	bnez	a0,1d8a <__heap_size+0xd8a>
    148e:	0fc10893          	addi	a7,sp,252
    1492:	ae3d                	j	17d0 <__heap_size+0x7d0>
    1494:	01046413          	ori	s0,s0,16
    1498:	02047793          	andi	a5,s0,32
    149c:	cf89                	beqz	a5,14b6 <__heap_size+0x4b6>
    149e:	0a9d                	addi	s5,s5,7
    14a0:	ff8afa93          	andi	s5,s5,-8
    14a4:	008a8693          	addi	a3,s5,8
    14a8:	000aac83          	lw	s9,0(s5)
    14ac:	004aac03          	lw	s8,4(s5)
    14b0:	d636                	sw	a3,44(sp)
    14b2:	4785                	li	a5,1
    14b4:	b385                	j	1214 <__heap_size+0x214>
    14b6:	004a8713          	addi	a4,s5,4
    14ba:	d63a                	sw	a4,44(sp)
    14bc:	01047793          	andi	a5,s0,16
    14c0:	c781                	beqz	a5,14c8 <__heap_size+0x4c8>
    14c2:	000aac83          	lw	s9,0(s5)
    14c6:	a031                	j	14d2 <__heap_size+0x4d2>
    14c8:	04047793          	andi	a5,s0,64
    14cc:	c789                	beqz	a5,14d6 <__heap_size+0x4d6>
    14ce:	000adc83          	lhu	s9,0(s5)
    14d2:	4c01                	li	s8,0
    14d4:	bff9                	j	14b2 <__heap_size+0x4b2>
    14d6:	20047793          	andi	a5,s0,512
    14da:	d7e5                	beqz	a5,14c2 <__heap_size+0x4c2>
    14dc:	000acc83          	lbu	s9,0(s5)
    14e0:	bfcd                	j	14d2 <__heap_size+0x4d2>
    14e2:	0000c7b7          	lui	a5,0xc
    14e6:	c7078793          	addi	a5,a5,-912 # bc70 <zeroes.4384+0x54>
    14ea:	c52ff06f          	j	93c <_vfprintf_r+0x1b2>
    14ee:	004a8593          	addi	a1,s5,4
    14f2:	d62e                	sw	a1,44(sp)
    14f4:	01047793          	andi	a5,s0,16
    14f8:	c781                	beqz	a5,1500 <__heap_size+0x500>
    14fa:	000aac83          	lw	s9,0(s5)
    14fe:	a031                	j	150a <__heap_size+0x50a>
    1500:	04047793          	andi	a5,s0,64
    1504:	c791                	beqz	a5,1510 <__heap_size+0x510>
    1506:	000adc83          	lhu	s9,0(s5)
    150a:	4c01                	li	s8,0
    150c:	c4eff06f          	j	95a <_vfprintf_r+0x1d0>
    1510:	20047793          	andi	a5,s0,512
    1514:	d3fd                	beqz	a5,14fa <__heap_size+0x4fa>
    1516:	000acc83          	lbu	s9,0(s5)
    151a:	bfc5                	j	150a <__heap_size+0x50a>
    151c:	8722                	mv	a4,s0
    151e:	4785                	li	a5,1
    1520:	b301                	j	1220 <__heap_size+0x220>
    1522:	4705                	li	a4,1
    1524:	dce78763          	beq	a5,a4,af2 <_vfprintf_r+0x368>
    1528:	4709                	li	a4,2
    152a:	0ce78e63          	beq	a5,a4,1606 <__heap_size+0x606>
    152e:	131c                	addi	a5,sp,416
    1530:	01dc1693          	slli	a3,s8,0x1d
    1534:	007cf713          	andi	a4,s9,7
    1538:	003cdc93          	srli	s9,s9,0x3
    153c:	03070713          	addi	a4,a4,48
    1540:	0196ecb3          	or	s9,a3,s9
    1544:	003c5c13          	srli	s8,s8,0x3
    1548:	fee78fa3          	sb	a4,-1(a5)
    154c:	018ce6b3          	or	a3,s9,s8
    1550:	fff78493          	addi	s1,a5,-1
    1554:	e68d                	bnez	a3,157e <__heap_size+0x57e>
    1556:	00147693          	andi	a3,s0,1
    155a:	ca89                	beqz	a3,156c <__heap_size+0x56c>
    155c:	03000693          	li	a3,48
    1560:	00d70663          	beq	a4,a3,156c <__heap_size+0x56c>
    1564:	fed48fa3          	sb	a3,-1(s1)
    1568:	ffe78493          	addi	s1,a5,-2
    156c:	1314                	addi	a3,sp,416
    156e:	8ada                	mv	s5,s6
    1570:	d202                	sw	zero,36(sp)
    1572:	40968b33          	sub	s6,a3,s1
    1576:	4c01                	li	s8,0
    1578:	4b81                	li	s7,0
    157a:	4c81                	li	s9,0
    157c:	bba9                	j	12d6 <__heap_size+0x2d6>
    157e:	87a6                	mv	a5,s1
    1580:	bf45                	j	1530 <__heap_size+0x530>
    1582:	4a01                	li	s4,0
    1584:	1a010d93          	addi	s11,sp,416
    1588:	40047a93          	andi	s5,s0,1024
    158c:	4ba5                	li	s7,9
    158e:	4629                	li	a2,10
    1590:	4681                	li	a3,0
    1592:	8566                	mv	a0,s9
    1594:	85e2                	mv	a1,s8
    1596:	c246                	sw	a7,4(sp)
    1598:	436070ef          	jal	ra,89ce <__umoddi3>
    159c:	03050513          	addi	a0,a0,48
    15a0:	fead8fa3          	sb	a0,-1(s11)
    15a4:	fffd8493          	addi	s1,s11,-1
    15a8:	0a05                	addi	s4,s4,1
    15aa:	4892                	lw	a7,4(sp)
    15ac:	020a8f63          	beqz	s5,15ea <__heap_size+0x5ea>
    15b0:	5622                	lw	a2,40(sp)
    15b2:	00064783          	lbu	a5,0(a2)
    15b6:	02fa1a63          	bne	s4,a5,15ea <__heap_size+0x5ea>
    15ba:	0ff00693          	li	a3,255
    15be:	02da0663          	beq	s4,a3,15ea <__heap_size+0x5ea>
    15c2:	000c1463          	bnez	s8,15ca <__heap_size+0x5ca>
    15c6:	039bf263          	bgeu	s7,s9,15ea <__heap_size+0x5ea>
    15ca:	4716                	lw	a4,68(sp)
    15cc:	45c6                	lw	a1,80(sp)
    15ce:	8c99                	sub	s1,s1,a4
    15d0:	863a                	mv	a2,a4
    15d2:	8526                	mv	a0,s1
    15d4:	c246                	sw	a7,4(sp)
    15d6:	210040ef          	jal	ra,57e6 <strncpy>
    15da:	55a2                	lw	a1,40(sp)
    15dc:	4a01                	li	s4,0
    15de:	0015c783          	lbu	a5,1(a1)
    15e2:	4892                	lw	a7,4(sp)
    15e4:	c399                	beqz	a5,15ea <__heap_size+0x5ea>
    15e6:	0585                	addi	a1,a1,1
    15e8:	d42e                	sw	a1,40(sp)
    15ea:	8566                	mv	a0,s9
    15ec:	85e2                	mv	a1,s8
    15ee:	4629                	li	a2,10
    15f0:	4681                	li	a3,0
    15f2:	c246                	sw	a7,4(sp)
    15f4:	080070ef          	jal	ra,8674 <__udivdi3>
    15f8:	8c2e                	mv	s8,a1
    15fa:	8dc9                	or	a1,a1,a0
    15fc:	8caa                	mv	s9,a0
    15fe:	4892                	lw	a7,4(sp)
    1600:	d5b5                	beqz	a1,156c <__heap_size+0x56c>
    1602:	8da6                	mv	s11,s1
    1604:	b769                	j	158e <__heap_size+0x58e>
    1606:	1304                	addi	s1,sp,416
    1608:	4666                	lw	a2,88(sp)
    160a:	00fcf793          	andi	a5,s9,15
    160e:	97b2                	add	a5,a5,a2
    1610:	0007c783          	lbu	a5,0(a5)
    1614:	14fd                	addi	s1,s1,-1
    1616:	00f48023          	sb	a5,0(s1)
    161a:	004cdc93          	srli	s9,s9,0x4
    161e:	01cc1793          	slli	a5,s8,0x1c
    1622:	0197ecb3          	or	s9,a5,s9
    1626:	004c5c13          	srli	s8,s8,0x4
    162a:	018ce7b3          	or	a5,s9,s8
    162e:	ffe9                	bnez	a5,1608 <__heap_size+0x608>
    1630:	bf35                	j	156c <__heap_size+0x56c>
    1632:	1304                	addi	s1,sp,416
    1634:	ff85                	bnez	a5,156c <__heap_size+0x56c>
    1636:	8b05                	andi	a4,a4,1
    1638:	db15                	beqz	a4,156c <__heap_size+0x56c>
    163a:	03000793          	li	a5,48
    163e:	18f10fa3          	sb	a5,415(sp)
    1642:	cc2ff06f          	j	b04 <_vfprintf_r+0x37a>
    1646:	780d0363          	beqz	s10,1dcc <__heap_size+0xdcc>
    164a:	87ea                	mv	a5,s10
    164c:	12f10e23          	sb	a5,316(sp)
    1650:	0a010ba3          	sb	zero,183(sp)
    1654:	d656                	sw	s5,44(sp)
    1656:	c4aff06f          	j	aa0 <_vfprintf_r+0x316>
    165a:	0641                	addi	a2,a2,16
    165c:	01d8a223          	sw	t4,4(a7)
    1660:	cfb2                	sw	a2,220(sp)
    1662:	cdb6                	sw	a3,216(sp)
    1664:	02df5263          	bge	t5,a3,1688 <__heap_size+0x688>
    1668:	09d0                	addi	a2,sp,212
    166a:	85ca                	mv	a1,s2
    166c:	854e                	mv	a0,s3
    166e:	d03a                	sw	a4,32(sp)
    1670:	c472                	sw	t3,8(sp)
    1672:	c676                	sw	t4,12(sp)
    1674:	c87a                	sw	t5,16(sp)
    1676:	7c2050ef          	jal	ra,6e38 <__sprint_r>
    167a:	5702                	lw	a4,32(sp)
    167c:	4e22                	lw	t3,8(sp)
    167e:	4eb2                	lw	t4,12(sp)
    1680:	4f42                	lw	t5,16(sp)
    1682:	70051463          	bnez	a0,1d8a <__heap_size+0xd8a>
    1686:	19ec                	addi	a1,sp,252
    1688:	1741                	addi	a4,a4,-16
    168a:	88ae                	mv	a7,a1
    168c:	b169                	j	1316 <__heap_size+0x316>
    168e:	65b1                	lui	a1,0xc
    1690:	c1c58593          	addi	a1,a1,-996 # bc1c <zeroes.4384>
    1694:	06c1                	addi	a3,a3,16
    1696:	00b8a023          	sw	a1,0(a7)
    169a:	00f8a223          	sw	a5,4(a7)
    169e:	cfb6                	sw	a3,220(sp)
    16a0:	cdba                	sw	a4,216(sp)
    16a2:	00ee5e63          	bge	t3,a4,16be <__heap_size+0x6be>
    16a6:	09d0                	addi	a2,sp,212
    16a8:	85ca                	mv	a1,s2
    16aa:	854e                	mv	a0,s3
    16ac:	d03e                	sw	a5,32(sp)
    16ae:	c472                	sw	t3,8(sp)
    16b0:	788050ef          	jal	ra,6e38 <__sprint_r>
    16b4:	5782                	lw	a5,32(sp)
    16b6:	4e22                	lw	t3,8(sp)
    16b8:	6c051963          	bnez	a0,1d8a <__heap_size+0xd8a>
    16bc:	19f0                	addi	a2,sp,252
    16be:	1dc1                	addi	s11,s11,-16
    16c0:	88b2                	mv	a7,a2
    16c2:	bb11                	j	13d6 <__heap_size+0x3d6>
    16c4:	65b1                	lui	a1,0xc
    16c6:	c1c58593          	addi	a1,a1,-996 # bc1c <zeroes.4384>
    16ca:	06c1                	addi	a3,a3,16
    16cc:	00b8a023          	sw	a1,0(a7)
    16d0:	01b8a223          	sw	s11,4(a7)
    16d4:	cfb6                	sw	a3,220(sp)
    16d6:	cdba                	sw	a4,216(sp)
    16d8:	00e85c63          	bge	a6,a4,16f0 <__heap_size+0x6f0>
    16dc:	09d0                	addi	a2,sp,212
    16de:	85ca                	mv	a1,s2
    16e0:	854e                	mv	a0,s3
    16e2:	ca42                	sw	a6,20(sp)
    16e4:	754050ef          	jal	ra,6e38 <__sprint_r>
    16e8:	4852                	lw	a6,20(sp)
    16ea:	6a051063          	bnez	a0,1d8a <__heap_size+0xd8a>
    16ee:	19f0                	addi	a2,sp,252
    16f0:	1ac1                	addi	s5,s5,-16
    16f2:	88b2                	mv	a7,a2
    16f4:	b32d                	j	141e <__heap_size+0x41e>
    16f6:	06500713          	li	a4,101
    16fa:	4fa75b63          	bge	a4,s10,1bf0 <__heap_size+0xbf0>
    16fe:	570e                	lw	a4,224(sp)
    1700:	090c                	addi	a1,sp,144
    1702:	d13a                	sw	a4,160(sp)
    1704:	571e                	lw	a4,228(sp)
    1706:	1108                	addi	a0,sp,160
    1708:	d33a                	sw	a4,164(sp)
    170a:	572e                	lw	a4,232(sp)
    170c:	c246                	sw	a7,4(sp)
    170e:	d53a                	sw	a4,168(sp)
    1710:	573e                	lw	a4,236(sp)
    1712:	c902                	sw	zero,144(sp)
    1714:	d73a                	sw	a4,172(sp)
    1716:	cb02                	sw	zero,148(sp)
    1718:	cd02                	sw	zero,152(sp)
    171a:	cf02                	sw	zero,156(sp)
    171c:	79b070ef          	jal	ra,96b6 <__eqtf2>
    1720:	4892                	lw	a7,4(sp)
    1722:	10051963          	bnez	a0,1834 <__heap_size+0x834>
    1726:	0000c7b7          	lui	a5,0xc
    172a:	c9878793          	addi	a5,a5,-872 # bc98 <zeroes.4384+0x7c>
    172e:	00f8a023          	sw	a5,0(a7)
    1732:	4785                	li	a5,1
    1734:	00f8a223          	sw	a5,4(a7)
    1738:	47ee                	lw	a5,216(sp)
    173a:	0d85                	addi	s11,s11,1
    173c:	0785                	addi	a5,a5,1
    173e:	cfee                	sw	s11,220(sp)
    1740:	cdbe                	sw	a5,216(sp)
    1742:	471d                	li	a4,7
    1744:	08a1                	addi	a7,a7,8
    1746:	00f75b63          	bge	a4,a5,175c <__heap_size+0x75c>
    174a:	09d0                	addi	a2,sp,212
    174c:	85ca                	mv	a1,s2
    174e:	854e                	mv	a0,s3
    1750:	6e8050ef          	jal	ra,6e38 <__sprint_r>
    1754:	62051b63          	bnez	a0,1d8a <__heap_size+0xd8a>
    1758:	0fc10893          	addi	a7,sp,252
    175c:	57fa                	lw	a5,188(sp)
    175e:	0147c563          	blt	a5,s4,1768 <__heap_size+0x768>
    1762:	00147793          	andi	a5,s0,1
    1766:	c7ad                	beqz	a5,17d0 <__heap_size+0x7d0>
    1768:	5662                	lw	a2,56(sp)
    176a:	47fe                	lw	a5,220(sp)
    176c:	45a6                	lw	a1,72(sp)
    176e:	97b2                	add	a5,a5,a2
    1770:	cfbe                	sw	a5,220(sp)
    1772:	47ee                	lw	a5,216(sp)
    1774:	00b8a023          	sw	a1,0(a7)
    1778:	0785                	addi	a5,a5,1
    177a:	00c8a223          	sw	a2,4(a7)
    177e:	cdbe                	sw	a5,216(sp)
    1780:	471d                	li	a4,7
    1782:	08a1                	addi	a7,a7,8
    1784:	00f75b63          	bge	a4,a5,179a <__heap_size+0x79a>
    1788:	09d0                	addi	a2,sp,212
    178a:	85ca                	mv	a1,s2
    178c:	854e                	mv	a0,s3
    178e:	6aa050ef          	jal	ra,6e38 <__sprint_r>
    1792:	5e051c63          	bnez	a0,1d8a <__heap_size+0xd8a>
    1796:	0fc10893          	addi	a7,sp,252
    179a:	fffa0493          	addi	s1,s4,-1
    179e:	02905963          	blez	s1,17d0 <__heap_size+0x7d0>
    17a2:	4ac1                	li	s5,16
    17a4:	4b9d                	li	s7,7
    17a6:	47ee                	lw	a5,216(sp)
    17a8:	477e                	lw	a4,220(sp)
    17aa:	0785                	addi	a5,a5,1
    17ac:	00888693          	addi	a3,a7,8
    17b0:	049acb63          	blt	s5,s1,1806 <__heap_size+0x806>
    17b4:	6631                	lui	a2,0xc
    17b6:	c1c60613          	addi	a2,a2,-996 # bc1c <zeroes.4384>
    17ba:	0098a223          	sw	s1,4(a7)
    17be:	00c8a023          	sw	a2,0(a7)
    17c2:	94ba                	add	s1,s1,a4
    17c4:	cfa6                	sw	s1,220(sp)
    17c6:	cdbe                	sw	a5,216(sp)
    17c8:	471d                	li	a4,7
    17ca:	88b6                	mv	a7,a3
    17cc:	caf74ae3          	blt	a4,a5,1480 <__heap_size+0x480>
    17d0:	8811                	andi	s0,s0,4
    17d2:	56041b63          	bnez	s0,1d48 <__heap_size+0xd48>
    17d6:	4d06                	lw	s10,64(sp)
    17d8:	5752                	lw	a4,52(sp)
    17da:	00ed5363          	bge	s10,a4,17e0 <__heap_size+0x7e0>
    17de:	8d3a                	mv	s10,a4
    17e0:	57f2                	lw	a5,60(sp)
    17e2:	97ea                	add	a5,a5,s10
    17e4:	de3e                	sw	a5,60(sp)
    17e6:	47fe                	lw	a5,220(sp)
    17e8:	cb81                	beqz	a5,17f8 <__heap_size+0x7f8>
    17ea:	09d0                	addi	a2,sp,212
    17ec:	85ca                	mv	a1,s2
    17ee:	854e                	mv	a0,s3
    17f0:	648050ef          	jal	ra,6e38 <__sprint_r>
    17f4:	58051b63          	bnez	a0,1d8a <__heap_size+0xd8a>
    17f8:	5712                	lw	a4,36(sp)
    17fa:	cd82                	sw	zero,216(sp)
    17fc:	5c071363          	bnez	a4,1dc2 <__heap_size+0xdc2>
    1800:	0fc10893          	addi	a7,sp,252
    1804:	ba5d                	j	11ba <__heap_size+0x1ba>
    1806:	65b1                	lui	a1,0xc
    1808:	c1c58593          	addi	a1,a1,-996 # bc1c <zeroes.4384>
    180c:	0741                	addi	a4,a4,16
    180e:	00b8a023          	sw	a1,0(a7)
    1812:	0158a223          	sw	s5,4(a7)
    1816:	cfba                	sw	a4,220(sp)
    1818:	cdbe                	sw	a5,216(sp)
    181a:	00fbda63          	bge	s7,a5,182e <__heap_size+0x82e>
    181e:	09d0                	addi	a2,sp,212
    1820:	85ca                	mv	a1,s2
    1822:	854e                	mv	a0,s3
    1824:	614050ef          	jal	ra,6e38 <__sprint_r>
    1828:	56051163          	bnez	a0,1d8a <__heap_size+0xd8a>
    182c:	19f4                	addi	a3,sp,252
    182e:	14c1                	addi	s1,s1,-16
    1830:	88b6                	mv	a7,a3
    1832:	bf95                	j	17a6 <__heap_size+0x7a6>
    1834:	577a                	lw	a4,188(sp)
    1836:	0ee04f63          	bgtz	a4,1934 <__heap_size+0x934>
    183a:	0000c7b7          	lui	a5,0xc
    183e:	c9878793          	addi	a5,a5,-872 # bc98 <zeroes.4384+0x7c>
    1842:	00f8a023          	sw	a5,0(a7)
    1846:	4785                	li	a5,1
    1848:	00f8a223          	sw	a5,4(a7)
    184c:	47ee                	lw	a5,216(sp)
    184e:	0d85                	addi	s11,s11,1
    1850:	0785                	addi	a5,a5,1
    1852:	cfee                	sw	s11,220(sp)
    1854:	cdbe                	sw	a5,216(sp)
    1856:	471d                	li	a4,7
    1858:	08a1                	addi	a7,a7,8
    185a:	00f75b63          	bge	a4,a5,1870 <__heap_size+0x870>
    185e:	09d0                	addi	a2,sp,212
    1860:	85ca                	mv	a1,s2
    1862:	854e                	mv	a0,s3
    1864:	5d4050ef          	jal	ra,6e38 <__sprint_r>
    1868:	52051163          	bnez	a0,1d8a <__heap_size+0xd8a>
    186c:	0fc10893          	addi	a7,sp,252
    1870:	57fa                	lw	a5,188(sp)
    1872:	e791                	bnez	a5,187e <__heap_size+0x87e>
    1874:	000a1563          	bnez	s4,187e <__heap_size+0x87e>
    1878:	00147793          	andi	a5,s0,1
    187c:	dbb1                	beqz	a5,17d0 <__heap_size+0x7d0>
    187e:	5762                	lw	a4,56(sp)
    1880:	47fe                	lw	a5,220(sp)
    1882:	46a6                	lw	a3,72(sp)
    1884:	97ba                	add	a5,a5,a4
    1886:	cfbe                	sw	a5,220(sp)
    1888:	47ee                	lw	a5,216(sp)
    188a:	00e8a223          	sw	a4,4(a7)
    188e:	0785                	addi	a5,a5,1
    1890:	00d8a023          	sw	a3,0(a7)
    1894:	cdbe                	sw	a5,216(sp)
    1896:	471d                	li	a4,7
    1898:	08a1                	addi	a7,a7,8
    189a:	00f75b63          	bge	a4,a5,18b0 <__heap_size+0x8b0>
    189e:	09d0                	addi	a2,sp,212
    18a0:	85ca                	mv	a1,s2
    18a2:	854e                	mv	a0,s3
    18a4:	594050ef          	jal	ra,6e38 <__sprint_r>
    18a8:	4e051163          	bnez	a0,1d8a <__heap_size+0xd8a>
    18ac:	0fc10893          	addi	a7,sp,252
    18b0:	5afa                	lw	s5,188(sp)
    18b2:	040ad263          	bgez	s5,18f6 <__heap_size+0x8f6>
    18b6:	41500ab3          	neg	s5,s5
    18ba:	8746                	mv	a4,a7
    18bc:	4bc1                	li	s7,16
    18be:	4c1d                	li	s8,7
    18c0:	47ee                	lw	a5,216(sp)
    18c2:	46fe                	lw	a3,220(sp)
    18c4:	0785                	addi	a5,a5,1
    18c6:	08a1                	addi	a7,a7,8
    18c8:	035bcf63          	blt	s7,s5,1906 <__heap_size+0x906>
    18cc:	6631                	lui	a2,0xc
    18ce:	01572223          	sw	s5,4(a4)
    18d2:	c1c60613          	addi	a2,a2,-996 # bc1c <zeroes.4384>
    18d6:	9ab6                	add	s5,s5,a3
    18d8:	c310                	sw	a2,0(a4)
    18da:	cfd6                	sw	s5,220(sp)
    18dc:	cdbe                	sw	a5,216(sp)
    18de:	471d                	li	a4,7
    18e0:	00f75b63          	bge	a4,a5,18f6 <__heap_size+0x8f6>
    18e4:	09d0                	addi	a2,sp,212
    18e6:	85ca                	mv	a1,s2
    18e8:	854e                	mv	a0,s3
    18ea:	54e050ef          	jal	ra,6e38 <__sprint_r>
    18ee:	48051e63          	bnez	a0,1d8a <__heap_size+0xd8a>
    18f2:	0fc10893          	addi	a7,sp,252
    18f6:	47fe                	lw	a5,220(sp)
    18f8:	0098a023          	sw	s1,0(a7)
    18fc:	97d2                	add	a5,a5,s4
    18fe:	0148a223          	sw	s4,4(a7)
    1902:	cfbe                	sw	a5,220(sp)
    1904:	b6bd                	j	1472 <__heap_size+0x472>
    1906:	65b1                	lui	a1,0xc
    1908:	c1c58593          	addi	a1,a1,-996 # bc1c <zeroes.4384>
    190c:	06c1                	addi	a3,a3,16
    190e:	c30c                	sw	a1,0(a4)
    1910:	01772223          	sw	s7,4(a4)
    1914:	cfb6                	sw	a3,220(sp)
    1916:	cdbe                	sw	a5,216(sp)
    1918:	00fc5b63          	bge	s8,a5,192e <__heap_size+0x92e>
    191c:	09d0                	addi	a2,sp,212
    191e:	85ca                	mv	a1,s2
    1920:	854e                	mv	a0,s3
    1922:	516050ef          	jal	ra,6e38 <__sprint_r>
    1926:	46051263          	bnez	a0,1d8a <__heap_size+0xd8a>
    192a:	0fc10893          	addi	a7,sp,252
    192e:	1ac1                	addi	s5,s5,-16
    1930:	8746                	mv	a4,a7
    1932:	b779                	j	18c0 <__heap_size+0x8c0>
    1934:	8ae6                	mv	s5,s9
    1936:	019a5363          	bge	s4,s9,193c <__heap_size+0x93c>
    193a:	8ad2                	mv	s5,s4
    193c:	03505863          	blez	s5,196c <__heap_size+0x96c>
    1940:	476e                	lw	a4,216(sp)
    1942:	9dd6                	add	s11,s11,s5
    1944:	0705                	addi	a4,a4,1
    1946:	0098a023          	sw	s1,0(a7)
    194a:	0158a223          	sw	s5,4(a7)
    194e:	cfee                	sw	s11,220(sp)
    1950:	cdba                	sw	a4,216(sp)
    1952:	469d                	li	a3,7
    1954:	08a1                	addi	a7,a7,8
    1956:	00e6db63          	bge	a3,a4,196c <__heap_size+0x96c>
    195a:	09d0                	addi	a2,sp,212
    195c:	85ca                	mv	a1,s2
    195e:	854e                	mv	a0,s3
    1960:	4d8050ef          	jal	ra,6e38 <__sprint_r>
    1964:	42051363          	bnez	a0,1d8a <__heap_size+0xd8a>
    1968:	0fc10893          	addi	a7,sp,252
    196c:	000ad363          	bgez	s5,1972 <__heap_size+0x972>
    1970:	4a81                	li	s5,0
    1972:	415c8ab3          	sub	s5,s9,s5
    1976:	05505263          	blez	s5,19ba <__heap_size+0x9ba>
    197a:	4d41                	li	s10,16
    197c:	4d9d                	li	s11,7
    197e:	476e                	lw	a4,216(sp)
    1980:	46fe                	lw	a3,220(sp)
    1982:	0705                	addi	a4,a4,1
    1984:	00888613          	addi	a2,a7,8
    1988:	135d4563          	blt	s10,s5,1ab2 <__heap_size+0xab2>
    198c:	65b1                	lui	a1,0xc
    198e:	0158a223          	sw	s5,4(a7)
    1992:	c1c58593          	addi	a1,a1,-996 # bc1c <zeroes.4384>
    1996:	9ab6                	add	s5,s5,a3
    1998:	00b8a023          	sw	a1,0(a7)
    199c:	cfd6                	sw	s5,220(sp)
    199e:	cdba                	sw	a4,216(sp)
    19a0:	469d                	li	a3,7
    19a2:	88b2                	mv	a7,a2
    19a4:	00e6db63          	bge	a3,a4,19ba <__heap_size+0x9ba>
    19a8:	09d0                	addi	a2,sp,212
    19aa:	85ca                	mv	a1,s2
    19ac:	854e                	mv	a0,s3
    19ae:	48a050ef          	jal	ra,6e38 <__sprint_r>
    19b2:	3c051c63          	bnez	a0,1d8a <__heap_size+0xd8a>
    19b6:	0fc10893          	addi	a7,sp,252
    19ba:	40047793          	andi	a5,s0,1024
    19be:	01948ab3          	add	s5,s1,s9
    19c2:	cf89                	beqz	a5,19dc <__heap_size+0x9dc>
    19c4:	4d1d                	li	s10,7
    19c6:	01448db3          	add	s11,s1,s4
    19ca:	100b9b63          	bnez	s7,1ae0 <__heap_size+0xae0>
    19ce:	100c1b63          	bnez	s8,1ae4 <__heap_size+0xae4>
    19d2:	014487b3          	add	a5,s1,s4
    19d6:	0157f363          	bgeu	a5,s5,19dc <__heap_size+0x9dc>
    19da:	8abe                	mv	s5,a5
    19dc:	57fa                	lw	a5,188(sp)
    19de:	0147c563          	blt	a5,s4,19e8 <__heap_size+0x9e8>
    19e2:	00147793          	andi	a5,s0,1
    19e6:	cb95                	beqz	a5,1a1a <__heap_size+0xa1a>
    19e8:	5762                	lw	a4,56(sp)
    19ea:	47fe                	lw	a5,220(sp)
    19ec:	46a6                	lw	a3,72(sp)
    19ee:	97ba                	add	a5,a5,a4
    19f0:	cfbe                	sw	a5,220(sp)
    19f2:	47ee                	lw	a5,216(sp)
    19f4:	00e8a223          	sw	a4,4(a7)
    19f8:	0785                	addi	a5,a5,1
    19fa:	00d8a023          	sw	a3,0(a7)
    19fe:	cdbe                	sw	a5,216(sp)
    1a00:	471d                	li	a4,7
    1a02:	08a1                	addi	a7,a7,8
    1a04:	00f75b63          	bge	a4,a5,1a1a <__heap_size+0xa1a>
    1a08:	09d0                	addi	a2,sp,212
    1a0a:	85ca                	mv	a1,s2
    1a0c:	854e                	mv	a0,s3
    1a0e:	42a050ef          	jal	ra,6e38 <__sprint_r>
    1a12:	36051c63          	bnez	a0,1d8a <__heap_size+0xd8a>
    1a16:	0fc10893          	addi	a7,sp,252
    1a1a:	94d2                	add	s1,s1,s4
    1a1c:	415487b3          	sub	a5,s1,s5
    1a20:	54fa                	lw	s1,188(sp)
    1a22:	409a04b3          	sub	s1,s4,s1
    1a26:	0097d363          	bge	a5,s1,1a2c <__heap_size+0xa2c>
    1a2a:	84be                	mv	s1,a5
    1a2c:	02905963          	blez	s1,1a5e <__heap_size+0xa5e>
    1a30:	47fe                	lw	a5,220(sp)
    1a32:	0158a023          	sw	s5,0(a7)
    1a36:	97a6                	add	a5,a5,s1
    1a38:	cfbe                	sw	a5,220(sp)
    1a3a:	47ee                	lw	a5,216(sp)
    1a3c:	0098a223          	sw	s1,4(a7)
    1a40:	0785                	addi	a5,a5,1
    1a42:	cdbe                	sw	a5,216(sp)
    1a44:	471d                	li	a4,7
    1a46:	08a1                	addi	a7,a7,8
    1a48:	00f75b63          	bge	a4,a5,1a5e <__heap_size+0xa5e>
    1a4c:	09d0                	addi	a2,sp,212
    1a4e:	85ca                	mv	a1,s2
    1a50:	854e                	mv	a0,s3
    1a52:	3e6050ef          	jal	ra,6e38 <__sprint_r>
    1a56:	32051a63          	bnez	a0,1d8a <__heap_size+0xd8a>
    1a5a:	0fc10893          	addi	a7,sp,252
    1a5e:	87a6                	mv	a5,s1
    1a60:	0004d363          	bgez	s1,1a66 <__heap_size+0xa66>
    1a64:	4781                	li	a5,0
    1a66:	54fa                	lw	s1,188(sp)
    1a68:	409a04b3          	sub	s1,s4,s1
    1a6c:	8c9d                	sub	s1,s1,a5
    1a6e:	d69051e3          	blez	s1,17d0 <__heap_size+0x7d0>
    1a72:	4ac1                	li	s5,16
    1a74:	4b9d                	li	s7,7
    1a76:	47ee                	lw	a5,216(sp)
    1a78:	477e                	lw	a4,220(sp)
    1a7a:	0785                	addi	a5,a5,1
    1a7c:	00888693          	addi	a3,a7,8
    1a80:	d29adae3          	bge	s5,s1,17b4 <__heap_size+0x7b4>
    1a84:	65b1                	lui	a1,0xc
    1a86:	c1c58593          	addi	a1,a1,-996 # bc1c <zeroes.4384>
    1a8a:	0741                	addi	a4,a4,16
    1a8c:	00b8a023          	sw	a1,0(a7)
    1a90:	0158a223          	sw	s5,4(a7)
    1a94:	cfba                	sw	a4,220(sp)
    1a96:	cdbe                	sw	a5,216(sp)
    1a98:	00fbda63          	bge	s7,a5,1aac <__heap_size+0xaac>
    1a9c:	09d0                	addi	a2,sp,212
    1a9e:	85ca                	mv	a1,s2
    1aa0:	854e                	mv	a0,s3
    1aa2:	396050ef          	jal	ra,6e38 <__sprint_r>
    1aa6:	2e051263          	bnez	a0,1d8a <__heap_size+0xd8a>
    1aaa:	19f4                	addi	a3,sp,252
    1aac:	14c1                	addi	s1,s1,-16
    1aae:	88b6                	mv	a7,a3
    1ab0:	b7d9                	j	1a76 <__heap_size+0xa76>
    1ab2:	67b1                	lui	a5,0xc
    1ab4:	c1c78793          	addi	a5,a5,-996 # bc1c <zeroes.4384>
    1ab8:	06c1                	addi	a3,a3,16
    1aba:	00f8a023          	sw	a5,0(a7)
    1abe:	01a8a223          	sw	s10,4(a7)
    1ac2:	cfb6                	sw	a3,220(sp)
    1ac4:	cdba                	sw	a4,216(sp)
    1ac6:	00edda63          	bge	s11,a4,1ada <__heap_size+0xada>
    1aca:	09d0                	addi	a2,sp,212
    1acc:	85ca                	mv	a1,s2
    1ace:	854e                	mv	a0,s3
    1ad0:	368050ef          	jal	ra,6e38 <__sprint_r>
    1ad4:	2a051b63          	bnez	a0,1d8a <__heap_size+0xd8a>
    1ad8:	19f0                	addi	a2,sp,252
    1ada:	1ac1                	addi	s5,s5,-16
    1adc:	88b2                	mv	a7,a2
    1ade:	b545                	j	197e <__heap_size+0x97e>
    1ae0:	080c0c63          	beqz	s8,1b78 <__heap_size+0xb78>
    1ae4:	1c7d                	addi	s8,s8,-1
    1ae6:	4716                	lw	a4,68(sp)
    1ae8:	47fe                	lw	a5,220(sp)
    1aea:	46c6                	lw	a3,80(sp)
    1aec:	97ba                	add	a5,a5,a4
    1aee:	cfbe                	sw	a5,220(sp)
    1af0:	47ee                	lw	a5,216(sp)
    1af2:	00d8a023          	sw	a3,0(a7)
    1af6:	0785                	addi	a5,a5,1
    1af8:	00e8a223          	sw	a4,4(a7)
    1afc:	cdbe                	sw	a5,216(sp)
    1afe:	08a1                	addi	a7,a7,8
    1b00:	00fd5b63          	bge	s10,a5,1b16 <__heap_size+0xb16>
    1b04:	09d0                	addi	a2,sp,212
    1b06:	85ca                	mv	a1,s2
    1b08:	854e                	mv	a0,s3
    1b0a:	32e050ef          	jal	ra,6e38 <__sprint_r>
    1b0e:	26051e63          	bnez	a0,1d8a <__heap_size+0xd8a>
    1b12:	0fc10893          	addi	a7,sp,252
    1b16:	57a2                	lw	a5,40(sp)
    1b18:	415d8733          	sub	a4,s11,s5
    1b1c:	0007cb03          	lbu	s6,0(a5)
    1b20:	01675363          	bge	a4,s6,1b26 <__heap_size+0xb26>
    1b24:	8b3a                	mv	s6,a4
    1b26:	03605863          	blez	s6,1b56 <__heap_size+0xb56>
    1b2a:	477e                	lw	a4,220(sp)
    1b2c:	0158a023          	sw	s5,0(a7)
    1b30:	975a                	add	a4,a4,s6
    1b32:	cfba                	sw	a4,220(sp)
    1b34:	476e                	lw	a4,216(sp)
    1b36:	0168a223          	sw	s6,4(a7)
    1b3a:	0705                	addi	a4,a4,1
    1b3c:	cdba                	sw	a4,216(sp)
    1b3e:	08a1                	addi	a7,a7,8
    1b40:	00ed5b63          	bge	s10,a4,1b56 <__heap_size+0xb56>
    1b44:	09d0                	addi	a2,sp,212
    1b46:	85ca                	mv	a1,s2
    1b48:	854e                	mv	a0,s3
    1b4a:	2ee050ef          	jal	ra,6e38 <__sprint_r>
    1b4e:	22051e63          	bnez	a0,1d8a <__heap_size+0xd8a>
    1b52:	0fc10893          	addi	a7,sp,252
    1b56:	875a                	mv	a4,s6
    1b58:	000b5363          	bgez	s6,1b5e <__heap_size+0xb5e>
    1b5c:	4701                	li	a4,0
    1b5e:	55a2                	lw	a1,40(sp)
    1b60:	4841                	li	a6,16
    1b62:	0005c783          	lbu	a5,0(a1)
    1b66:	40e78b33          	sub	s6,a5,a4
    1b6a:	05604463          	bgtz	s6,1bb2 <__heap_size+0xbb2>
    1b6e:	5622                	lw	a2,40(sp)
    1b70:	00064783          	lbu	a5,0(a2)
    1b74:	9abe                	add	s5,s5,a5
    1b76:	bd91                	j	19ca <__heap_size+0x9ca>
    1b78:	5622                	lw	a2,40(sp)
    1b7a:	1bfd                	addi	s7,s7,-1
    1b7c:	167d                	addi	a2,a2,-1
    1b7e:	d432                	sw	a2,40(sp)
    1b80:	b79d                	j	1ae6 <__heap_size+0xae6>
    1b82:	67b1                	lui	a5,0xc
    1b84:	c1c78793          	addi	a5,a5,-996 # bc1c <zeroes.4384>
    1b88:	06c1                	addi	a3,a3,16
    1b8a:	00f8a023          	sw	a5,0(a7)
    1b8e:	0108a223          	sw	a6,4(a7)
    1b92:	cfb6                	sw	a3,220(sp)
    1b94:	cdba                	sw	a4,216(sp)
    1b96:	00ed5c63          	bge	s10,a4,1bae <__heap_size+0xbae>
    1b9a:	09d0                	addi	a2,sp,212
    1b9c:	85ca                	mv	a1,s2
    1b9e:	854e                	mv	a0,s3
    1ba0:	ca42                	sw	a6,20(sp)
    1ba2:	296050ef          	jal	ra,6e38 <__sprint_r>
    1ba6:	4852                	lw	a6,20(sp)
    1ba8:	1e051163          	bnez	a0,1d8a <__heap_size+0xd8a>
    1bac:	19f0                	addi	a2,sp,252
    1bae:	1b41                	addi	s6,s6,-16
    1bb0:	88b2                	mv	a7,a2
    1bb2:	476e                	lw	a4,216(sp)
    1bb4:	46fe                	lw	a3,220(sp)
    1bb6:	0705                	addi	a4,a4,1
    1bb8:	00888613          	addi	a2,a7,8
    1bbc:	fd6843e3          	blt	a6,s6,1b82 <__heap_size+0xb82>
    1bc0:	65b1                	lui	a1,0xc
    1bc2:	c1c58593          	addi	a1,a1,-996 # bc1c <zeroes.4384>
    1bc6:	00db07b3          	add	a5,s6,a3
    1bca:	00b8a023          	sw	a1,0(a7)
    1bce:	0168a223          	sw	s6,4(a7)
    1bd2:	cfbe                	sw	a5,220(sp)
    1bd4:	cdba                	sw	a4,216(sp)
    1bd6:	88b2                	mv	a7,a2
    1bd8:	f8ed5be3          	bge	s10,a4,1b6e <__heap_size+0xb6e>
    1bdc:	09d0                	addi	a2,sp,212
    1bde:	85ca                	mv	a1,s2
    1be0:	854e                	mv	a0,s3
    1be2:	256050ef          	jal	ra,6e38 <__sprint_r>
    1be6:	1a051263          	bnez	a0,1d8a <__heap_size+0xd8a>
    1bea:	0fc10893          	addi	a7,sp,252
    1bee:	b741                	j	1b6e <__heap_size+0xb6e>
    1bf0:	47ee                	lw	a5,216(sp)
    1bf2:	4705                	li	a4,1
    1bf4:	0098a023          	sw	s1,0(a7)
    1bf8:	0d85                	addi	s11,s11,1
    1bfa:	0785                	addi	a5,a5,1
    1bfc:	00888b93          	addi	s7,a7,8
    1c00:	01474663          	blt	a4,s4,1c0c <__heap_size+0xc0c>
    1c04:	00147693          	andi	a3,s0,1
    1c08:	12068863          	beqz	a3,1d38 <__heap_size+0xd38>
    1c0c:	4705                	li	a4,1
    1c0e:	00e8a223          	sw	a4,4(a7)
    1c12:	cfee                	sw	s11,220(sp)
    1c14:	cdbe                	sw	a5,216(sp)
    1c16:	471d                	li	a4,7
    1c18:	00f75b63          	bge	a4,a5,1c2e <__heap_size+0xc2e>
    1c1c:	09d0                	addi	a2,sp,212
    1c1e:	85ca                	mv	a1,s2
    1c20:	854e                	mv	a0,s3
    1c22:	216050ef          	jal	ra,6e38 <__sprint_r>
    1c26:	16051263          	bnez	a0,1d8a <__heap_size+0xd8a>
    1c2a:	0fc10b93          	addi	s7,sp,252
    1c2e:	5762                	lw	a4,56(sp)
    1c30:	47fe                	lw	a5,220(sp)
    1c32:	46a6                	lw	a3,72(sp)
    1c34:	97ba                	add	a5,a5,a4
    1c36:	cfbe                	sw	a5,220(sp)
    1c38:	47ee                	lw	a5,216(sp)
    1c3a:	00eba223          	sw	a4,4(s7)
    1c3e:	0785                	addi	a5,a5,1
    1c40:	00dba023          	sw	a3,0(s7)
    1c44:	cdbe                	sw	a5,216(sp)
    1c46:	471d                	li	a4,7
    1c48:	0ba1                	addi	s7,s7,8
    1c4a:	00f75b63          	bge	a4,a5,1c60 <__heap_size+0xc60>
    1c4e:	09d0                	addi	a2,sp,212
    1c50:	85ca                	mv	a1,s2
    1c52:	854e                	mv	a0,s3
    1c54:	1e4050ef          	jal	ra,6e38 <__sprint_r>
    1c58:	12051963          	bnez	a0,1d8a <__heap_size+0xd8a>
    1c5c:	0fc10b93          	addi	s7,sp,252
    1c60:	578e                	lw	a5,224(sp)
    1c62:	090c                	addi	a1,sp,144
    1c64:	d13e                	sw	a5,160(sp)
    1c66:	579e                	lw	a5,228(sp)
    1c68:	1108                	addi	a0,sp,160
    1c6a:	d33e                	sw	a5,164(sp)
    1c6c:	57ae                	lw	a5,232(sp)
    1c6e:	fffa0a93          	addi	s5,s4,-1
    1c72:	d53e                	sw	a5,168(sp)
    1c74:	57be                	lw	a5,236(sp)
    1c76:	c902                	sw	zero,144(sp)
    1c78:	d73e                	sw	a5,172(sp)
    1c7a:	cb02                	sw	zero,148(sp)
    1c7c:	cd02                	sw	zero,152(sp)
    1c7e:	cf02                	sw	zero,156(sp)
    1c80:	237070ef          	jal	ra,96b6 <__eqtf2>
    1c84:	cd21                	beqz	a0,1cdc <__heap_size+0xcdc>
    1c86:	47fe                	lw	a5,220(sp)
    1c88:	476e                	lw	a4,216(sp)
    1c8a:	17fd                	addi	a5,a5,-1
    1c8c:	97d2                	add	a5,a5,s4
    1c8e:	0705                	addi	a4,a4,1
    1c90:	0485                	addi	s1,s1,1
    1c92:	009ba023          	sw	s1,0(s7)
    1c96:	015ba223          	sw	s5,4(s7)
    1c9a:	cfbe                	sw	a5,220(sp)
    1c9c:	cdba                	sw	a4,216(sp)
    1c9e:	479d                	li	a5,7
    1ca0:	0ba1                	addi	s7,s7,8
    1ca2:	00e7da63          	bge	a5,a4,1cb6 <__heap_size+0xcb6>
    1ca6:	09d0                	addi	a2,sp,212
    1ca8:	85ca                	mv	a1,s2
    1caa:	854e                	mv	a0,s3
    1cac:	18c050ef          	jal	ra,6e38 <__sprint_r>
    1cb0:	ed69                	bnez	a0,1d8a <__heap_size+0xd8a>
    1cb2:	0fc10b93          	addi	s7,sp,252
    1cb6:	01dc                	addi	a5,sp,196
    1cb8:	46d6                	lw	a3,84(sp)
    1cba:	00fba023          	sw	a5,0(s7)
    1cbe:	47fe                	lw	a5,220(sp)
    1cc0:	00dba223          	sw	a3,4(s7)
    1cc4:	97b6                	add	a5,a5,a3
    1cc6:	cfbe                	sw	a5,220(sp)
    1cc8:	47ee                	lw	a5,216(sp)
    1cca:	471d                	li	a4,7
    1ccc:	0785                	addi	a5,a5,1
    1cce:	cdbe                	sw	a5,216(sp)
    1cd0:	008b8893          	addi	a7,s7,8
    1cd4:	aef75ee3          	bge	a4,a5,17d0 <__heap_size+0x7d0>
    1cd8:	fa8ff06f          	j	1480 <__heap_size+0x480>
    1cdc:	fd505de3          	blez	s5,1cb6 <__heap_size+0xcb6>
    1ce0:	44c1                	li	s1,16
    1ce2:	4c1d                	li	s8,7
    1ce4:	476e                	lw	a4,216(sp)
    1ce6:	47fe                	lw	a5,220(sp)
    1ce8:	0705                	addi	a4,a4,1
    1cea:	008b8693          	addi	a3,s7,8
    1cee:	0154cf63          	blt	s1,s5,1d0c <__heap_size+0xd0c>
    1cf2:	6631                	lui	a2,0xc
    1cf4:	97d6                	add	a5,a5,s5
    1cf6:	c1c60613          	addi	a2,a2,-996 # bc1c <zeroes.4384>
    1cfa:	00cba023          	sw	a2,0(s7)
    1cfe:	015ba223          	sw	s5,4(s7)
    1d02:	cfbe                	sw	a5,220(sp)
    1d04:	cdba                	sw	a4,216(sp)
    1d06:	479d                	li	a5,7
    1d08:	8bb6                	mv	s7,a3
    1d0a:	bf61                	j	1ca2 <__heap_size+0xca2>
    1d0c:	65b1                	lui	a1,0xc
    1d0e:	c1c58593          	addi	a1,a1,-996 # bc1c <zeroes.4384>
    1d12:	07c1                	addi	a5,a5,16
    1d14:	00bba023          	sw	a1,0(s7)
    1d18:	009ba223          	sw	s1,4(s7)
    1d1c:	cfbe                	sw	a5,220(sp)
    1d1e:	cdba                	sw	a4,216(sp)
    1d20:	00ec5963          	bge	s8,a4,1d32 <__heap_size+0xd32>
    1d24:	09d0                	addi	a2,sp,212
    1d26:	85ca                	mv	a1,s2
    1d28:	854e                	mv	a0,s3
    1d2a:	10e050ef          	jal	ra,6e38 <__sprint_r>
    1d2e:	ed31                	bnez	a0,1d8a <__heap_size+0xd8a>
    1d30:	19f4                	addi	a3,sp,252
    1d32:	1ac1                	addi	s5,s5,-16
    1d34:	8bb6                	mv	s7,a3
    1d36:	b77d                	j	1ce4 <__heap_size+0xce4>
    1d38:	00e8a223          	sw	a4,4(a7)
    1d3c:	cfee                	sw	s11,220(sp)
    1d3e:	cdbe                	sw	a5,216(sp)
    1d40:	471d                	li	a4,7
    1d42:	f6f75ae3          	bge	a4,a5,1cb6 <__heap_size+0xcb6>
    1d46:	b785                	j	1ca6 <__heap_size+0xca6>
    1d48:	4586                	lw	a1,64(sp)
    1d4a:	56d2                	lw	a3,52(sp)
    1d4c:	40d58433          	sub	s0,a1,a3
    1d50:	a88053e3          	blez	s0,17d6 <__heap_size+0x7d6>
    1d54:	64b1                	lui	s1,0xc
    1d56:	4ac1                	li	s5,16
    1d58:	c0c48493          	addi	s1,s1,-1012 # bc0c <blanks.4383>
    1d5c:	4b9d                	li	s7,7
    1d5e:	47ee                	lw	a5,216(sp)
    1d60:	0098a023          	sw	s1,0(a7)
    1d64:	477e                	lw	a4,220(sp)
    1d66:	0785                	addi	a5,a5,1
    1d68:	028acb63          	blt	s5,s0,1d9e <__heap_size+0xd9e>
    1d6c:	0088a223          	sw	s0,4(a7)
    1d70:	943a                	add	s0,s0,a4
    1d72:	cfa2                	sw	s0,220(sp)
    1d74:	cdbe                	sw	a5,216(sp)
    1d76:	471d                	li	a4,7
    1d78:	a4f75fe3          	bge	a4,a5,17d6 <__heap_size+0x7d6>
    1d7c:	09d0                	addi	a2,sp,212
    1d7e:	85ca                	mv	a1,s2
    1d80:	854e                	mv	a0,s3
    1d82:	0b6050ef          	jal	ra,6e38 <__sprint_r>
    1d86:	a40508e3          	beqz	a0,17d6 <__heap_size+0x7d6>
    1d8a:	5792                	lw	a5,36(sp)
    1d8c:	e399                	bnez	a5,1d92 <__heap_size+0xd92>
    1d8e:	ee3fe06f          	j	c70 <_vfprintf_r+0x4e6>
    1d92:	85be                	mv	a1,a5
    1d94:	854e                	mv	a0,s3
    1d96:	6f6000ef          	jal	ra,248c <_free_r>
    1d9a:	ed7fe06f          	j	c70 <_vfprintf_r+0x4e6>
    1d9e:	0741                	addi	a4,a4,16
    1da0:	0158a223          	sw	s5,4(a7)
    1da4:	cfba                	sw	a4,220(sp)
    1da6:	cdbe                	sw	a5,216(sp)
    1da8:	08a1                	addi	a7,a7,8
    1daa:	00fbda63          	bge	s7,a5,1dbe <__heap_size+0xdbe>
    1dae:	09d0                	addi	a2,sp,212
    1db0:	85ca                	mv	a1,s2
    1db2:	854e                	mv	a0,s3
    1db4:	084050ef          	jal	ra,6e38 <__sprint_r>
    1db8:	f969                	bnez	a0,1d8a <__heap_size+0xd8a>
    1dba:	0fc10893          	addi	a7,sp,252
    1dbe:	1441                	addi	s0,s0,-16
    1dc0:	bf79                	j	1d5e <__heap_size+0xd5e>
    1dc2:	5592                	lw	a1,36(sp)
    1dc4:	854e                	mv	a0,s3
    1dc6:	6c6000ef          	jal	ra,248c <_free_r>
    1dca:	bc1d                	j	1800 <__heap_size+0x800>
    1dcc:	47fe                	lw	a5,220(sp)
    1dce:	e399                	bnez	a5,1dd4 <__heap_size+0xdd4>
    1dd0:	ea1fe06f          	j	c70 <_vfprintf_r+0x4e6>
    1dd4:	09d0                	addi	a2,sp,212
    1dd6:	85ca                	mv	a1,s2
    1dd8:	854e                	mv	a0,s3
    1dda:	05e050ef          	jal	ra,6e38 <__sprint_r>
    1dde:	e93fe06f          	j	c70 <_vfprintf_r+0x4e6>

00001de2 <vfprintf>:
    1de2:	86b2                	mv	a3,a2
    1de4:	862e                	mv	a2,a1
    1de6:	85aa                	mv	a1,a0
    1de8:	1c01a503          	lw	a0,448(gp) # d1a8 <_impure_ptr>
    1dec:	99ffe06f          	j	78a <_vfprintf_r>

00001df0 <__sbprintf>:
    1df0:	00c5d783          	lhu	a5,12(a1)
    1df4:	b8010113          	addi	sp,sp,-1152
    1df8:	9bf5                	andi	a5,a5,-3
    1dfa:	00f11a23          	sh	a5,20(sp)
    1dfe:	51fc                	lw	a5,100(a1)
    1e00:	46812c23          	sw	s0,1144(sp)
    1e04:	d6be                	sw	a5,108(sp)
    1e06:	00e5d783          	lhu	a5,14(a1)
    1e0a:	842e                	mv	s0,a1
    1e0c:	00f11b23          	sh	a5,22(sp)
    1e10:	4ddc                	lw	a5,28(a1)
    1e12:	46912a23          	sw	s1,1140(sp)
    1e16:	d23e                	sw	a5,36(sp)
    1e18:	51dc                	lw	a5,36(a1)
    1e1a:	002c                	addi	a1,sp,8
    1e1c:	d63e                	sw	a5,44(sp)
    1e1e:	189c                	addi	a5,sp,112
    1e20:	c43e                	sw	a5,8(sp)
    1e22:	cc3e                	sw	a5,24(sp)
    1e24:	40000793          	li	a5,1024
    1e28:	47212823          	sw	s2,1136(sp)
    1e2c:	46112e23          	sw	ra,1148(sp)
    1e30:	892a                	mv	s2,a0
    1e32:	c83e                	sw	a5,16(sp)
    1e34:	ce3e                	sw	a5,28(sp)
    1e36:	d002                	sw	zero,32(sp)
    1e38:	953fe0ef          	jal	ra,78a <_vfprintf_r>
    1e3c:	84aa                	mv	s1,a0
    1e3e:	00054763          	bltz	a0,1e4c <__sbprintf+0x5c>
    1e42:	002c                	addi	a1,sp,8
    1e44:	854a                	mv	a0,s2
    1e46:	26bd                	jal	21b4 <_fflush_r>
    1e48:	c111                	beqz	a0,1e4c <__sbprintf+0x5c>
    1e4a:	54fd                	li	s1,-1
    1e4c:	01415783          	lhu	a5,20(sp)
    1e50:	0407f793          	andi	a5,a5,64
    1e54:	c799                	beqz	a5,1e62 <__sbprintf+0x72>
    1e56:	00c45783          	lhu	a5,12(s0)
    1e5a:	0407e793          	ori	a5,a5,64
    1e5e:	00f41623          	sh	a5,12(s0)
    1e62:	47c12083          	lw	ra,1148(sp)
    1e66:	47812403          	lw	s0,1144(sp)
    1e6a:	8526                	mv	a0,s1
    1e6c:	47012903          	lw	s2,1136(sp)
    1e70:	47412483          	lw	s1,1140(sp)
    1e74:	48010113          	addi	sp,sp,1152
    1e78:	8082                	ret

00001e7a <__swsetup_r>:
    1e7a:	1141                	addi	sp,sp,-16
    1e7c:	c226                	sw	s1,4(sp)
    1e7e:	84aa                	mv	s1,a0
    1e80:	1c01a503          	lw	a0,448(gp) # d1a8 <_impure_ptr>
    1e84:	c422                	sw	s0,8(sp)
    1e86:	c606                	sw	ra,12(sp)
    1e88:	842e                	mv	s0,a1
    1e8a:	c501                	beqz	a0,1e92 <__swsetup_r+0x18>
    1e8c:	5d1c                	lw	a5,56(a0)
    1e8e:	e391                	bnez	a5,1e92 <__swsetup_r+0x18>
    1e90:	2925                	jal	22c8 <__sinit>
    1e92:	00c41703          	lh	a4,12(s0)
    1e96:	01071793          	slli	a5,a4,0x10
    1e9a:	83c1                	srli	a5,a5,0x10
    1e9c:	0087f693          	andi	a3,a5,8
    1ea0:	eea1                	bnez	a3,1ef8 <__swsetup_r+0x7e>
    1ea2:	0107f693          	andi	a3,a5,16
    1ea6:	ee89                	bnez	a3,1ec0 <__swsetup_r+0x46>
    1ea8:	47a5                	li	a5,9
    1eaa:	c09c                	sw	a5,0(s1)
    1eac:	04076713          	ori	a4,a4,64
    1eb0:	00e41623          	sh	a4,12(s0)
    1eb4:	557d                	li	a0,-1
    1eb6:	40b2                	lw	ra,12(sp)
    1eb8:	4422                	lw	s0,8(sp)
    1eba:	4492                	lw	s1,4(sp)
    1ebc:	0141                	addi	sp,sp,16
    1ebe:	8082                	ret
    1ec0:	8b91                	andi	a5,a5,4
    1ec2:	c78d                	beqz	a5,1eec <__swsetup_r+0x72>
    1ec4:	580c                	lw	a1,48(s0)
    1ec6:	c989                	beqz	a1,1ed8 <__swsetup_r+0x5e>
    1ec8:	04040793          	addi	a5,s0,64
    1ecc:	00f58463          	beq	a1,a5,1ed4 <__swsetup_r+0x5a>
    1ed0:	8526                	mv	a0,s1
    1ed2:	2b6d                	jal	248c <_free_r>
    1ed4:	02042823          	sw	zero,48(s0)
    1ed8:	00c45783          	lhu	a5,12(s0)
    1edc:	00042223          	sw	zero,4(s0)
    1ee0:	fdb7f793          	andi	a5,a5,-37
    1ee4:	00f41623          	sh	a5,12(s0)
    1ee8:	481c                	lw	a5,16(s0)
    1eea:	c01c                	sw	a5,0(s0)
    1eec:	00c45783          	lhu	a5,12(s0)
    1ef0:	0087e793          	ori	a5,a5,8
    1ef4:	00f41623          	sh	a5,12(s0)
    1ef8:	481c                	lw	a5,16(s0)
    1efa:	ef89                	bnez	a5,1f14 <__swsetup_r+0x9a>
    1efc:	00c45783          	lhu	a5,12(s0)
    1f00:	20000713          	li	a4,512
    1f04:	2807f793          	andi	a5,a5,640
    1f08:	00e78663          	beq	a5,a4,1f14 <__swsetup_r+0x9a>
    1f0c:	85a2                	mv	a1,s0
    1f0e:	8526                	mv	a0,s1
    1f10:	250020ef          	jal	ra,4160 <__smakebuf_r>
    1f14:	00c45783          	lhu	a5,12(s0)
    1f18:	0017f713          	andi	a4,a5,1
    1f1c:	c705                	beqz	a4,1f44 <__swsetup_r+0xca>
    1f1e:	485c                	lw	a5,20(s0)
    1f20:	00042423          	sw	zero,8(s0)
    1f24:	40f007b3          	neg	a5,a5
    1f28:	cc1c                	sw	a5,24(s0)
    1f2a:	481c                	lw	a5,16(s0)
    1f2c:	4501                	li	a0,0
    1f2e:	f7c1                	bnez	a5,1eb6 <__swsetup_r+0x3c>
    1f30:	00c41783          	lh	a5,12(s0)
    1f34:	0807f713          	andi	a4,a5,128
    1f38:	df3d                	beqz	a4,1eb6 <__swsetup_r+0x3c>
    1f3a:	0407e793          	ori	a5,a5,64
    1f3e:	00f41623          	sh	a5,12(s0)
    1f42:	bf8d                	j	1eb4 <__swsetup_r+0x3a>
    1f44:	8b89                	andi	a5,a5,2
    1f46:	4701                	li	a4,0
    1f48:	e391                	bnez	a5,1f4c <__swsetup_r+0xd2>
    1f4a:	4858                	lw	a4,20(s0)
    1f4c:	c418                	sw	a4,8(s0)
    1f4e:	bff1                	j	1f2a <__swsetup_r+0xb0>

00001f50 <__register_exitproc>:
    1f50:	1bc1a703          	lw	a4,444(gp) # d1a4 <_global_impure_ptr>
    1f54:	832a                	mv	t1,a0
    1f56:	14872783          	lw	a5,328(a4)
    1f5a:	e789                	bnez	a5,1f64 <__register_exitproc+0x14>
    1f5c:	14c70793          	addi	a5,a4,332
    1f60:	14f72423          	sw	a5,328(a4)
    1f64:	43d8                	lw	a4,4(a5)
    1f66:	487d                	li	a6,31
    1f68:	557d                	li	a0,-1
    1f6a:	04e84263          	blt	a6,a4,1fae <__register_exitproc+0x5e>
    1f6e:	00271893          	slli	a7,a4,0x2
    1f72:	02030963          	beqz	t1,1fa4 <__register_exitproc+0x54>
    1f76:	01178533          	add	a0,a5,a7
    1f7a:	08c52423          	sw	a2,136(a0)
    1f7e:	1887a803          	lw	a6,392(a5)
    1f82:	4605                	li	a2,1
    1f84:	00e61633          	sll	a2,a2,a4
    1f88:	00c86833          	or	a6,a6,a2
    1f8c:	1907a423          	sw	a6,392(a5)
    1f90:	10d52423          	sw	a3,264(a0)
    1f94:	4689                	li	a3,2
    1f96:	00d31763          	bne	t1,a3,1fa4 <__register_exitproc+0x54>
    1f9a:	18c7a683          	lw	a3,396(a5)
    1f9e:	8e55                	or	a2,a2,a3
    1fa0:	18c7a623          	sw	a2,396(a5)
    1fa4:	0705                	addi	a4,a4,1
    1fa6:	c3d8                	sw	a4,4(a5)
    1fa8:	97c6                	add	a5,a5,a7
    1faa:	c78c                	sw	a1,8(a5)
    1fac:	4501                	li	a0,0
    1fae:	8082                	ret

00001fb0 <__call_exitprocs>:
    1fb0:	7179                	addi	sp,sp,-48
    1fb2:	ce4e                	sw	s3,28(sp)
    1fb4:	1bc1a983          	lw	s3,444(gp) # d1a4 <_global_impure_ptr>
    1fb8:	cc52                	sw	s4,24(sp)
    1fba:	ca56                	sw	s5,20(sp)
    1fbc:	c85a                	sw	s6,16(sp)
    1fbe:	d606                	sw	ra,44(sp)
    1fc0:	d422                	sw	s0,40(sp)
    1fc2:	d226                	sw	s1,36(sp)
    1fc4:	d04a                	sw	s2,32(sp)
    1fc6:	c65e                	sw	s7,12(sp)
    1fc8:	8aaa                	mv	s5,a0
    1fca:	8a2e                	mv	s4,a1
    1fcc:	4b05                	li	s6,1
    1fce:	1489a483          	lw	s1,328(s3)
    1fd2:	c881                	beqz	s1,1fe2 <__call_exitprocs+0x32>
    1fd4:	40c0                	lw	s0,4(s1)
    1fd6:	fff40913          	addi	s2,s0,-1
    1fda:	040a                	slli	s0,s0,0x2
    1fdc:	9426                	add	s0,s0,s1
    1fde:	00095d63          	bgez	s2,1ff8 <__call_exitprocs+0x48>
    1fe2:	50b2                	lw	ra,44(sp)
    1fe4:	5422                	lw	s0,40(sp)
    1fe6:	5492                	lw	s1,36(sp)
    1fe8:	5902                	lw	s2,32(sp)
    1fea:	49f2                	lw	s3,28(sp)
    1fec:	4a62                	lw	s4,24(sp)
    1fee:	4ad2                	lw	s5,20(sp)
    1ff0:	4b42                	lw	s6,16(sp)
    1ff2:	4bb2                	lw	s7,12(sp)
    1ff4:	6145                	addi	sp,sp,48
    1ff6:	8082                	ret
    1ff8:	000a0963          	beqz	s4,200a <__call_exitprocs+0x5a>
    1ffc:	10442783          	lw	a5,260(s0)
    2000:	01478563          	beq	a5,s4,200a <__call_exitprocs+0x5a>
    2004:	197d                	addi	s2,s2,-1
    2006:	1471                	addi	s0,s0,-4
    2008:	bfd9                	j	1fde <__call_exitprocs+0x2e>
    200a:	40d8                	lw	a4,4(s1)
    200c:	405c                	lw	a5,4(s0)
    200e:	177d                	addi	a4,a4,-1
    2010:	03271663          	bne	a4,s2,203c <__call_exitprocs+0x8c>
    2014:	0124a223          	sw	s2,4(s1)
    2018:	d7f5                	beqz	a5,2004 <__call_exitprocs+0x54>
    201a:	1884a683          	lw	a3,392(s1)
    201e:	012b1733          	sll	a4,s6,s2
    2022:	8ef9                	and	a3,a3,a4
    2024:	0044ab83          	lw	s7,4(s1)
    2028:	ee89                	bnez	a3,2042 <__call_exitprocs+0x92>
    202a:	9782                	jalr	a5
    202c:	40d8                	lw	a4,4(s1)
    202e:	1489a783          	lw	a5,328(s3)
    2032:	f9771ee3          	bne	a4,s7,1fce <__call_exitprocs+0x1e>
    2036:	fcf487e3          	beq	s1,a5,2004 <__call_exitprocs+0x54>
    203a:	bf51                	j	1fce <__call_exitprocs+0x1e>
    203c:	00042223          	sw	zero,4(s0)
    2040:	bfe1                	j	2018 <__call_exitprocs+0x68>
    2042:	18c4a683          	lw	a3,396(s1)
    2046:	08442583          	lw	a1,132(s0)
    204a:	8f75                	and	a4,a4,a3
    204c:	e701                	bnez	a4,2054 <__call_exitprocs+0xa4>
    204e:	8556                	mv	a0,s5
    2050:	9782                	jalr	a5
    2052:	bfe9                	j	202c <__call_exitprocs+0x7c>
    2054:	852e                	mv	a0,a1
    2056:	9782                	jalr	a5
    2058:	bfd1                	j	202c <__call_exitprocs+0x7c>

0000205a <__sflush_r>:
    205a:	00c59783          	lh	a5,12(a1)
    205e:	1101                	addi	sp,sp,-32
    2060:	01079713          	slli	a4,a5,0x10
    2064:	8341                	srli	a4,a4,0x10
    2066:	cc22                	sw	s0,24(sp)
    2068:	ca26                	sw	s1,20(sp)
    206a:	ce06                	sw	ra,28(sp)
    206c:	c84a                	sw	s2,16(sp)
    206e:	c64e                	sw	s3,12(sp)
    2070:	00877693          	andi	a3,a4,8
    2074:	84aa                	mv	s1,a0
    2076:	842e                	mv	s0,a1
    2078:	eee5                	bnez	a3,2170 <__sflush_r+0x116>
    207a:	6705                	lui	a4,0x1
    207c:	80070713          	addi	a4,a4,-2048 # 800 <_vfprintf_r+0x76>
    2080:	8fd9                	or	a5,a5,a4
    2082:	41d8                	lw	a4,4(a1)
    2084:	00f59623          	sh	a5,12(a1)
    2088:	00e04d63          	bgtz	a4,20a2 <__sflush_r+0x48>
    208c:	5dd8                	lw	a4,60(a1)
    208e:	00e04a63          	bgtz	a4,20a2 <__sflush_r+0x48>
    2092:	4501                	li	a0,0
    2094:	40f2                	lw	ra,28(sp)
    2096:	4462                	lw	s0,24(sp)
    2098:	44d2                	lw	s1,20(sp)
    209a:	4942                	lw	s2,16(sp)
    209c:	49b2                	lw	s3,12(sp)
    209e:	6105                	addi	sp,sp,32
    20a0:	8082                	ret
    20a2:	5418                	lw	a4,40(s0)
    20a4:	d77d                	beqz	a4,2092 <__sflush_r+0x38>
    20a6:	0004a903          	lw	s2,0(s1)
    20aa:	01379693          	slli	a3,a5,0x13
    20ae:	0004a023          	sw	zero,0(s1)
    20b2:	4c4c                	lw	a1,28(s0)
    20b4:	0806d563          	bgez	a3,213e <__sflush_r+0xe4>
    20b8:	4830                	lw	a2,80(s0)
    20ba:	00c45783          	lhu	a5,12(s0)
    20be:	8b91                	andi	a5,a5,4
    20c0:	c799                	beqz	a5,20ce <__sflush_r+0x74>
    20c2:	405c                	lw	a5,4(s0)
    20c4:	8e1d                	sub	a2,a2,a5
    20c6:	581c                	lw	a5,48(s0)
    20c8:	c399                	beqz	a5,20ce <__sflush_r+0x74>
    20ca:	5c5c                	lw	a5,60(s0)
    20cc:	8e1d                	sub	a2,a2,a5
    20ce:	541c                	lw	a5,40(s0)
    20d0:	4c4c                	lw	a1,28(s0)
    20d2:	4681                	li	a3,0
    20d4:	8526                	mv	a0,s1
    20d6:	9782                	jalr	a5
    20d8:	57fd                	li	a5,-1
    20da:	00c45683          	lhu	a3,12(s0)
    20de:	00f51d63          	bne	a0,a5,20f8 <__sflush_r+0x9e>
    20e2:	409c                	lw	a5,0(s1)
    20e4:	4775                	li	a4,29
    20e6:	06f76f63          	bltu	a4,a5,2164 <__sflush_r+0x10a>
    20ea:	20400737          	lui	a4,0x20400
    20ee:	0705                	addi	a4,a4,1
    20f0:	00f75733          	srl	a4,a4,a5
    20f4:	8b05                	andi	a4,a4,1
    20f6:	c73d                	beqz	a4,2164 <__sflush_r+0x10a>
    20f8:	77fd                	lui	a5,0xfffff
    20fa:	7ff78793          	addi	a5,a5,2047 # fffff7ff <pulp__FC+0xfffff800>
    20fe:	8ff5                	and	a5,a5,a3
    2100:	4818                	lw	a4,16(s0)
    2102:	07c2                	slli	a5,a5,0x10
    2104:	87c1                	srai	a5,a5,0x10
    2106:	c018                	sw	a4,0(s0)
    2108:	00f41623          	sh	a5,12(s0)
    210c:	00042223          	sw	zero,4(s0)
    2110:	01379713          	slli	a4,a5,0x13
    2114:	00075863          	bgez	a4,2124 <__sflush_r+0xca>
    2118:	57fd                	li	a5,-1
    211a:	00f51463          	bne	a0,a5,2122 <__sflush_r+0xc8>
    211e:	409c                	lw	a5,0(s1)
    2120:	e391                	bnez	a5,2124 <__sflush_r+0xca>
    2122:	c828                	sw	a0,80(s0)
    2124:	580c                	lw	a1,48(s0)
    2126:	0124a023          	sw	s2,0(s1)
    212a:	d5a5                	beqz	a1,2092 <__sflush_r+0x38>
    212c:	04040793          	addi	a5,s0,64
    2130:	00f58463          	beq	a1,a5,2138 <__sflush_r+0xde>
    2134:	8526                	mv	a0,s1
    2136:	2e99                	jal	248c <_free_r>
    2138:	02042823          	sw	zero,48(s0)
    213c:	bf99                	j	2092 <__sflush_r+0x38>
    213e:	4601                	li	a2,0
    2140:	4685                	li	a3,1
    2142:	8526                	mv	a0,s1
    2144:	9702                	jalr	a4
    2146:	57fd                	li	a5,-1
    2148:	862a                	mv	a2,a0
    214a:	f6f518e3          	bne	a0,a5,20ba <__sflush_r+0x60>
    214e:	409c                	lw	a5,0(s1)
    2150:	d7ad                	beqz	a5,20ba <__sflush_r+0x60>
    2152:	4775                	li	a4,29
    2154:	00e78563          	beq	a5,a4,215e <__sflush_r+0x104>
    2158:	4759                	li	a4,22
    215a:	04e79463          	bne	a5,a4,21a2 <__sflush_r+0x148>
    215e:	0124a023          	sw	s2,0(s1)
    2162:	bf05                	j	2092 <__sflush_r+0x38>
    2164:	0406e793          	ori	a5,a3,64
    2168:	00f41623          	sh	a5,12(s0)
    216c:	557d                	li	a0,-1
    216e:	b71d                	j	2094 <__sflush_r+0x3a>
    2170:	0105a983          	lw	s3,16(a1)
    2174:	f0098fe3          	beqz	s3,2092 <__sflush_r+0x38>
    2178:	0005a903          	lw	s2,0(a1)
    217c:	8b0d                	andi	a4,a4,3
    217e:	0135a023          	sw	s3,0(a1)
    2182:	41390933          	sub	s2,s2,s3
    2186:	4781                	li	a5,0
    2188:	e311                	bnez	a4,218c <__sflush_r+0x132>
    218a:	49dc                	lw	a5,20(a1)
    218c:	c41c                	sw	a5,8(s0)
    218e:	f12052e3          	blez	s2,2092 <__sflush_r+0x38>
    2192:	505c                	lw	a5,36(s0)
    2194:	4c4c                	lw	a1,28(s0)
    2196:	86ca                	mv	a3,s2
    2198:	864e                	mv	a2,s3
    219a:	8526                	mv	a0,s1
    219c:	9782                	jalr	a5
    219e:	00a04763          	bgtz	a0,21ac <__sflush_r+0x152>
    21a2:	00c45783          	lhu	a5,12(s0)
    21a6:	0407e793          	ori	a5,a5,64
    21aa:	bf7d                	j	2168 <__sflush_r+0x10e>
    21ac:	99aa                	add	s3,s3,a0
    21ae:	40a90933          	sub	s2,s2,a0
    21b2:	bff1                	j	218e <__sflush_r+0x134>

000021b4 <_fflush_r>:
    21b4:	1101                	addi	sp,sp,-32
    21b6:	cc22                	sw	s0,24(sp)
    21b8:	ce06                	sw	ra,28(sp)
    21ba:	842a                	mv	s0,a0
    21bc:	c511                	beqz	a0,21c8 <_fflush_r+0x14>
    21be:	5d1c                	lw	a5,56(a0)
    21c0:	e781                	bnez	a5,21c8 <_fflush_r+0x14>
    21c2:	c62e                	sw	a1,12(sp)
    21c4:	2211                	jal	22c8 <__sinit>
    21c6:	45b2                	lw	a1,12(sp)
    21c8:	00c59783          	lh	a5,12(a1)
    21cc:	c791                	beqz	a5,21d8 <_fflush_r+0x24>
    21ce:	8522                	mv	a0,s0
    21d0:	4462                	lw	s0,24(sp)
    21d2:	40f2                	lw	ra,28(sp)
    21d4:	6105                	addi	sp,sp,32
    21d6:	b551                	j	205a <__sflush_r>
    21d8:	40f2                	lw	ra,28(sp)
    21da:	4462                	lw	s0,24(sp)
    21dc:	4501                	li	a0,0
    21de:	6105                	addi	sp,sp,32
    21e0:	8082                	ret

000021e2 <fflush>:
    21e2:	85aa                	mv	a1,a0
    21e4:	e909                	bnez	a0,21f6 <fflush+0x14>
    21e6:	000025b7          	lui	a1,0x2
    21ea:	1bc1a503          	lw	a0,444(gp) # d1a4 <_global_impure_ptr>
    21ee:	1b458593          	addi	a1,a1,436 # 21b4 <_fflush_r>
    21f2:	77e0006f          	j	2970 <_fwalk_reent>
    21f6:	1c01a503          	lw	a0,448(gp) # d1a8 <_impure_ptr>
    21fa:	bf6d                	j	21b4 <_fflush_r>

000021fc <__fp_lock>:
    21fc:	4501                	li	a0,0
    21fe:	8082                	ret

00002200 <_cleanup_r>:
    2200:	000085b7          	lui	a1,0x8
    2204:	94c58593          	addi	a1,a1,-1716 # 794c <_fclose_r>
    2208:	7680006f          	j	2970 <_fwalk_reent>

0000220c <std.isra.0>:
    220c:	1141                	addi	sp,sp,-16
    220e:	c422                	sw	s0,8(sp)
    2210:	c606                	sw	ra,12(sp)
    2212:	842a                	mv	s0,a0
    2214:	00b51623          	sh	a1,12(a0)
    2218:	00c51723          	sh	a2,14(a0)
    221c:	00052023          	sw	zero,0(a0)
    2220:	00052223          	sw	zero,4(a0)
    2224:	00052423          	sw	zero,8(a0)
    2228:	06052223          	sw	zero,100(a0)
    222c:	00052823          	sw	zero,16(a0)
    2230:	00052a23          	sw	zero,20(a0)
    2234:	00052c23          	sw	zero,24(a0)
    2238:	4621                	li	a2,8
    223a:	4581                	li	a1,0
    223c:	05c50513          	addi	a0,a0,92
    2240:	b06fe0ef          	jal	ra,546 <memset>
    2244:	000057b7          	lui	a5,0x5
    2248:	5ee78793          	addi	a5,a5,1518 # 55ee <__sread>
    224c:	d01c                	sw	a5,32(s0)
    224e:	000057b7          	lui	a5,0x5
    2252:	62478793          	addi	a5,a5,1572 # 5624 <__swrite>
    2256:	d05c                	sw	a5,36(s0)
    2258:	000057b7          	lui	a5,0x5
    225c:	67678793          	addi	a5,a5,1654 # 5676 <__sseek>
    2260:	d41c                	sw	a5,40(s0)
    2262:	000057b7          	lui	a5,0x5
    2266:	6ae78793          	addi	a5,a5,1710 # 56ae <__sclose>
    226a:	cc40                	sw	s0,28(s0)
    226c:	d45c                	sw	a5,44(s0)
    226e:	40b2                	lw	ra,12(sp)
    2270:	4422                	lw	s0,8(sp)
    2272:	0141                	addi	sp,sp,16
    2274:	8082                	ret

00002276 <__fp_unlock>:
    2276:	4501                	li	a0,0
    2278:	8082                	ret

0000227a <__sfmoreglue>:
    227a:	1141                	addi	sp,sp,-16
    227c:	c226                	sw	s1,4(sp)
    227e:	06800613          	li	a2,104
    2282:	fff58493          	addi	s1,a1,-1
    2286:	02c484b3          	mul	s1,s1,a2
    228a:	c04a                	sw	s2,0(sp)
    228c:	892e                	mv	s2,a1
    228e:	07448593          	addi	a1,s1,116
    2292:	c422                	sw	s0,8(sp)
    2294:	c606                	sw	ra,12(sp)
    2296:	769010ef          	jal	ra,41fe <_malloc_r>
    229a:	842a                	mv	s0,a0
    229c:	cd01                	beqz	a0,22b4 <__sfmoreglue+0x3a>
    229e:	00052023          	sw	zero,0(a0)
    22a2:	01252223          	sw	s2,4(a0)
    22a6:	0531                	addi	a0,a0,12
    22a8:	c408                	sw	a0,8(s0)
    22aa:	06848613          	addi	a2,s1,104
    22ae:	4581                	li	a1,0
    22b0:	a96fe0ef          	jal	ra,546 <memset>
    22b4:	8522                	mv	a0,s0
    22b6:	40b2                	lw	ra,12(sp)
    22b8:	4422                	lw	s0,8(sp)
    22ba:	4492                	lw	s1,4(sp)
    22bc:	4902                	lw	s2,0(sp)
    22be:	0141                	addi	sp,sp,16
    22c0:	8082                	ret

000022c2 <_cleanup>:
    22c2:	1bc1a503          	lw	a0,444(gp) # d1a4 <_global_impure_ptr>
    22c6:	bf2d                	j	2200 <_cleanup_r>

000022c8 <__sinit>:
    22c8:	5d1c                	lw	a5,56(a0)
    22ca:	e7a9                	bnez	a5,2314 <__sinit+0x4c>
    22cc:	1141                	addi	sp,sp,-16
    22ce:	000027b7          	lui	a5,0x2
    22d2:	c606                	sw	ra,12(sp)
    22d4:	c422                	sw	s0,8(sp)
    22d6:	20078793          	addi	a5,a5,512 # 2200 <_cleanup_r>
    22da:	dd5c                	sw	a5,60(a0)
    22dc:	478d                	li	a5,3
    22de:	2ef52223          	sw	a5,740(a0)
    22e2:	2ec50793          	addi	a5,a0,748
    22e6:	842a                	mv	s0,a0
    22e8:	2ef52423          	sw	a5,744(a0)
    22ec:	2e052023          	sw	zero,736(a0)
    22f0:	4148                	lw	a0,4(a0)
    22f2:	4601                	li	a2,0
    22f4:	4591                	li	a1,4
    22f6:	3f19                	jal	220c <std.isra.0>
    22f8:	4408                	lw	a0,8(s0)
    22fa:	4605                	li	a2,1
    22fc:	45a5                	li	a1,9
    22fe:	3739                	jal	220c <std.isra.0>
    2300:	4448                	lw	a0,12(s0)
    2302:	4609                	li	a2,2
    2304:	45c9                	li	a1,18
    2306:	3719                	jal	220c <std.isra.0>
    2308:	4785                	li	a5,1
    230a:	dc1c                	sw	a5,56(s0)
    230c:	40b2                	lw	ra,12(sp)
    230e:	4422                	lw	s0,8(sp)
    2310:	0141                	addi	sp,sp,16
    2312:	8082                	ret
    2314:	8082                	ret

00002316 <__sfp>:
    2316:	1141                	addi	sp,sp,-16
    2318:	c226                	sw	s1,4(sp)
    231a:	1bc1a483          	lw	s1,444(gp) # d1a4 <_global_impure_ptr>
    231e:	c04a                	sw	s2,0(sp)
    2320:	5c9c                	lw	a5,56(s1)
    2322:	c606                	sw	ra,12(sp)
    2324:	c422                	sw	s0,8(sp)
    2326:	892a                	mv	s2,a0
    2328:	e399                	bnez	a5,232e <__sfp+0x18>
    232a:	8526                	mv	a0,s1
    232c:	3f71                	jal	22c8 <__sinit>
    232e:	2e048493          	addi	s1,s1,736
    2332:	4480                	lw	s0,8(s1)
    2334:	40dc                	lw	a5,4(s1)
    2336:	17fd                	addi	a5,a5,-1
    2338:	0007d663          	bgez	a5,2344 <__sfp+0x2e>
    233c:	409c                	lw	a5,0(s1)
    233e:	cb89                	beqz	a5,2350 <__sfp+0x3a>
    2340:	4084                	lw	s1,0(s1)
    2342:	bfc5                	j	2332 <__sfp+0x1c>
    2344:	00c41703          	lh	a4,12(s0)
    2348:	c705                	beqz	a4,2370 <__sfp+0x5a>
    234a:	06840413          	addi	s0,s0,104
    234e:	b7e5                	j	2336 <__sfp+0x20>
    2350:	4591                	li	a1,4
    2352:	854a                	mv	a0,s2
    2354:	371d                	jal	227a <__sfmoreglue>
    2356:	c088                	sw	a0,0(s1)
    2358:	f565                	bnez	a0,2340 <__sfp+0x2a>
    235a:	47b1                	li	a5,12
    235c:	00f92023          	sw	a5,0(s2)
    2360:	4401                	li	s0,0
    2362:	8522                	mv	a0,s0
    2364:	40b2                	lw	ra,12(sp)
    2366:	4422                	lw	s0,8(sp)
    2368:	4492                	lw	s1,4(sp)
    236a:	4902                	lw	s2,0(sp)
    236c:	0141                	addi	sp,sp,16
    236e:	8082                	ret
    2370:	77c1                	lui	a5,0xffff0
    2372:	0785                	addi	a5,a5,1
    2374:	06042223          	sw	zero,100(s0)
    2378:	00042023          	sw	zero,0(s0)
    237c:	00042223          	sw	zero,4(s0)
    2380:	00042423          	sw	zero,8(s0)
    2384:	c45c                	sw	a5,12(s0)
    2386:	00042823          	sw	zero,16(s0)
    238a:	00042a23          	sw	zero,20(s0)
    238e:	00042c23          	sw	zero,24(s0)
    2392:	4621                	li	a2,8
    2394:	4581                	li	a1,0
    2396:	05c40513          	addi	a0,s0,92
    239a:	9acfe0ef          	jal	ra,546 <memset>
    239e:	02042823          	sw	zero,48(s0)
    23a2:	02042a23          	sw	zero,52(s0)
    23a6:	04042223          	sw	zero,68(s0)
    23aa:	04042423          	sw	zero,72(s0)
    23ae:	bf55                	j	2362 <__sfp+0x4c>

000023b0 <__sfp_lock_acquire>:
    23b0:	8082                	ret

000023b2 <__sfp_lock_release>:
    23b2:	8082                	ret

000023b4 <__sinit_lock_acquire>:
    23b4:	8082                	ret

000023b6 <__sinit_lock_release>:
    23b6:	8082                	ret

000023b8 <__fp_lock_all>:
    23b8:	000025b7          	lui	a1,0x2
    23bc:	1c01a503          	lw	a0,448(gp) # d1a8 <_impure_ptr>
    23c0:	1fc58593          	addi	a1,a1,508 # 21fc <__fp_lock>
    23c4:	a3a9                	j	290e <_fwalk>

000023c6 <__fp_unlock_all>:
    23c6:	000025b7          	lui	a1,0x2
    23ca:	1c01a503          	lw	a0,448(gp) # d1a8 <_impure_ptr>
    23ce:	27658593          	addi	a1,a1,630 # 2276 <__fp_unlock>
    23d2:	ab35                	j	290e <_fwalk>

000023d4 <_malloc_trim_r>:
    23d4:	7179                	addi	sp,sp,-48
    23d6:	d04a                	sw	s2,32(sp)
    23d8:	d422                	sw	s0,40(sp)
    23da:	d226                	sw	s1,36(sp)
    23dc:	ce4e                	sw	s3,28(sp)
    23de:	c62e                	sw	a1,12(sp)
    23e0:	d606                	sw	ra,44(sp)
    23e2:	89aa                	mv	s3,a0
    23e4:	d9418913          	addi	s2,gp,-620 # cd7c <__malloc_av_>
    23e8:	408020ef          	jal	ra,47f0 <__malloc_lock>
    23ec:	00892783          	lw	a5,8(s2)
    23f0:	45b2                	lw	a1,12(sp)
    23f2:	43c4                	lw	s1,4(a5)
    23f4:	6785                	lui	a5,0x1
    23f6:	fef78413          	addi	s0,a5,-17 # fef <_vfprintf_r+0x865>
    23fa:	98f1                	andi	s1,s1,-4
    23fc:	8c0d                	sub	s0,s0,a1
    23fe:	9426                	add	s0,s0,s1
    2400:	8031                	srli	s0,s0,0xc
    2402:	147d                	addi	s0,s0,-1
    2404:	0432                	slli	s0,s0,0xc
    2406:	00f45d63          	bge	s0,a5,2420 <_malloc_trim_r+0x4c>
    240a:	854e                	mv	a0,s3
    240c:	3e6020ef          	jal	ra,47f2 <__malloc_unlock>
    2410:	4501                	li	a0,0
    2412:	50b2                	lw	ra,44(sp)
    2414:	5422                	lw	s0,40(sp)
    2416:	5492                	lw	s1,36(sp)
    2418:	5902                	lw	s2,32(sp)
    241a:	49f2                	lw	s3,28(sp)
    241c:	6145                	addi	sp,sp,48
    241e:	8082                	ret
    2420:	4581                	li	a1,0
    2422:	854e                	mv	a0,s3
    2424:	0a4030ef          	jal	ra,54c8 <_sbrk_r>
    2428:	00892783          	lw	a5,8(s2)
    242c:	97a6                	add	a5,a5,s1
    242e:	fcf51ee3          	bne	a0,a5,240a <_malloc_trim_r+0x36>
    2432:	408005b3          	neg	a1,s0
    2436:	854e                	mv	a0,s3
    2438:	090030ef          	jal	ra,54c8 <_sbrk_r>
    243c:	57fd                	li	a5,-1
    243e:	02f51663          	bne	a0,a5,246a <_malloc_trim_r+0x96>
    2442:	4581                	li	a1,0
    2444:	854e                	mv	a0,s3
    2446:	082030ef          	jal	ra,54c8 <_sbrk_r>
    244a:	00892703          	lw	a4,8(s2)
    244e:	46bd                	li	a3,15
    2450:	40e507b3          	sub	a5,a0,a4
    2454:	faf6dbe3          	bge	a3,a5,240a <_malloc_trim_r+0x36>
    2458:	1c41a683          	lw	a3,452(gp) # d1ac <__malloc_sbrk_base>
    245c:	0017e793          	ori	a5,a5,1
    2460:	8d15                	sub	a0,a0,a3
    2462:	1ca1ae23          	sw	a0,476(gp) # d1c4 <__malloc_current_mallinfo>
    2466:	c35c                	sw	a5,4(a4)
    2468:	b74d                	j	240a <_malloc_trim_r+0x36>
    246a:	00892783          	lw	a5,8(s2)
    246e:	8c81                	sub	s1,s1,s0
    2470:	0014e493          	ori	s1,s1,1
    2474:	c3c4                	sw	s1,4(a5)
    2476:	1dc1a783          	lw	a5,476(gp) # d1c4 <__malloc_current_mallinfo>
    247a:	854e                	mv	a0,s3
    247c:	40878433          	sub	s0,a5,s0
    2480:	1c81ae23          	sw	s0,476(gp) # d1c4 <__malloc_current_mallinfo>
    2484:	36e020ef          	jal	ra,47f2 <__malloc_unlock>
    2488:	4505                	li	a0,1
    248a:	b761                	j	2412 <_malloc_trim_r+0x3e>

0000248c <_free_r>:
    248c:	18058e63          	beqz	a1,2628 <_free_r+0x19c>
    2490:	1141                	addi	sp,sp,-16
    2492:	c422                	sw	s0,8(sp)
    2494:	c226                	sw	s1,4(sp)
    2496:	842a                	mv	s0,a0
    2498:	84ae                	mv	s1,a1
    249a:	c606                	sw	ra,12(sp)
    249c:	354020ef          	jal	ra,47f0 <__malloc_lock>
    24a0:	ffc4a503          	lw	a0,-4(s1)
    24a4:	ffe57793          	andi	a5,a0,-2
    24a8:	ff848693          	addi	a3,s1,-8
    24ac:	d9418813          	addi	a6,gp,-620 # cd7c <__malloc_av_>
    24b0:	00f685b3          	add	a1,a3,a5
    24b4:	41d8                	lw	a4,4(a1)
    24b6:	00882803          	lw	a6,8(a6)
    24ba:	9b71                	andi	a4,a4,-4
    24bc:	d9418613          	addi	a2,gp,-620 # cd7c <__malloc_av_>
    24c0:	8905                	andi	a0,a0,1
    24c2:	02b81f63          	bne	a6,a1,2500 <_free_r+0x74>
    24c6:	97ba                	add	a5,a5,a4
    24c8:	e909                	bnez	a0,24da <_free_r+0x4e>
    24ca:	ff84a703          	lw	a4,-8(s1)
    24ce:	8e99                	sub	a3,a3,a4
    24d0:	468c                	lw	a1,8(a3)
    24d2:	97ba                	add	a5,a5,a4
    24d4:	46d8                	lw	a4,12(a3)
    24d6:	c5d8                	sw	a4,12(a1)
    24d8:	c70c                	sw	a1,8(a4)
    24da:	0017e713          	ori	a4,a5,1
    24de:	c2d8                	sw	a4,4(a3)
    24e0:	1c81a703          	lw	a4,456(gp) # d1b0 <__malloc_trim_threshold>
    24e4:	c614                	sw	a3,8(a2)
    24e6:	00e7e663          	bltu	a5,a4,24f2 <_free_r+0x66>
    24ea:	1d81a583          	lw	a1,472(gp) # d1c0 <__malloc_top_pad>
    24ee:	8522                	mv	a0,s0
    24f0:	35d5                	jal	23d4 <_malloc_trim_r>
    24f2:	8522                	mv	a0,s0
    24f4:	4422                	lw	s0,8(sp)
    24f6:	40b2                	lw	ra,12(sp)
    24f8:	4492                	lw	s1,4(sp)
    24fa:	0141                	addi	sp,sp,16
    24fc:	2f60206f          	j	47f2 <__malloc_unlock>
    2500:	c1d8                	sw	a4,4(a1)
    2502:	4801                	li	a6,0
    2504:	e105                	bnez	a0,2524 <_free_r+0x98>
    2506:	ff84a503          	lw	a0,-8(s1)
    250a:	8e89                	sub	a3,a3,a0
    250c:	97aa                	add	a5,a5,a0
    250e:	4688                	lw	a0,8(a3)
    2510:	d9c18893          	addi	a7,gp,-612 # cd84 <__malloc_av_+0x8>
    2514:	07150a63          	beq	a0,a7,2588 <_free_r+0xfc>
    2518:	00c6a883          	lw	a7,12(a3)
    251c:	01152623          	sw	a7,12(a0)
    2520:	00a8a423          	sw	a0,8(a7)
    2524:	00e58533          	add	a0,a1,a4
    2528:	4148                	lw	a0,4(a0)
    252a:	8905                	andi	a0,a0,1
    252c:	ed11                	bnez	a0,2548 <_free_r+0xbc>
    252e:	97ba                	add	a5,a5,a4
    2530:	4598                	lw	a4,8(a1)
    2532:	04081d63          	bnez	a6,258c <_free_r+0x100>
    2536:	d9c18513          	addi	a0,gp,-612 # cd84 <__malloc_av_+0x8>
    253a:	04a71963          	bne	a4,a0,258c <_free_r+0x100>
    253e:	ca54                	sw	a3,20(a2)
    2540:	ca14                	sw	a3,16(a2)
    2542:	c6d8                	sw	a4,12(a3)
    2544:	c698                	sw	a4,8(a3)
    2546:	4805                	li	a6,1
    2548:	0017e713          	ori	a4,a5,1
    254c:	c2d8                	sw	a4,4(a3)
    254e:	00f68733          	add	a4,a3,a5
    2552:	c31c                	sw	a5,0(a4)
    2554:	f8081fe3          	bnez	a6,24f2 <_free_r+0x66>
    2558:	1ff00713          	li	a4,511
    255c:	02f76c63          	bltu	a4,a5,2594 <_free_r+0x108>
    2560:	838d                	srli	a5,a5,0x3
    2562:	4027d593          	srai	a1,a5,0x2
    2566:	4705                	li	a4,1
    2568:	00b71733          	sll	a4,a4,a1
    256c:	0785                	addi	a5,a5,1
    256e:	424c                	lw	a1,4(a2)
    2570:	078e                	slli	a5,a5,0x3
    2572:	97b2                	add	a5,a5,a2
    2574:	8f4d                	or	a4,a4,a1
    2576:	c258                	sw	a4,4(a2)
    2578:	4398                	lw	a4,0(a5)
    257a:	ff878613          	addi	a2,a5,-8
    257e:	c6d0                	sw	a2,12(a3)
    2580:	c698                	sw	a4,8(a3)
    2582:	c394                	sw	a3,0(a5)
    2584:	c754                	sw	a3,12(a4)
    2586:	b7b5                	j	24f2 <_free_r+0x66>
    2588:	4805                	li	a6,1
    258a:	bf69                	j	2524 <_free_r+0x98>
    258c:	45cc                	lw	a1,12(a1)
    258e:	c74c                	sw	a1,12(a4)
    2590:	c598                	sw	a4,8(a1)
    2592:	bf5d                	j	2548 <_free_r+0xbc>
    2594:	0097d593          	srli	a1,a5,0x9
    2598:	4711                	li	a4,4
    259a:	02b76b63          	bltu	a4,a1,25d0 <_free_r+0x144>
    259e:	0067d713          	srli	a4,a5,0x6
    25a2:	03870713          	addi	a4,a4,56 # 20400038 <_sp+0x203f0e48>
    25a6:	00170593          	addi	a1,a4,1
    25aa:	058e                	slli	a1,a1,0x3
    25ac:	95b2                	add	a1,a1,a2
    25ae:	ff858513          	addi	a0,a1,-8
    25b2:	418c                	lw	a1,0(a1)
    25b4:	06b51463          	bne	a0,a1,261c <_free_r+0x190>
    25b8:	4785                	li	a5,1
    25ba:	8709                	srai	a4,a4,0x2
    25bc:	00e79733          	sll	a4,a5,a4
    25c0:	425c                	lw	a5,4(a2)
    25c2:	8f5d                	or	a4,a4,a5
    25c4:	c258                	sw	a4,4(a2)
    25c6:	c6c8                	sw	a0,12(a3)
    25c8:	c68c                	sw	a1,8(a3)
    25ca:	c514                	sw	a3,8(a0)
    25cc:	c5d4                	sw	a3,12(a1)
    25ce:	b715                	j	24f2 <_free_r+0x66>
    25d0:	4751                	li	a4,20
    25d2:	00b76563          	bltu	a4,a1,25dc <_free_r+0x150>
    25d6:	05b58713          	addi	a4,a1,91
    25da:	b7f1                	j	25a6 <_free_r+0x11a>
    25dc:	05400713          	li	a4,84
    25e0:	00b76763          	bltu	a4,a1,25ee <_free_r+0x162>
    25e4:	00c7d713          	srli	a4,a5,0xc
    25e8:	06e70713          	addi	a4,a4,110
    25ec:	bf6d                	j	25a6 <_free_r+0x11a>
    25ee:	15400713          	li	a4,340
    25f2:	00b76763          	bltu	a4,a1,2600 <_free_r+0x174>
    25f6:	00f7d713          	srli	a4,a5,0xf
    25fa:	07770713          	addi	a4,a4,119
    25fe:	b765                	j	25a6 <_free_r+0x11a>
    2600:	55400513          	li	a0,1364
    2604:	07e00713          	li	a4,126
    2608:	f8b56fe3          	bltu	a0,a1,25a6 <_free_r+0x11a>
    260c:	0127d713          	srli	a4,a5,0x12
    2610:	07c70713          	addi	a4,a4,124
    2614:	bf49                	j	25a6 <_free_r+0x11a>
    2616:	458c                	lw	a1,8(a1)
    2618:	00b50663          	beq	a0,a1,2624 <_free_r+0x198>
    261c:	41d8                	lw	a4,4(a1)
    261e:	9b71                	andi	a4,a4,-4
    2620:	fee7ebe3          	bltu	a5,a4,2616 <_free_r+0x18a>
    2624:	45c8                	lw	a0,12(a1)
    2626:	b745                	j	25c6 <_free_r+0x13a>
    2628:	8082                	ret

0000262a <__sfvwrite_r>:
    262a:	461c                	lw	a5,8(a2)
    262c:	e781                	bnez	a5,2634 <__sfvwrite_r+0xa>
    262e:	4781                	li	a5,0
    2630:	853e                	mv	a0,a5
    2632:	8082                	ret
    2634:	00c5d783          	lhu	a5,12(a1)
    2638:	715d                	addi	sp,sp,-80
    263a:	c4a2                	sw	s0,72(sp)
    263c:	c0ca                	sw	s2,64(sp)
    263e:	da56                	sw	s5,52(sp)
    2640:	c686                	sw	ra,76(sp)
    2642:	c2a6                	sw	s1,68(sp)
    2644:	de4e                	sw	s3,60(sp)
    2646:	dc52                	sw	s4,56(sp)
    2648:	d85a                	sw	s6,48(sp)
    264a:	d65e                	sw	s7,44(sp)
    264c:	d462                	sw	s8,40(sp)
    264e:	d266                	sw	s9,36(sp)
    2650:	d06a                	sw	s10,32(sp)
    2652:	ce6e                	sw	s11,28(sp)
    2654:	8ba1                	andi	a5,a5,8
    2656:	8ab2                	mv	s5,a2
    2658:	842e                	mv	s0,a1
    265a:	892a                	mv	s2,a0
    265c:	cfd9                	beqz	a5,26fa <__sfvwrite_r+0xd0>
    265e:	499c                	lw	a5,16(a1)
    2660:	cfc9                	beqz	a5,26fa <__sfvwrite_r+0xd0>
    2662:	00c45783          	lhu	a5,12(s0)
    2666:	000aaa03          	lw	s4,0(s5)
    266a:	0027f713          	andi	a4,a5,2
    266e:	0e071863          	bnez	a4,275e <__sfvwrite_r+0x134>
    2672:	8b85                	andi	a5,a5,1
    2674:	16078163          	beqz	a5,27d6 <__sfvwrite_r+0x1ac>
    2678:	4b81                	li	s7,0
    267a:	4501                	li	a0,0
    267c:	4b01                	li	s6,0
    267e:	4981                	li	s3,0
    2680:	24098863          	beqz	s3,28d0 <__sfvwrite_r+0x2a6>
    2684:	ed01                	bnez	a0,269c <__sfvwrite_r+0x72>
    2686:	864e                	mv	a2,s3
    2688:	45a9                	li	a1,10
    268a:	855a                	mv	a0,s6
    268c:	04e020ef          	jal	ra,46da <memchr>
    2690:	00198b93          	addi	s7,s3,1
    2694:	c501                	beqz	a0,269c <__sfvwrite_r+0x72>
    2696:	0505                	addi	a0,a0,1
    2698:	41650bb3          	sub	s7,a0,s6
    269c:	8c5e                	mv	s8,s7
    269e:	0179f363          	bgeu	s3,s7,26a4 <__sfvwrite_r+0x7a>
    26a2:	8c4e                	mv	s8,s3
    26a4:	4008                	lw	a0,0(s0)
    26a6:	481c                	lw	a5,16(s0)
    26a8:	4854                	lw	a3,20(s0)
    26aa:	22a7fa63          	bgeu	a5,a0,28de <__sfvwrite_r+0x2b4>
    26ae:	4404                	lw	s1,8(s0)
    26b0:	94b6                	add	s1,s1,a3
    26b2:	2384d663          	bge	s1,s8,28de <__sfvwrite_r+0x2b4>
    26b6:	85da                	mv	a1,s6
    26b8:	8626                	mv	a2,s1
    26ba:	0f8020ef          	jal	ra,47b2 <memmove>
    26be:	401c                	lw	a5,0(s0)
    26c0:	85a2                	mv	a1,s0
    26c2:	97a6                	add	a5,a5,s1
    26c4:	c01c                	sw	a5,0(s0)
    26c6:	854a                	mv	a0,s2
    26c8:	aedff0ef          	jal	ra,21b4 <_fflush_r>
    26cc:	0e051d63          	bnez	a0,27c6 <__sfvwrite_r+0x19c>
    26d0:	409b8bb3          	sub	s7,s7,s1
    26d4:	4505                	li	a0,1
    26d6:	000b9763          	bnez	s7,26e4 <__sfvwrite_r+0xba>
    26da:	85a2                	mv	a1,s0
    26dc:	854a                	mv	a0,s2
    26de:	ad7ff0ef          	jal	ra,21b4 <_fflush_r>
    26e2:	e175                	bnez	a0,27c6 <__sfvwrite_r+0x19c>
    26e4:	008aa783          	lw	a5,8(s5)
    26e8:	9b26                	add	s6,s6,s1
    26ea:	409989b3          	sub	s3,s3,s1
    26ee:	409784b3          	sub	s1,a5,s1
    26f2:	009aa423          	sw	s1,8(s5)
    26f6:	f4c9                	bnez	s1,2680 <__sfvwrite_r+0x56>
    26f8:	a091                	j	273c <__sfvwrite_r+0x112>
    26fa:	85a2                	mv	a1,s0
    26fc:	854a                	mv	a0,s2
    26fe:	f7cff0ef          	jal	ra,1e7a <__swsetup_r>
    2702:	57fd                	li	a5,-1
    2704:	dd39                	beqz	a0,2662 <__sfvwrite_r+0x38>
    2706:	a825                	j	273e <__sfvwrite_r+0x114>
    2708:	000a2983          	lw	s3,0(s4)
    270c:	004a2483          	lw	s1,4(s4)
    2710:	0a21                	addi	s4,s4,8
    2712:	d8fd                	beqz	s1,2708 <__sfvwrite_r+0xde>
    2714:	86a6                	mv	a3,s1
    2716:	009b7363          	bgeu	s6,s1,271c <__sfvwrite_r+0xf2>
    271a:	86da                	mv	a3,s6
    271c:	505c                	lw	a5,36(s0)
    271e:	4c4c                	lw	a1,28(s0)
    2720:	864e                	mv	a2,s3
    2722:	854a                	mv	a0,s2
    2724:	9782                	jalr	a5
    2726:	0aa05063          	blez	a0,27c6 <__sfvwrite_r+0x19c>
    272a:	008aa783          	lw	a5,8(s5)
    272e:	99aa                	add	s3,s3,a0
    2730:	8c89                	sub	s1,s1,a0
    2732:	40a78533          	sub	a0,a5,a0
    2736:	00aaa423          	sw	a0,8(s5)
    273a:	fd61                	bnez	a0,2712 <__sfvwrite_r+0xe8>
    273c:	4781                	li	a5,0
    273e:	40b6                	lw	ra,76(sp)
    2740:	4426                	lw	s0,72(sp)
    2742:	4496                	lw	s1,68(sp)
    2744:	4906                	lw	s2,64(sp)
    2746:	59f2                	lw	s3,60(sp)
    2748:	5a62                	lw	s4,56(sp)
    274a:	5ad2                	lw	s5,52(sp)
    274c:	5b42                	lw	s6,48(sp)
    274e:	5bb2                	lw	s7,44(sp)
    2750:	5c22                	lw	s8,40(sp)
    2752:	5c92                	lw	s9,36(sp)
    2754:	5d02                	lw	s10,32(sp)
    2756:	4df2                	lw	s11,28(sp)
    2758:	853e                	mv	a0,a5
    275a:	6161                	addi	sp,sp,80
    275c:	8082                	ret
    275e:	80000b37          	lui	s6,0x80000
    2762:	4981                	li	s3,0
    2764:	4481                	li	s1,0
    2766:	c00b4b13          	xori	s6,s6,-1024
    276a:	b765                	j	2712 <__sfvwrite_r+0xe8>
    276c:	000a2b03          	lw	s6,0(s4)
    2770:	004a2483          	lw	s1,4(s4)
    2774:	0a21                	addi	s4,s4,8
    2776:	d8fd                	beqz	s1,276c <__sfvwrite_r+0x142>
    2778:	00c45703          	lhu	a4,12(s0)
    277c:	441c                	lw	a5,8(s0)
    277e:	20077693          	andi	a3,a4,512
    2782:	4008                	lw	a0,0(s0)
    2784:	0e068963          	beqz	a3,2876 <__sfvwrite_r+0x24c>
    2788:	08f4ea63          	bltu	s1,a5,281c <__sfvwrite_r+0x1f2>
    278c:	48077693          	andi	a3,a4,1152
    2790:	c6d1                	beqz	a3,281c <__sfvwrite_r+0x1f2>
    2792:	01442d83          	lw	s11,20(s0)
    2796:	480c                	lw	a1,16(s0)
    2798:	03bc8db3          	mul	s11,s9,s11
    279c:	40b509b3          	sub	s3,a0,a1
    27a0:	03adcdb3          	div	s11,s11,s10
    27a4:	00198793          	addi	a5,s3,1
    27a8:	97a6                	add	a5,a5,s1
    27aa:	00fdf363          	bgeu	s11,a5,27b0 <__sfvwrite_r+0x186>
    27ae:	8dbe                	mv	s11,a5
    27b0:	40077713          	andi	a4,a4,1024
    27b4:	c34d                	beqz	a4,2856 <__sfvwrite_r+0x22c>
    27b6:	85ee                	mv	a1,s11
    27b8:	854a                	mv	a0,s2
    27ba:	245010ef          	jal	ra,41fe <_malloc_r>
    27be:	e51d                	bnez	a0,27ec <__sfvwrite_r+0x1c2>
    27c0:	47b1                	li	a5,12
    27c2:	00f92023          	sw	a5,0(s2)
    27c6:	00c45783          	lhu	a5,12(s0)
    27ca:	0407e793          	ori	a5,a5,64
    27ce:	00f41623          	sh	a5,12(s0)
    27d2:	57fd                	li	a5,-1
    27d4:	b7ad                	j	273e <__sfvwrite_r+0x114>
    27d6:	80000bb7          	lui	s7,0x80000
    27da:	ffebcc13          	xori	s8,s7,-2
    27de:	4b01                	li	s6,0
    27e0:	4481                	li	s1,0
    27e2:	fffbcb93          	not	s7,s7
    27e6:	4c8d                	li	s9,3
    27e8:	4d09                	li	s10,2
    27ea:	b771                	j	2776 <__sfvwrite_r+0x14c>
    27ec:	480c                	lw	a1,16(s0)
    27ee:	864e                	mv	a2,s3
    27f0:	c62a                	sw	a0,12(sp)
    27f2:	703010ef          	jal	ra,46f4 <memcpy>
    27f6:	00c45703          	lhu	a4,12(s0)
    27fa:	47b2                	lw	a5,12(sp)
    27fc:	b7f77713          	andi	a4,a4,-1153
    2800:	08076713          	ori	a4,a4,128
    2804:	00e41623          	sh	a4,12(s0)
    2808:	c81c                	sw	a5,16(s0)
    280a:	01b42a23          	sw	s11,20(s0)
    280e:	97ce                	add	a5,a5,s3
    2810:	413d8db3          	sub	s11,s11,s3
    2814:	c01c                	sw	a5,0(s0)
    2816:	01b42423          	sw	s11,8(s0)
    281a:	87a6                	mv	a5,s1
    281c:	89a6                	mv	s3,s1
    281e:	00f4f363          	bgeu	s1,a5,2824 <__sfvwrite_r+0x1fa>
    2822:	87a6                	mv	a5,s1
    2824:	4008                	lw	a0,0(s0)
    2826:	863e                	mv	a2,a5
    2828:	85da                	mv	a1,s6
    282a:	c63e                	sw	a5,12(sp)
    282c:	787010ef          	jal	ra,47b2 <memmove>
    2830:	47b2                	lw	a5,12(sp)
    2832:	4418                	lw	a4,8(s0)
    2834:	8f1d                	sub	a4,a4,a5
    2836:	c418                	sw	a4,8(s0)
    2838:	4018                	lw	a4,0(s0)
    283a:	97ba                	add	a5,a5,a4
    283c:	c01c                	sw	a5,0(s0)
    283e:	008aa783          	lw	a5,8(s5)
    2842:	9b4e                	add	s6,s6,s3
    2844:	413484b3          	sub	s1,s1,s3
    2848:	413789b3          	sub	s3,a5,s3
    284c:	013aa423          	sw	s3,8(s5)
    2850:	f20993e3          	bnez	s3,2776 <__sfvwrite_r+0x14c>
    2854:	b5e5                	j	273c <__sfvwrite_r+0x112>
    2856:	866e                	mv	a2,s11
    2858:	854a                	mv	a0,s2
    285a:	0d3020ef          	jal	ra,512c <_realloc_r>
    285e:	87aa                	mv	a5,a0
    2860:	f545                	bnez	a0,2808 <__sfvwrite_r+0x1de>
    2862:	480c                	lw	a1,16(s0)
    2864:	854a                	mv	a0,s2
    2866:	311d                	jal	248c <_free_r>
    2868:	00c45783          	lhu	a5,12(s0)
    286c:	f7f7f793          	andi	a5,a5,-129
    2870:	00f41623          	sh	a5,12(s0)
    2874:	b7b1                	j	27c0 <__sfvwrite_r+0x196>
    2876:	4818                	lw	a4,16(s0)
    2878:	00a76563          	bltu	a4,a0,2882 <__sfvwrite_r+0x258>
    287c:	4854                	lw	a3,20(s0)
    287e:	02d4f863          	bgeu	s1,a3,28ae <__sfvwrite_r+0x284>
    2882:	89be                	mv	s3,a5
    2884:	00f4f363          	bgeu	s1,a5,288a <__sfvwrite_r+0x260>
    2888:	89a6                	mv	s3,s1
    288a:	864e                	mv	a2,s3
    288c:	85da                	mv	a1,s6
    288e:	725010ef          	jal	ra,47b2 <memmove>
    2892:	441c                	lw	a5,8(s0)
    2894:	4018                	lw	a4,0(s0)
    2896:	413787b3          	sub	a5,a5,s3
    289a:	974e                	add	a4,a4,s3
    289c:	c41c                	sw	a5,8(s0)
    289e:	c018                	sw	a4,0(s0)
    28a0:	ffd9                	bnez	a5,283e <__sfvwrite_r+0x214>
    28a2:	85a2                	mv	a1,s0
    28a4:	854a                	mv	a0,s2
    28a6:	90fff0ef          	jal	ra,21b4 <_fflush_r>
    28aa:	d951                	beqz	a0,283e <__sfvwrite_r+0x214>
    28ac:	bf29                	j	27c6 <__sfvwrite_r+0x19c>
    28ae:	87de                	mv	a5,s7
    28b0:	009c6363          	bltu	s8,s1,28b6 <__sfvwrite_r+0x28c>
    28b4:	87a6                	mv	a5,s1
    28b6:	02d7c7b3          	div	a5,a5,a3
    28ba:	5058                	lw	a4,36(s0)
    28bc:	4c4c                	lw	a1,28(s0)
    28be:	02d786b3          	mul	a3,a5,a3
    28c2:	865a                	mv	a2,s6
    28c4:	854a                	mv	a0,s2
    28c6:	9702                	jalr	a4
    28c8:	89aa                	mv	s3,a0
    28ca:	f6a04ae3          	bgtz	a0,283e <__sfvwrite_r+0x214>
    28ce:	bde5                	j	27c6 <__sfvwrite_r+0x19c>
    28d0:	000a2b03          	lw	s6,0(s4)
    28d4:	004a2983          	lw	s3,4(s4)
    28d8:	4501                	li	a0,0
    28da:	0a21                	addi	s4,s4,8
    28dc:	b355                	j	2680 <__sfvwrite_r+0x56>
    28de:	00dc4b63          	blt	s8,a3,28f4 <__sfvwrite_r+0x2ca>
    28e2:	505c                	lw	a5,36(s0)
    28e4:	4c4c                	lw	a1,28(s0)
    28e6:	865a                	mv	a2,s6
    28e8:	854a                	mv	a0,s2
    28ea:	9782                	jalr	a5
    28ec:	84aa                	mv	s1,a0
    28ee:	dea041e3          	bgtz	a0,26d0 <__sfvwrite_r+0xa6>
    28f2:	bdd1                	j	27c6 <__sfvwrite_r+0x19c>
    28f4:	8662                	mv	a2,s8
    28f6:	85da                	mv	a1,s6
    28f8:	6bb010ef          	jal	ra,47b2 <memmove>
    28fc:	441c                	lw	a5,8(s0)
    28fe:	84e2                	mv	s1,s8
    2900:	418787b3          	sub	a5,a5,s8
    2904:	c41c                	sw	a5,8(s0)
    2906:	401c                	lw	a5,0(s0)
    2908:	97e2                	add	a5,a5,s8
    290a:	c01c                	sw	a5,0(s0)
    290c:	b3d1                	j	26d0 <__sfvwrite_r+0xa6>

0000290e <_fwalk>:
    290e:	7179                	addi	sp,sp,-48
    2910:	d422                	sw	s0,40(sp)
    2912:	d04a                	sw	s2,32(sp)
    2914:	cc52                	sw	s4,24(sp)
    2916:	ca56                	sw	s5,20(sp)
    2918:	d606                	sw	ra,44(sp)
    291a:	d226                	sw	s1,36(sp)
    291c:	ce4e                	sw	s3,28(sp)
    291e:	2e050413          	addi	s0,a0,736
    2922:	4901                	li	s2,0
    2924:	4a05                	li	s4,1
    2926:	5afd                	li	s5,-1
    2928:	e819                	bnez	s0,293e <_fwalk+0x30>
    292a:	50b2                	lw	ra,44(sp)
    292c:	5422                	lw	s0,40(sp)
    292e:	854a                	mv	a0,s2
    2930:	5492                	lw	s1,36(sp)
    2932:	5902                	lw	s2,32(sp)
    2934:	49f2                	lw	s3,28(sp)
    2936:	4a62                	lw	s4,24(sp)
    2938:	4ad2                	lw	s5,20(sp)
    293a:	6145                	addi	sp,sp,48
    293c:	8082                	ret
    293e:	4404                	lw	s1,8(s0)
    2940:	00442983          	lw	s3,4(s0)
    2944:	19fd                	addi	s3,s3,-1
    2946:	0009d463          	bgez	s3,294e <_fwalk+0x40>
    294a:	4000                	lw	s0,0(s0)
    294c:	bff1                	j	2928 <_fwalk+0x1a>
    294e:	00c4d783          	lhu	a5,12(s1)
    2952:	00fa7c63          	bgeu	s4,a5,296a <_fwalk+0x5c>
    2956:	00e49783          	lh	a5,14(s1)
    295a:	01578863          	beq	a5,s5,296a <_fwalk+0x5c>
    295e:	c62e                	sw	a1,12(sp)
    2960:	8526                	mv	a0,s1
    2962:	9582                	jalr	a1
    2964:	45b2                	lw	a1,12(sp)
    2966:	00a96933          	or	s2,s2,a0
    296a:	06848493          	addi	s1,s1,104
    296e:	bfd9                	j	2944 <_fwalk+0x36>

00002970 <_fwalk_reent>:
    2970:	7179                	addi	sp,sp,-48
    2972:	d422                	sw	s0,40(sp)
    2974:	d04a                	sw	s2,32(sp)
    2976:	cc52                	sw	s4,24(sp)
    2978:	ca56                	sw	s5,20(sp)
    297a:	c85a                	sw	s6,16(sp)
    297c:	c65e                	sw	s7,12(sp)
    297e:	d606                	sw	ra,44(sp)
    2980:	d226                	sw	s1,36(sp)
    2982:	ce4e                	sw	s3,28(sp)
    2984:	8a2a                	mv	s4,a0
    2986:	8aae                	mv	s5,a1
    2988:	2e050413          	addi	s0,a0,736
    298c:	4901                	li	s2,0
    298e:	4b05                	li	s6,1
    2990:	5bfd                	li	s7,-1
    2992:	ec09                	bnez	s0,29ac <_fwalk_reent+0x3c>
    2994:	50b2                	lw	ra,44(sp)
    2996:	5422                	lw	s0,40(sp)
    2998:	854a                	mv	a0,s2
    299a:	5492                	lw	s1,36(sp)
    299c:	5902                	lw	s2,32(sp)
    299e:	49f2                	lw	s3,28(sp)
    29a0:	4a62                	lw	s4,24(sp)
    29a2:	4ad2                	lw	s5,20(sp)
    29a4:	4b42                	lw	s6,16(sp)
    29a6:	4bb2                	lw	s7,12(sp)
    29a8:	6145                	addi	sp,sp,48
    29aa:	8082                	ret
    29ac:	4404                	lw	s1,8(s0)
    29ae:	00442983          	lw	s3,4(s0)
    29b2:	19fd                	addi	s3,s3,-1
    29b4:	0009d463          	bgez	s3,29bc <_fwalk_reent+0x4c>
    29b8:	4000                	lw	s0,0(s0)
    29ba:	bfe1                	j	2992 <_fwalk_reent+0x22>
    29bc:	00c4d783          	lhu	a5,12(s1)
    29c0:	00fb7b63          	bgeu	s6,a5,29d6 <_fwalk_reent+0x66>
    29c4:	00e49783          	lh	a5,14(s1)
    29c8:	01778763          	beq	a5,s7,29d6 <_fwalk_reent+0x66>
    29cc:	85a6                	mv	a1,s1
    29ce:	8552                	mv	a0,s4
    29d0:	9a82                	jalr	s5
    29d2:	00a96933          	or	s2,s2,a0
    29d6:	06848493          	addi	s1,s1,104
    29da:	bfe1                	j	29b2 <_fwalk_reent+0x42>

000029dc <eclear>:
    29dc:	01450793          	addi	a5,a0,20
    29e0:	0509                	addi	a0,a0,2
    29e2:	fe051f23          	sh	zero,-2(a0)
    29e6:	fef51de3          	bne	a0,a5,29e0 <eclear+0x4>
    29ea:	8082                	ret

000029ec <emov>:
    29ec:	01450793          	addi	a5,a0,20
    29f0:	0509                	addi	a0,a0,2
    29f2:	ffe55703          	lhu	a4,-2(a0)
    29f6:	0589                	addi	a1,a1,2
    29f8:	fee59f23          	sh	a4,-2(a1)
    29fc:	fea79ae3          	bne	a5,a0,29f0 <emov+0x4>
    2a00:	8082                	ret

00002a02 <ecleaz>:
    2a02:	01a50793          	addi	a5,a0,26
    2a06:	0509                	addi	a0,a0,2
    2a08:	fe051f23          	sh	zero,-2(a0)
    2a0c:	fef51de3          	bne	a0,a5,2a06 <ecleaz+0x4>
    2a10:	8082                	ret

00002a12 <emovz>:
    2a12:	01850713          	addi	a4,a0,24
    2a16:	87ae                	mv	a5,a1
    2a18:	0509                	addi	a0,a0,2
    2a1a:	ffe55683          	lhu	a3,-2(a0)
    2a1e:	0789                	addi	a5,a5,2
    2a20:	fed79f23          	sh	a3,-2(a5)
    2a24:	fea71ae3          	bne	a4,a0,2a18 <emovz+0x6>
    2a28:	00059c23          	sh	zero,24(a1)
    2a2c:	8082                	ret

00002a2e <ecmpm>:
    2a2e:	00450793          	addi	a5,a0,4
    2a32:	0591                	addi	a1,a1,4
    2a34:	0569                	addi	a0,a0,26
    2a36:	0789                	addi	a5,a5,2
    2a38:	0589                	addi	a1,a1,2
    2a3a:	ffe7d683          	lhu	a3,-2(a5)
    2a3e:	ffe5d703          	lhu	a4,-2(a1)
    2a42:	00e69663          	bne	a3,a4,2a4e <ecmpm+0x20>
    2a46:	fef518e3          	bne	a0,a5,2a36 <ecmpm+0x8>
    2a4a:	4501                	li	a0,0
    2a4c:	8082                	ret
    2a4e:	4505                	li	a0,1
    2a50:	00d76363          	bltu	a4,a3,2a56 <ecmpm+0x28>
    2a54:	557d                	li	a0,-1
    2a56:	8082                	ret

00002a58 <eshdn1>:
    2a58:	00450693          	addi	a3,a0,4
    2a5c:	4781                	li	a5,0
    2a5e:	0569                	addi	a0,a0,26
    2a60:	7661                	lui	a2,0xffff8
    2a62:	0006d703          	lhu	a4,0(a3)
    2a66:	00177593          	andi	a1,a4,1
    2a6a:	c199                	beqz	a1,2a70 <eshdn1+0x18>
    2a6c:	0017e793          	ori	a5,a5,1
    2a70:	0027f593          	andi	a1,a5,2
    2a74:	8305                	srli	a4,a4,0x1
    2a76:	e991                	bnez	a1,2a8a <eshdn1+0x32>
    2a78:	0786                	slli	a5,a5,0x1
    2a7a:	00e69023          	sh	a4,0(a3)
    2a7e:	07c2                	slli	a5,a5,0x10
    2a80:	0689                	addi	a3,a3,2
    2a82:	83c1                	srli	a5,a5,0x10
    2a84:	fcd51fe3          	bne	a0,a3,2a62 <eshdn1+0xa>
    2a88:	8082                	ret
    2a8a:	8f51                	or	a4,a4,a2
    2a8c:	b7f5                	j	2a78 <eshdn1+0x20>

00002a8e <eshup1>:
    2a8e:	01650693          	addi	a3,a0,22
    2a92:	4701                	li	a4,0
    2a94:	0026d783          	lhu	a5,2(a3)
    2a98:	01079613          	slli	a2,a5,0x10
    2a9c:	8641                	srai	a2,a2,0x10
    2a9e:	00065463          	bgez	a2,2aa6 <eshup1+0x18>
    2aa2:	00176713          	ori	a4,a4,1
    2aa6:	0786                	slli	a5,a5,0x1
    2aa8:	07c2                	slli	a5,a5,0x10
    2aaa:	00277613          	andi	a2,a4,2
    2aae:	83c1                	srli	a5,a5,0x10
    2ab0:	ea11                	bnez	a2,2ac4 <eshup1+0x36>
    2ab2:	0706                	slli	a4,a4,0x1
    2ab4:	00f69123          	sh	a5,2(a3)
    2ab8:	0742                	slli	a4,a4,0x10
    2aba:	16f9                	addi	a3,a3,-2
    2abc:	8341                	srli	a4,a4,0x10
    2abe:	fcd51be3          	bne	a0,a3,2a94 <eshup1+0x6>
    2ac2:	8082                	ret
    2ac4:	0017e793          	ori	a5,a5,1
    2ac8:	b7ed                	j	2ab2 <eshup1+0x24>

00002aca <eshdn8>:
    2aca:	00450793          	addi	a5,a0,4
    2ace:	4701                	li	a4,0
    2ad0:	0569                	addi	a0,a0,26
    2ad2:	0007d683          	lhu	a3,0(a5)
    2ad6:	0789                	addi	a5,a5,2
    2ad8:	0086d613          	srli	a2,a3,0x8
    2adc:	8f51                	or	a4,a4,a2
    2ade:	fee79f23          	sh	a4,-2(a5)
    2ae2:	00869713          	slli	a4,a3,0x8
    2ae6:	0742                	slli	a4,a4,0x10
    2ae8:	8341                	srli	a4,a4,0x10
    2aea:	fef514e3          	bne	a0,a5,2ad2 <eshdn8+0x8>
    2aee:	8082                	ret

00002af0 <eshup8>:
    2af0:	01650793          	addi	a5,a0,22
    2af4:	4701                	li	a4,0
    2af6:	0027d683          	lhu	a3,2(a5)
    2afa:	17f9                	addi	a5,a5,-2
    2afc:	00869613          	slli	a2,a3,0x8
    2b00:	8f51                	or	a4,a4,a2
    2b02:	00e79223          	sh	a4,4(a5)
    2b06:	0086d713          	srli	a4,a3,0x8
    2b0a:	fef516e3          	bne	a0,a5,2af6 <eshup8+0x6>
    2b0e:	8082                	ret

00002b10 <eshup6>:
    2b10:	00450793          	addi	a5,a0,4
    2b14:	01850713          	addi	a4,a0,24
    2b18:	0789                	addi	a5,a5,2
    2b1a:	0007d683          	lhu	a3,0(a5)
    2b1e:	fed79f23          	sh	a3,-2(a5)
    2b22:	fef71be3          	bne	a4,a5,2b18 <eshup6+0x8>
    2b26:	00051c23          	sh	zero,24(a0)
    2b2a:	8082                	ret

00002b2c <eshdn6>:
    2b2c:	01850793          	addi	a5,a0,24
    2b30:	01a50713          	addi	a4,a0,26
    2b34:	00450693          	addi	a3,a0,4
    2b38:	17f9                	addi	a5,a5,-2
    2b3a:	0007d603          	lhu	a2,0(a5)
    2b3e:	1779                	addi	a4,a4,-2
    2b40:	00c71023          	sh	a2,0(a4)
    2b44:	fef69ae3          	bne	a3,a5,2b38 <eshdn6+0xc>
    2b48:	00051223          	sh	zero,4(a0)
    2b4c:	8082                	ret

00002b4e <eaddm>:
    2b4e:	05e1                	addi	a1,a1,24
    2b50:	01650713          	addi	a4,a0,22
    2b54:	4681                	li	a3,0
    2b56:	00275783          	lhu	a5,2(a4)
    2b5a:	0005d603          	lhu	a2,0(a1)
    2b5e:	1779                	addi	a4,a4,-2
    2b60:	97b2                	add	a5,a5,a2
    2b62:	97b6                	add	a5,a5,a3
    2b64:	86be                	mv	a3,a5
    2b66:	00d59023          	sh	a3,0(a1)
    2b6a:	83c1                	srli	a5,a5,0x10
    2b6c:	15f9                	addi	a1,a1,-2
    2b6e:	0017f693          	andi	a3,a5,1
    2b72:	fee512e3          	bne	a0,a4,2b56 <eaddm+0x8>
    2b76:	8082                	ret

00002b78 <esubm>:
    2b78:	05e1                	addi	a1,a1,24
    2b7a:	01650713          	addi	a4,a0,22
    2b7e:	4681                	li	a3,0
    2b80:	0005d783          	lhu	a5,0(a1)
    2b84:	00275603          	lhu	a2,2(a4)
    2b88:	1779                	addi	a4,a4,-2
    2b8a:	8f91                	sub	a5,a5,a2
    2b8c:	8f95                	sub	a5,a5,a3
    2b8e:	86be                	mv	a3,a5
    2b90:	00d59023          	sh	a3,0(a1)
    2b94:	83c1                	srli	a5,a5,0x10
    2b96:	15f9                	addi	a1,a1,-2
    2b98:	0017f693          	andi	a3,a5,1
    2b9c:	fee512e3          	bne	a0,a4,2b80 <esubm+0x8>
    2ba0:	8082                	ret

00002ba2 <m16m>:
    2ba2:	1101                	addi	sp,sp,-32
    2ba4:	6341                	lui	t1,0x10
    2ba6:	01858893          	addi	a7,a1,24
    2baa:	00012d23          	sw	zero,26(sp)
    2bae:	0591                	addi	a1,a1,4
    2bb0:	0874                	addi	a3,sp,28
    2bb2:	137d                	addi	t1,t1,-1
    2bb4:	0008d703          	lhu	a4,0(a7)
    2bb8:	16f9                	addi	a3,a3,-2
    2bba:	18f9                	addi	a7,a7,-2
    2bbc:	e70d                	bnez	a4,2be6 <m16m+0x44>
    2bbe:	fe069f23          	sh	zero,-2(a3)
    2bc2:	ff1599e3          	bne	a1,a7,2bb4 <m16m+0x12>
    2bc6:	4791                	li	a5,4
    2bc8:	4769                	li	a4,26
    2bca:	0048                	addi	a0,sp,4
    2bcc:	00f505b3          	add	a1,a0,a5
    2bd0:	0005d583          	lhu	a1,0(a1)
    2bd4:	00f606b3          	add	a3,a2,a5
    2bd8:	00b69023          	sh	a1,0(a3)
    2bdc:	0789                	addi	a5,a5,2
    2bde:	fee796e3          	bne	a5,a4,2bca <m16m+0x28>
    2be2:	6105                	addi	sp,sp,32
    2be4:	8082                	ret
    2be6:	02a70733          	mul	a4,a4,a0
    2bea:	0026d803          	lhu	a6,2(a3)
    2bee:	006777b3          	and	a5,a4,t1
    2bf2:	97c2                	add	a5,a5,a6
    2bf4:	883e                	mv	a6,a5
    2bf6:	01069123          	sh	a6,2(a3)
    2bfa:	0107d813          	srli	a6,a5,0x10
    2bfe:	01075793          	srli	a5,a4,0x10
    2c02:	0006d703          	lhu	a4,0(a3)
    2c06:	97ba                	add	a5,a5,a4
    2c08:	97c2                	add	a5,a5,a6
    2c0a:	873e                	mv	a4,a5
    2c0c:	83c1                	srli	a5,a5,0x10
    2c0e:	00e69023          	sh	a4,0(a3)
    2c12:	fef69f23          	sh	a5,-2(a3)
    2c16:	b775                	j	2bc2 <m16m+0x20>

00002c18 <eisnan>:
    2c18:	01255783          	lhu	a5,18(a0)
    2c1c:	fff7c793          	not	a5,a5
    2c20:	01179713          	slli	a4,a5,0x11
    2c24:	eb09                	bnez	a4,2c36 <eisnan+0x1e>
    2c26:	01250793          	addi	a5,a0,18
    2c2a:	0509                	addi	a0,a0,2
    2c2c:	ffe55703          	lhu	a4,-2(a0)
    2c30:	e709                	bnez	a4,2c3a <eisnan+0x22>
    2c32:	fea79ce3          	bne	a5,a0,2c2a <eisnan+0x12>
    2c36:	4501                	li	a0,0
    2c38:	8082                	ret
    2c3a:	4505                	li	a0,1
    2c3c:	8082                	ret

00002c3e <eisneg>:
    2c3e:	1141                	addi	sp,sp,-16
    2c40:	c422                	sw	s0,8(sp)
    2c42:	c606                	sw	ra,12(sp)
    2c44:	842a                	mv	s0,a0
    2c46:	3fc9                	jal	2c18 <eisnan>
    2c48:	e901                	bnez	a0,2c58 <eisneg+0x1a>
    2c4a:	01241503          	lh	a0,18(s0)
    2c4e:	817d                	srli	a0,a0,0x1f
    2c50:	40b2                	lw	ra,12(sp)
    2c52:	4422                	lw	s0,8(sp)
    2c54:	0141                	addi	sp,sp,16
    2c56:	8082                	ret
    2c58:	4501                	li	a0,0
    2c5a:	bfdd                	j	2c50 <eisneg+0x12>

00002c5c <emovi>:
    2c5c:	1141                	addi	sp,sp,-16
    2c5e:	01251783          	lh	a5,18(a0)
    2c62:	c606                	sw	ra,12(sp)
    2c64:	c422                	sw	s0,8(sp)
    2c66:	c226                	sw	s1,4(sp)
    2c68:	c04a                	sw	s2,0(sp)
    2c6a:	0407d863          	bgez	a5,2cba <emovi+0x5e>
    2c6e:	57fd                	li	a5,-1
    2c70:	00f59023          	sh	a5,0(a1)
    2c74:	01255703          	lhu	a4,18(a0)
    2c78:	67a1                	lui	a5,0x8
    2c7a:	17fd                	addi	a5,a5,-1
    2c7c:	8f7d                	and	a4,a4,a5
    2c7e:	00e59123          	sh	a4,2(a1)
    2c82:	01050913          	addi	s2,a0,16
    2c86:	04f71763          	bne	a4,a5,2cd4 <emovi+0x78>
    2c8a:	842e                	mv	s0,a1
    2c8c:	84aa                	mv	s1,a0
    2c8e:	3769                	jal	2c18 <eisnan>
    2c90:	c905                	beqz	a0,2cc0 <emovi+0x64>
    2c92:	00640793          	addi	a5,s0,6
    2c96:	00041223          	sh	zero,4(s0)
    2c9a:	ffc48513          	addi	a0,s1,-4
    2c9e:	1979                	addi	s2,s2,-2
    2ca0:	00295703          	lhu	a4,2(s2)
    2ca4:	0789                	addi	a5,a5,2
    2ca6:	fee79f23          	sh	a4,-2(a5) # 7ffe <_svfiprintf_r+0x32a>
    2caa:	fea91ae3          	bne	s2,a0,2c9e <emovi+0x42>
    2cae:	40b2                	lw	ra,12(sp)
    2cb0:	4422                	lw	s0,8(sp)
    2cb2:	4492                	lw	s1,4(sp)
    2cb4:	4902                	lw	s2,0(sp)
    2cb6:	0141                	addi	sp,sp,16
    2cb8:	8082                	ret
    2cba:	00059023          	sh	zero,0(a1)
    2cbe:	bf5d                	j	2c74 <emovi+0x18>
    2cc0:	00440793          	addi	a5,s0,4
    2cc4:	01a40593          	addi	a1,s0,26
    2cc8:	0789                	addi	a5,a5,2
    2cca:	fe079f23          	sh	zero,-2(a5)
    2cce:	feb79de3          	bne	a5,a1,2cc8 <emovi+0x6c>
    2cd2:	bff1                	j	2cae <emovi+0x52>
    2cd4:	00658793          	addi	a5,a1,6
    2cd8:	00059223          	sh	zero,4(a1)
    2cdc:	1579                	addi	a0,a0,-2
    2cde:	1979                	addi	s2,s2,-2
    2ce0:	00295703          	lhu	a4,2(s2)
    2ce4:	0789                	addi	a5,a5,2
    2ce6:	fee79f23          	sh	a4,-2(a5)
    2cea:	fea91ae3          	bne	s2,a0,2cde <emovi+0x82>
    2cee:	00059c23          	sh	zero,24(a1)
    2cf2:	bf75                	j	2cae <emovi+0x52>

00002cf4 <ecmp>:
    2cf4:	715d                	addi	sp,sp,-80
    2cf6:	c2a6                	sw	s1,68(sp)
    2cf8:	c0ca                	sw	s2,64(sp)
    2cfa:	c686                	sw	ra,76(sp)
    2cfc:	c4a2                	sw	s0,72(sp)
    2cfe:	892a                	mv	s2,a0
    2d00:	84ae                	mv	s1,a1
    2d02:	3f19                	jal	2c18 <eisnan>
    2d04:	e941                	bnez	a0,2d94 <ecmp+0xa0>
    2d06:	8526                	mv	a0,s1
    2d08:	3f01                	jal	2c18 <eisnan>
    2d0a:	842a                	mv	s0,a0
    2d0c:	e541                	bnez	a0,2d94 <ecmp+0xa0>
    2d0e:	002c                	addi	a1,sp,8
    2d10:	854a                	mv	a0,s2
    2d12:	37a9                	jal	2c5c <emovi>
    2d14:	104c                	addi	a1,sp,36
    2d16:	8526                	mv	a0,s1
    2d18:	3791                	jal	2c5c <emovi>
    2d1a:	00815703          	lhu	a4,8(sp)
    2d1e:	02415783          	lhu	a5,36(sp)
    2d22:	02e78e63          	beq	a5,a4,2d5e <ecmp+0x6a>
    2d26:	4789                	li	a5,2
    2d28:	46e1                	li	a3,24
    2d2a:	0028                	addi	a0,sp,8
    2d2c:	00f50633          	add	a2,a0,a5
    2d30:	00065603          	lhu	a2,0(a2) # ffff8000 <pulp__FC+0xffff8001>
    2d34:	e20d                	bnez	a2,2d56 <ecmp+0x62>
    2d36:	104c                	addi	a1,sp,36
    2d38:	00f58633          	add	a2,a1,a5
    2d3c:	00065603          	lhu	a2,0(a2)
    2d40:	ea19                	bnez	a2,2d56 <ecmp+0x62>
    2d42:	0789                	addi	a5,a5,2
    2d44:	fed793e3          	bne	a5,a3,2d2a <ecmp+0x36>
    2d48:	8522                	mv	a0,s0
    2d4a:	40b6                	lw	ra,76(sp)
    2d4c:	4426                	lw	s0,72(sp)
    2d4e:	4496                	lw	s1,68(sp)
    2d50:	4906                	lw	s2,64(sp)
    2d52:	6161                	addi	sp,sp,80
    2d54:	8082                	ret
    2d56:	4405                	li	s0,1
    2d58:	db65                	beqz	a4,2d48 <ecmp+0x54>
    2d5a:	547d                	li	s0,-1
    2d5c:	b7f5                	j	2d48 <ecmp+0x54>
    2d5e:	4605                	li	a2,1
    2d60:	c391                	beqz	a5,2d64 <ecmp+0x70>
    2d62:	567d                	li	a2,-1
    2d64:	4781                	li	a5,0
    2d66:	45e1                	li	a1,24
    2d68:	0034                	addi	a3,sp,8
    2d6a:	00f68733          	add	a4,a3,a5
    2d6e:	1048                	addi	a0,sp,36
    2d70:	00075683          	lhu	a3,0(a4)
    2d74:	00f50733          	add	a4,a0,a5
    2d78:	00075703          	lhu	a4,0(a4)
    2d7c:	00e69663          	bne	a3,a4,2d88 <ecmp+0x94>
    2d80:	0789                	addi	a5,a5,2
    2d82:	feb793e3          	bne	a5,a1,2d68 <ecmp+0x74>
    2d86:	b7c9                	j	2d48 <ecmp+0x54>
    2d88:	8432                	mv	s0,a2
    2d8a:	fad76fe3          	bltu	a4,a3,2d48 <ecmp+0x54>
    2d8e:	40c00433          	neg	s0,a2
    2d92:	bf5d                	j	2d48 <ecmp+0x54>
    2d94:	5479                	li	s0,-2
    2d96:	bf4d                	j	2d48 <ecmp+0x54>

00002d98 <eisinf>:
    2d98:	01255783          	lhu	a5,18(a0)
    2d9c:	fff7c793          	not	a5,a5
    2da0:	01179713          	slli	a4,a5,0x11
    2da4:	eb09                	bnez	a4,2db6 <eisinf+0x1e>
    2da6:	1141                	addi	sp,sp,-16
    2da8:	c606                	sw	ra,12(sp)
    2daa:	35bd                	jal	2c18 <eisnan>
    2dac:	40b2                	lw	ra,12(sp)
    2dae:	00153513          	seqz	a0,a0
    2db2:	0141                	addi	sp,sp,16
    2db4:	8082                	ret
    2db6:	4501                	li	a0,0
    2db8:	8082                	ret

00002dba <einfin.isra.2>:
    2dba:	01250793          	addi	a5,a0,18
    2dbe:	0509                	addi	a0,a0,2
    2dc0:	fe051f23          	sh	zero,-2(a0)
    2dc4:	fef51de3          	bne	a0,a5,2dbe <einfin.isra.2+0x4>
    2dc8:	00055783          	lhu	a5,0(a0)
    2dcc:	6721                	lui	a4,0x8
    2dce:	177d                	addi	a4,a4,-1
    2dd0:	8fd9                	or	a5,a5,a4
    2dd2:	00f51023          	sh	a5,0(a0)
    2dd6:	8082                	ret

00002dd8 <eshift.part.3>:
    2dd8:	1101                	addi	sp,sp,-32
    2dda:	ca26                	sw	s1,20(sp)
    2ddc:	c64e                	sw	s3,12(sp)
    2dde:	ce06                	sw	ra,28(sp)
    2de0:	cc22                	sw	s0,24(sp)
    2de2:	c84a                	sw	s2,16(sp)
    2de4:	c452                	sw	s4,8(sp)
    2de6:	c256                	sw	s5,4(sp)
    2de8:	89aa                	mv	s3,a0
    2dea:	84ae                	mv	s1,a1
    2dec:	0a05d863          	bgez	a1,2e9c <eshift.part.3+0xc4>
    2df0:	40b00933          	neg	s2,a1
    2df4:	8a4a                	mv	s4,s2
    2df6:	4401                	li	s0,0
    2df8:	4abd                	li	s5,15
    2dfa:	034acb63          	blt	s5,s4,2e30 <eshift.part.3+0x58>
    2dfe:	00495913          	srli	s2,s2,0x4
    2e02:	55c1                	li	a1,-16
    2e04:	02b905b3          	mul	a1,s2,a1
    2e08:	409584b3          	sub	s1,a1,s1
    2e0c:	8926                	mv	s2,s1
    2e0e:	4a1d                	li	s4,7
    2e10:	032a4763          	blt	s4,s2,2e3e <eshift.part.3+0x66>
    2e14:	0034d593          	srli	a1,s1,0x3
    2e18:	57e1                	li	a5,-8
    2e1a:	02f585b3          	mul	a1,a1,a5
    2e1e:	94ae                	add	s1,s1,a1
    2e20:	e495                	bnez	s1,2e4c <eshift.part.3+0x74>
    2e22:	00803533          	snez	a0,s0
    2e26:	842a                	mv	s0,a0
    2e28:	01041513          	slli	a0,s0,0x10
    2e2c:	8141                	srli	a0,a0,0x10
    2e2e:	a8b1                	j	2e8a <eshift.part.3+0xb2>
    2e30:	0189d783          	lhu	a5,24(s3)
    2e34:	854e                	mv	a0,s3
    2e36:	8c5d                	or	s0,s0,a5
    2e38:	1a41                	addi	s4,s4,-16
    2e3a:	39cd                	jal	2b2c <eshdn6>
    2e3c:	bf7d                	j	2dfa <eshift.part.3+0x22>
    2e3e:	0189c783          	lbu	a5,24(s3)
    2e42:	854e                	mv	a0,s3
    2e44:	8c5d                	or	s0,s0,a5
    2e46:	1961                	addi	s2,s2,-8
    2e48:	3149                	jal	2aca <eshdn8>
    2e4a:	b7d9                	j	2e10 <eshift.part.3+0x38>
    2e4c:	0189d783          	lhu	a5,24(s3)
    2e50:	854e                	mv	a0,s3
    2e52:	8b85                	andi	a5,a5,1
    2e54:	8c5d                	or	s0,s0,a5
    2e56:	14fd                	addi	s1,s1,-1
    2e58:	3101                	jal	2a58 <eshdn1>
    2e5a:	b7d9                	j	2e20 <eshift.part.3+0x48>
    2e5c:	854e                	mv	a0,s3
    2e5e:	394d                	jal	2b10 <eshup6>
    2e60:	1441                	addi	s0,s0,-16
    2e62:	fe894de3          	blt	s2,s0,2e5c <eshift.part.3+0x84>
    2e66:	0044d593          	srli	a1,s1,0x4
    2e6a:	57c1                	li	a5,-16
    2e6c:	02f585b3          	mul	a1,a1,a5
    2e70:	94ae                	add	s1,s1,a1
    2e72:	8426                	mv	s0,s1
    2e74:	491d                	li	s2,7
    2e76:	02894663          	blt	s2,s0,2ea2 <eshift.part.3+0xca>
    2e7a:	0034d593          	srli	a1,s1,0x3
    2e7e:	57e1                	li	a5,-8
    2e80:	02f585b3          	mul	a1,a1,a5
    2e84:	94ae                	add	s1,s1,a1
    2e86:	e095                	bnez	s1,2eaa <eshift.part.3+0xd2>
    2e88:	4501                	li	a0,0
    2e8a:	40f2                	lw	ra,28(sp)
    2e8c:	4462                	lw	s0,24(sp)
    2e8e:	44d2                	lw	s1,20(sp)
    2e90:	4942                	lw	s2,16(sp)
    2e92:	49b2                	lw	s3,12(sp)
    2e94:	4a22                	lw	s4,8(sp)
    2e96:	4a92                	lw	s5,4(sp)
    2e98:	6105                	addi	sp,sp,32
    2e9a:	8082                	ret
    2e9c:	842e                	mv	s0,a1
    2e9e:	493d                	li	s2,15
    2ea0:	b7c9                	j	2e62 <eshift.part.3+0x8a>
    2ea2:	854e                	mv	a0,s3
    2ea4:	31b1                	jal	2af0 <eshup8>
    2ea6:	1461                	addi	s0,s0,-8
    2ea8:	b7f9                	j	2e76 <eshift.part.3+0x9e>
    2eaa:	854e                	mv	a0,s3
    2eac:	36cd                	jal	2a8e <eshup1>
    2eae:	14fd                	addi	s1,s1,-1
    2eb0:	bfd9                	j	2e86 <eshift.part.3+0xae>

00002eb2 <enormlz>:
    2eb2:	1141                	addi	sp,sp,-16
    2eb4:	00455783          	lhu	a5,4(a0)
    2eb8:	c226                	sw	s1,4(sp)
    2eba:	c606                	sw	ra,12(sp)
    2ebc:	c422                	sw	s0,8(sp)
    2ebe:	c04a                	sw	s2,0(sp)
    2ec0:	84aa                	mv	s1,a0
    2ec2:	efa1                	bnez	a5,2f1a <enormlz+0x68>
    2ec4:	00651783          	lh	a5,6(a0)
    2ec8:	4401                	li	s0,0
    2eca:	0a000913          	li	s2,160
    2ece:	0007de63          	bgez	a5,2eea <enormlz+0x38>
    2ed2:	8522                	mv	a0,s0
    2ed4:	40b2                	lw	ra,12(sp)
    2ed6:	4422                	lw	s0,8(sp)
    2ed8:	4492                	lw	s1,4(sp)
    2eda:	4902                	lw	s2,0(sp)
    2edc:	0141                	addi	sp,sp,16
    2ede:	8082                	ret
    2ee0:	8526                	mv	a0,s1
    2ee2:	0441                	addi	s0,s0,16
    2ee4:	3135                	jal	2b10 <eshup6>
    2ee6:	ff2406e3          	beq	s0,s2,2ed2 <enormlz+0x20>
    2eea:	0064d783          	lhu	a5,6(s1)
    2eee:	dbed                	beqz	a5,2ee0 <enormlz+0x2e>
    2ef0:	0064d783          	lhu	a5,6(s1)
    2ef4:	f007f793          	andi	a5,a5,-256
    2ef8:	cf89                	beqz	a5,2f12 <enormlz+0x60>
    2efa:	0a000913          	li	s2,160
    2efe:	00649783          	lh	a5,6(s1)
    2f02:	fc07c8e3          	bltz	a5,2ed2 <enormlz+0x20>
    2f06:	8526                	mv	a0,s1
    2f08:	0405                	addi	s0,s0,1
    2f0a:	3651                	jal	2a8e <eshup1>
    2f0c:	fe8959e3          	bge	s2,s0,2efe <enormlz+0x4c>
    2f10:	b7c9                	j	2ed2 <enormlz+0x20>
    2f12:	8526                	mv	a0,s1
    2f14:	3ef1                	jal	2af0 <eshup8>
    2f16:	0421                	addi	s0,s0,8
    2f18:	bfe1                	j	2ef0 <enormlz+0x3e>
    2f1a:	f007f793          	andi	a5,a5,-256
    2f1e:	4401                	li	s0,0
    2f20:	c399                	beqz	a5,2f26 <enormlz+0x74>
    2f22:	3665                	jal	2aca <eshdn8>
    2f24:	5461                	li	s0,-8
    2f26:	f7000913          	li	s2,-144
    2f2a:	a031                	j	2f36 <enormlz+0x84>
    2f2c:	8526                	mv	a0,s1
    2f2e:	147d                	addi	s0,s0,-1
    2f30:	3625                	jal	2a58 <eshdn1>
    2f32:	fb2440e3          	blt	s0,s2,2ed2 <enormlz+0x20>
    2f36:	0044d783          	lhu	a5,4(s1)
    2f3a:	fbed                	bnez	a5,2f2c <enormlz+0x7a>
    2f3c:	bf59                	j	2ed2 <enormlz+0x20>

00002f3e <enan.constprop.12>:
    2f3e:	01050793          	addi	a5,a0,16
    2f42:	0509                	addi	a0,a0,2
    2f44:	fe051f23          	sh	zero,-2(a0)
    2f48:	fef51de3          	bne	a0,a5,2f42 <enan.constprop.12+0x4>
    2f4c:	7fffc7b7          	lui	a5,0x7fffc
    2f50:	c11c                	sw	a5,0(a0)
    2f52:	8082                	ret

00002f54 <emovo.isra.6>:
    2f54:	872a                	mv	a4,a0
    2f56:	00075683          	lhu	a3,0(a4) # 8000 <_svfiprintf_r+0x32c>
    2f5a:	852e                	mv	a0,a1
    2f5c:	00275783          	lhu	a5,2(a4)
    2f60:	c299                	beqz	a3,2f66 <emovo.isra.6+0x12>
    2f62:	76e1                	lui	a3,0xffff8
    2f64:	8fd5                	or	a5,a5,a3
    2f66:	00f51923          	sh	a5,18(a0)
    2f6a:	66a1                	lui	a3,0x8
    2f6c:	00275603          	lhu	a2,2(a4)
    2f70:	16fd                	addi	a3,a3,-1
    2f72:	00670793          	addi	a5,a4,6
    2f76:	00d61a63          	bne	a2,a3,2f8a <emovo.isra.6+0x36>
    2f7a:	0769                	addi	a4,a4,26
    2f7c:	0007d683          	lhu	a3,0(a5) # 7fffc000 <_sp+0x7ffece10>
    2f80:	e285                	bnez	a3,2fa0 <emovo.isra.6+0x4c>
    2f82:	0789                	addi	a5,a5,2
    2f84:	fee79ce3          	bne	a5,a4,2f7c <emovo.isra.6+0x28>
    2f88:	bd0d                	j	2dba <einfin.isra.2>
    2f8a:	0541                	addi	a0,a0,16
    2f8c:	0761                	addi	a4,a4,24
    2f8e:	0789                	addi	a5,a5,2
    2f90:	ffe7d683          	lhu	a3,-2(a5)
    2f94:	1579                	addi	a0,a0,-2
    2f96:	00d51123          	sh	a3,2(a0)
    2f9a:	fee79ae3          	bne	a5,a4,2f8e <emovo.isra.6+0x3a>
    2f9e:	8082                	ret
    2fa0:	bf79                	j	2f3e <enan.constprop.12>

00002fa2 <e113toe.isra.8>:
    2fa2:	7179                	addi	sp,sp,-48
    2fa4:	d226                	sw	s1,36(sp)
    2fa6:	84aa                	mv	s1,a0
    2fa8:	0048                	addi	a0,sp,4
    2faa:	d422                	sw	s0,40(sp)
    2fac:	d606                	sw	ra,44(sp)
    2fae:	842e                	mv	s0,a1
    2fb0:	3c89                	jal	2a02 <ecleaz>
    2fb2:	00e4d703          	lhu	a4,14(s1)
    2fb6:	01071793          	slli	a5,a4,0x10
    2fba:	87c1                	srai	a5,a5,0x10
    2fbc:	0207c663          	bltz	a5,2fe8 <e113toe.isra.8+0x46>
    2fc0:	00011223          	sh	zero,4(sp)
    2fc4:	66a1                	lui	a3,0x8
    2fc6:	16fd                	addi	a3,a3,-1
    2fc8:	8f75                	and	a4,a4,a3
    2fca:	00e48793          	addi	a5,s1,14
    2fce:	04d71663          	bne	a4,a3,301a <e113toe.isra.8+0x78>
    2fd2:	8726                	mv	a4,s1
    2fd4:	00075683          	lhu	a3,0(a4)
    2fd8:	ce81                	beqz	a3,2ff0 <e113toe.isra.8+0x4e>
    2fda:	8522                	mv	a0,s0
    2fdc:	378d                	jal	2f3e <enan.constprop.12>
    2fde:	50b2                	lw	ra,44(sp)
    2fe0:	5422                	lw	s0,40(sp)
    2fe2:	5492                	lw	s1,36(sp)
    2fe4:	6145                	addi	sp,sp,48
    2fe6:	8082                	ret
    2fe8:	57fd                	li	a5,-1
    2fea:	00f11223          	sh	a5,4(sp)
    2fee:	bfd9                	j	2fc4 <e113toe.isra.8+0x22>
    2ff0:	0709                	addi	a4,a4,2
    2ff2:	fee791e3          	bne	a5,a4,2fd4 <e113toe.isra.8+0x32>
    2ff6:	8522                	mv	a0,s0
    2ff8:	32d5                	jal	29dc <eclear>
    2ffa:	8522                	mv	a0,s0
    2ffc:	3b7d                	jal	2dba <einfin.isra.2>
    2ffe:	00e49783          	lh	a5,14(s1)
    3002:	fc07dee3          	bgez	a5,2fde <e113toe.isra.8+0x3c>
    3006:	8522                	mv	a0,s0
    3008:	3901                	jal	2c18 <eisnan>
    300a:	f971                	bnez	a0,2fde <e113toe.isra.8+0x3c>
    300c:	01245783          	lhu	a5,18(s0)
    3010:	7761                	lui	a4,0xffff8
    3012:	8fb9                	xor	a5,a5,a4
    3014:	00f41923          	sh	a5,18(s0)
    3018:	b7d9                	j	2fde <e113toe.isra.8+0x3c>
    301a:	00e11323          	sh	a4,6(sp)
    301e:	0054                	addi	a3,sp,4
    3020:	17f9                	addi	a5,a5,-2
    3022:	0007d603          	lhu	a2,0(a5)
    3026:	0689                	addi	a3,a3,2
    3028:	00c69223          	sh	a2,4(a3) # 8004 <_svfiprintf_r+0x330>
    302c:	fef49ae3          	bne	s1,a5,3020 <e113toe.isra.8+0x7e>
    3030:	e719                	bnez	a4,303e <e113toe.isra.8+0x9c>
    3032:	00011423          	sh	zero,8(sp)
    3036:	85a2                	mv	a1,s0
    3038:	0048                	addi	a0,sp,4
    303a:	3f29                	jal	2f54 <emovo.isra.6>
    303c:	b74d                	j	2fde <e113toe.isra.8+0x3c>
    303e:	4785                	li	a5,1
    3040:	55fd                	li	a1,-1
    3042:	0048                	addi	a0,sp,4
    3044:	00f11423          	sh	a5,8(sp)
    3048:	3b41                	jal	2dd8 <eshift.part.3>
    304a:	b7f5                	j	3036 <e113toe.isra.8+0x94>

0000304c <emdnorm>:
    304c:	1101                	addi	sp,sp,-32
    304e:	cc22                	sw	s0,24(sp)
    3050:	ca26                	sw	s1,20(sp)
    3052:	c84a                	sw	s2,16(sp)
    3054:	c64e                	sw	s3,12(sp)
    3056:	c452                	sw	s4,8(sp)
    3058:	c256                	sw	s5,4(sp)
    305a:	8936                	mv	s2,a3
    305c:	843e                	mv	s0,a5
    305e:	ce06                	sw	ra,28(sp)
    3060:	84aa                	mv	s1,a0
    3062:	89ae                	mv	s3,a1
    3064:	8a32                	mv	s4,a2
    3066:	8aba                	mv	s5,a4
    3068:	35a9                	jal	2eb2 <enormlz>
    306a:	09000793          	li	a5,144
    306e:	40a90933          	sub	s2,s2,a0
    3072:	02a7d763          	bge	a5,a0,30a0 <emdnorm+0x54>
    3076:	67a1                	lui	a5,0x8
    3078:	17f9                	addi	a5,a5,-2
    307a:	2127c163          	blt	a5,s2,327c <emdnorm+0x230>
    307e:	00248793          	addi	a5,s1,2
    3082:	04e9                	addi	s1,s1,26
    3084:	0789                	addi	a5,a5,2
    3086:	fe079f23          	sh	zero,-2(a5) # 7ffe <_svfiprintf_r+0x32a>
    308a:	fe979de3          	bne	a5,s1,3084 <emdnorm+0x38>
    308e:	40f2                	lw	ra,28(sp)
    3090:	4462                	lw	s0,24(sp)
    3092:	44d2                	lw	s1,20(sp)
    3094:	4942                	lw	s2,16(sp)
    3096:	49b2                	lw	s3,12(sp)
    3098:	4a22                	lw	s4,8(sp)
    309a:	4a92                	lw	s5,4(sp)
    309c:	6105                	addi	sp,sp,32
    309e:	8082                	ret
    30a0:	00095b63          	bgez	s2,30b6 <emdnorm+0x6a>
    30a4:	f7000793          	li	a5,-144
    30a8:	0ef94363          	blt	s2,a5,318e <emdnorm+0x142>
    30ac:	85ca                	mv	a1,s2
    30ae:	8526                	mv	a0,s1
    30b0:	3325                	jal	2dd8 <eshift.part.3>
    30b2:	0e051763          	bnez	a0,31a0 <emdnorm+0x154>
    30b6:	180a8763          	beqz	s5,3244 <emdnorm+0x1f8>
    30ba:	4058                	lw	a4,4(s0)
    30bc:	401c                	lw	a5,0(s0)
    30be:	04f70763          	beq	a4,a5,310c <emdnorm+0xc0>
    30c2:	01a40513          	addi	a0,s0,26
    30c6:	3a35                	jal	2a02 <ecleaz>
    30c8:	405c                	lw	a5,4(s0)
    30ca:	03800713          	li	a4,56
    30ce:	10e78963          	beq	a5,a4,31e0 <emdnorm+0x194>
    30d2:	0cf74963          	blt	a4,a5,31a4 <emdnorm+0x158>
    30d6:	4761                	li	a4,24
    30d8:	12e78963          	beq	a5,a4,320a <emdnorm+0x1be>
    30dc:	03500713          	li	a4,53
    30e0:	10e78a63          	beq	a5,a4,31f4 <emdnorm+0x1a8>
    30e4:	4731                	li	a4,12
    30e6:	c418                	sw	a4,8(s0)
    30e8:	80010737          	lui	a4,0x80010
    30ec:	177d                	addi	a4,a4,-1
    30ee:	c858                	sw	a4,20(s0)
    30f0:	4705                	li	a4,1
    30f2:	00e41c23          	sh	a4,24(s0)
    30f6:	472d                	li	a4,11
    30f8:	c458                	sw	a4,12(s0)
    30fa:	4458                	lw	a4,12(s0)
    30fc:	01845683          	lhu	a3,24(s0)
    3100:	0721                	addi	a4,a4,8
    3102:	0706                	slli	a4,a4,0x1
    3104:	9722                	add	a4,a4,s0
    3106:	00d71523          	sh	a3,10(a4) # 8001000a <pulp__FC+0x8001000b>
    310a:	c01c                	sw	a5,0(s0)
    310c:	01204e63          	bgtz	s2,3128 <emdnorm+0xdc>
    3110:	4058                	lw	a4,4(s0)
    3112:	09000793          	li	a5,144
    3116:	00f70963          	beq	a4,a5,3128 <emdnorm+0xdc>
    311a:	0184d783          	lhu	a5,24(s1)
    311e:	8526                	mv	a0,s1
    3120:	8b85                	andi	a5,a5,1
    3122:	00f9e9b3          	or	s3,s3,a5
    3126:	3a0d                	jal	2a58 <eshdn1>
    3128:	4414                	lw	a3,8(s0)
    312a:	01445603          	lhu	a2,20(s0)
    312e:	00169713          	slli	a4,a3,0x1
    3132:	9726                	add	a4,a4,s1
    3134:	00075783          	lhu	a5,0(a4)
    3138:	404c                	lw	a1,4(s0)
    313a:	8ff1                	and	a5,a5,a2
    313c:	08f00613          	li	a2,143
    3140:	00b64763          	blt	a2,a1,314e <emdnorm+0x102>
    3144:	0685                	addi	a3,a3,1
    3146:	863a                	mv	a2,a4
    3148:	45b1                	li	a1,12
    314a:	0cd5d263          	bge	a1,a3,320e <emdnorm+0x1c2>
    314e:	01445683          	lhu	a3,20(s0)
    3152:	00075603          	lhu	a2,0(a4)
    3156:	fff6c693          	not	a3,a3
    315a:	8ef1                	and	a3,a3,a2
    315c:	00d71023          	sh	a3,0(a4)
    3160:	01645703          	lhu	a4,22(s0)
    3164:	00f776b3          	and	a3,a4,a5
    3168:	cedd                	beqz	a3,3226 <emdnorm+0x1da>
    316a:	00f71d63          	bne	a4,a5,3184 <emdnorm+0x138>
    316e:	0a099a63          	bnez	s3,3222 <emdnorm+0x1d6>
    3172:	445c                	lw	a5,12(s0)
    3174:	01845703          	lhu	a4,24(s0)
    3178:	0786                	slli	a5,a5,0x1
    317a:	97a6                	add	a5,a5,s1
    317c:	0007d783          	lhu	a5,0(a5)
    3180:	8ff9                	and	a5,a5,a4
    3182:	c3d5                	beqz	a5,3226 <emdnorm+0x1da>
    3184:	85a6                	mv	a1,s1
    3186:	01a40513          	addi	a0,s0,26
    318a:	32d1                	jal	2b4e <eaddm>
    318c:	a869                	j	3226 <emdnorm+0x1da>
    318e:	00248793          	addi	a5,s1,2
    3192:	04e9                	addi	s1,s1,26
    3194:	0789                	addi	a5,a5,2
    3196:	fe079f23          	sh	zero,-2(a5)
    319a:	fe979de3          	bne	a5,s1,3194 <emdnorm+0x148>
    319e:	bdc5                	j	308e <emdnorm+0x42>
    31a0:	4985                	li	s3,1
    31a2:	bf11                	j	30b6 <emdnorm+0x6a>
    31a4:	04000713          	li	a4,64
    31a8:	02e78163          	beq	a5,a4,31ca <emdnorm+0x17e>
    31ac:	07100713          	li	a4,113
    31b0:	f2e79ae3          	bne	a5,a4,30e4 <emdnorm+0x98>
    31b4:	40008737          	lui	a4,0x40008
    31b8:	177d                	addi	a4,a4,-1
    31ba:	46a9                	li	a3,10
    31bc:	c858                	sw	a4,20(s0)
    31be:	c414                	sw	a3,8(s0)
    31c0:	7761                	lui	a4,0xffff8
    31c2:	00e41c23          	sh	a4,24(s0)
    31c6:	c454                	sw	a3,12(s0)
    31c8:	bf0d                	j	30fa <emdnorm+0xae>
    31ca:	471d                	li	a4,7
    31cc:	c418                	sw	a4,8(s0)
    31ce:	80010737          	lui	a4,0x80010
    31d2:	177d                	addi	a4,a4,-1
    31d4:	c858                	sw	a4,20(s0)
    31d6:	4705                	li	a4,1
    31d8:	00e41c23          	sh	a4,24(s0)
    31dc:	4719                	li	a4,6
    31de:	bf29                	j	30f8 <emdnorm+0xac>
    31e0:	4699                	li	a3,6
    31e2:	00800737          	lui	a4,0x800
    31e6:	0ff70713          	addi	a4,a4,255 # 8000ff <_sp+0x7f0f0f>
    31ea:	c858                	sw	a4,20(s0)
    31ec:	c414                	sw	a3,8(s0)
    31ee:	10000713          	li	a4,256
    31f2:	bfc1                	j	31c2 <emdnorm+0x176>
    31f4:	04000737          	lui	a4,0x4000
    31f8:	7ff70713          	addi	a4,a4,2047 # 40007ff <_sp+0x3ff160f>
    31fc:	4699                	li	a3,6
    31fe:	c858                	sw	a4,20(s0)
    3200:	6705                	lui	a4,0x1
    3202:	c414                	sw	a3,8(s0)
    3204:	80070713          	addi	a4,a4,-2048 # 800 <_vfprintf_r+0x76>
    3208:	bf6d                	j	31c2 <emdnorm+0x176>
    320a:	4691                	li	a3,4
    320c:	bfd9                	j	31e2 <emdnorm+0x196>
    320e:	00265503          	lhu	a0,2(a2)
    3212:	c119                	beqz	a0,3218 <emdnorm+0x1cc>
    3214:	0017e793          	ori	a5,a5,1
    3218:	00061123          	sh	zero,2(a2)
    321c:	0685                	addi	a3,a3,1
    321e:	0609                	addi	a2,a2,2
    3220:	b72d                	j	314a <emdnorm+0xfe>
    3222:	f60a01e3          	beqz	s4,3184 <emdnorm+0x138>
    3226:	01204963          	bgtz	s2,3238 <emdnorm+0x1ec>
    322a:	4058                	lw	a4,4(s0)
    322c:	09000793          	li	a5,144
    3230:	00f70463          	beq	a4,a5,3238 <emdnorm+0x1ec>
    3234:	8526                	mv	a0,s1
    3236:	38a1                	jal	2a8e <eshup1>
    3238:	0044d783          	lhu	a5,4(s1)
    323c:	c781                	beqz	a5,3244 <emdnorm+0x1f8>
    323e:	8526                	mv	a0,s1
    3240:	3821                	jal	2a58 <eshdn1>
    3242:	0905                	addi	s2,s2,1
    3244:	67a1                	lui	a5,0x8
    3246:	00049c23          	sh	zero,24(s1)
    324a:	17f9                	addi	a5,a5,-2
    324c:	0327d063          	bge	a5,s2,326c <emdnorm+0x220>
    3250:	77e1                	lui	a5,0xffff8
    3252:	fff7c793          	not	a5,a5
    3256:	00f49123          	sh	a5,2(s1)
    325a:	00448793          	addi	a5,s1,4
    325e:	04e1                	addi	s1,s1,24
    3260:	00079023          	sh	zero,0(a5) # ffff8000 <pulp__FC+0xffff8001>
    3264:	0789                	addi	a5,a5,2
    3266:	fef49de3          	bne	s1,a5,3260 <emdnorm+0x214>
    326a:	b515                	j	308e <emdnorm+0x42>
    326c:	00095563          	bgez	s2,3276 <emdnorm+0x22a>
    3270:	00049123          	sh	zero,2(s1)
    3274:	bd29                	j	308e <emdnorm+0x42>
    3276:	01249123          	sh	s2,2(s1)
    327a:	bd11                	j	308e <emdnorm+0x42>
    327c:	e20a9fe3          	bnez	s5,30ba <emdnorm+0x6e>
    3280:	00049c23          	sh	zero,24(s1)
    3284:	b7f1                	j	3250 <emdnorm+0x204>

00003286 <eiremain>:
    3286:	1101                	addi	sp,sp,-32
    3288:	c452                	sw	s4,8(sp)
    328a:	00255a03          	lhu	s4,2(a0)
    328e:	ce06                	sw	ra,28(sp)
    3290:	cc22                	sw	s0,24(sp)
    3292:	ca26                	sw	s1,20(sp)
    3294:	842e                	mv	s0,a1
    3296:	c84a                	sw	s2,16(sp)
    3298:	c256                	sw	s5,4(sp)
    329a:	c05a                	sw	s6,0(sp)
    329c:	8932                	mv	s2,a2
    329e:	03460b13          	addi	s6,a2,52
    32a2:	c64e                	sw	s3,12(sp)
    32a4:	8aaa                	mv	s5,a0
    32a6:	3131                	jal	2eb2 <enormlz>
    32a8:	40aa0a33          	sub	s4,s4,a0
    32ac:	00245483          	lhu	s1,2(s0)
    32b0:	8522                	mv	a0,s0
    32b2:	3101                	jal	2eb2 <enormlz>
    32b4:	8c89                	sub	s1,s1,a0
    32b6:	855a                	mv	a0,s6
    32b8:	f4aff0ef          	jal	ra,2a02 <ecleaz>
    32bc:	0344d263          	bge	s1,s4,32e0 <eiremain+0x5a>
    32c0:	8522                	mv	a0,s0
    32c2:	4462                	lw	s0,24(sp)
    32c4:	40f2                	lw	ra,28(sp)
    32c6:	49b2                	lw	s3,12(sp)
    32c8:	4a22                	lw	s4,8(sp)
    32ca:	4a92                	lw	s5,4(sp)
    32cc:	4b02                	lw	s6,0(sp)
    32ce:	87ca                	mv	a5,s2
    32d0:	86a6                	mv	a3,s1
    32d2:	4942                	lw	s2,16(sp)
    32d4:	44d2                	lw	s1,20(sp)
    32d6:	4701                	li	a4,0
    32d8:	4601                	li	a2,0
    32da:	4581                	li	a1,0
    32dc:	6105                	addi	sp,sp,32
    32de:	b3bd                	j	304c <emdnorm>
    32e0:	85a2                	mv	a1,s0
    32e2:	8556                	mv	a0,s5
    32e4:	f4aff0ef          	jal	ra,2a2e <ecmpm>
    32e8:	4981                	li	s3,0
    32ea:	00a04663          	bgtz	a0,32f6 <eiremain+0x70>
    32ee:	85a2                	mv	a1,s0
    32f0:	8556                	mv	a0,s5
    32f2:	3059                	jal	2b78 <esubm>
    32f4:	4985                	li	s3,1
    32f6:	855a                	mv	a0,s6
    32f8:	f96ff0ef          	jal	ra,2a8e <eshup1>
    32fc:	04c95783          	lhu	a5,76(s2)
    3300:	8522                	mv	a0,s0
    3302:	00f9e9b3          	or	s3,s3,a5
    3306:	05391623          	sh	s3,76(s2)
    330a:	f84ff0ef          	jal	ra,2a8e <eshup1>
    330e:	14fd                	addi	s1,s1,-1
    3310:	b775                	j	32bc <eiremain+0x36>

00003312 <emul>:
    3312:	7175                	addi	sp,sp,-144
    3314:	c522                	sw	s0,136(sp)
    3316:	c326                	sw	s1,132(sp)
    3318:	c14a                	sw	s2,128(sp)
    331a:	dece                	sw	s3,124(sp)
    331c:	c706                	sw	ra,140(sp)
    331e:	dcd2                	sw	s4,120(sp)
    3320:	dad6                	sw	s5,116(sp)
    3322:	d8da                	sw	s6,112(sp)
    3324:	d6de                	sw	s7,108(sp)
    3326:	d4e2                	sw	s8,104(sp)
    3328:	d2e6                	sw	s9,100(sp)
    332a:	84aa                	mv	s1,a0
    332c:	842e                	mv	s0,a1
    332e:	8932                	mv	s2,a2
    3330:	89b6                	mv	s3,a3
    3332:	30dd                	jal	2c18 <eisnan>
    3334:	c115                	beqz	a0,3358 <emul+0x46>
    3336:	85ca                	mv	a1,s2
    3338:	8526                	mv	a0,s1
    333a:	eb2ff0ef          	jal	ra,29ec <emov>
    333e:	40ba                	lw	ra,140(sp)
    3340:	442a                	lw	s0,136(sp)
    3342:	449a                	lw	s1,132(sp)
    3344:	490a                	lw	s2,128(sp)
    3346:	59f6                	lw	s3,124(sp)
    3348:	5a66                	lw	s4,120(sp)
    334a:	5ad6                	lw	s5,116(sp)
    334c:	5b46                	lw	s6,112(sp)
    334e:	5bb6                	lw	s7,108(sp)
    3350:	5c26                	lw	s8,104(sp)
    3352:	5c96                	lw	s9,100(sp)
    3354:	6149                	addi	sp,sp,144
    3356:	8082                	ret
    3358:	8522                	mv	a0,s0
    335a:	387d                	jal	2c18 <eisnan>
    335c:	c501                	beqz	a0,3364 <emul+0x52>
    335e:	85ca                	mv	a1,s2
    3360:	8522                	mv	a0,s0
    3362:	bfe1                	j	333a <emul+0x28>
    3364:	8526                	mv	a0,s1
    3366:	3c0d                	jal	2d98 <eisinf>
    3368:	ed0d                	bnez	a0,33a2 <emul+0x90>
    336a:	8522                	mv	a0,s0
    336c:	3435                	jal	2d98 <eisinf>
    336e:	c519                	beqz	a0,337c <emul+0x6a>
    3370:	65b1                	lui	a1,0xc
    3372:	c9c58593          	addi	a1,a1,-868 # bc9c <ezero>
    3376:	8526                	mv	a0,s1
    3378:	3ab5                	jal	2cf4 <ecmp>
    337a:	c915                	beqz	a0,33ae <emul+0x9c>
    337c:	8526                	mv	a0,s1
    337e:	3c29                	jal	2d98 <eisinf>
    3380:	e501                	bnez	a0,3388 <emul+0x76>
    3382:	8522                	mv	a0,s0
    3384:	3c11                	jal	2d98 <eisinf>
    3386:	c915                	beqz	a0,33ba <emul+0xa8>
    3388:	8526                	mv	a0,s1
    338a:	3855                	jal	2c3e <eisneg>
    338c:	84aa                	mv	s1,a0
    338e:	8522                	mv	a0,s0
    3390:	307d                	jal	2c3e <eisneg>
    3392:	02a48163          	beq	s1,a0,33b4 <emul+0xa2>
    3396:	77e1                	lui	a5,0xffff8
    3398:	00f91923          	sh	a5,18(s2)
    339c:	854a                	mv	a0,s2
    339e:	3c31                	jal	2dba <einfin.isra.2>
    33a0:	bf79                	j	333e <emul+0x2c>
    33a2:	65b1                	lui	a1,0xc
    33a4:	c9c58593          	addi	a1,a1,-868 # bc9c <ezero>
    33a8:	8522                	mv	a0,s0
    33aa:	32a9                	jal	2cf4 <ecmp>
    33ac:	fd5d                	bnez	a0,336a <emul+0x58>
    33ae:	854a                	mv	a0,s2
    33b0:	3679                	jal	2f3e <enan.constprop.12>
    33b2:	b771                	j	333e <emul+0x2c>
    33b4:	00091923          	sh	zero,18(s2)
    33b8:	b7d5                	j	339c <emul+0x8a>
    33ba:	8526                	mv	a0,s1
    33bc:	006c                	addi	a1,sp,12
    33be:	3879                	jal	2c5c <emovi>
    33c0:	8522                	mv	a0,s0
    33c2:	102c                	addi	a1,sp,40
    33c4:	3861                	jal	2c5c <emovi>
    33c6:	00e15403          	lhu	s0,14(sp)
    33ca:	02a15483          	lhu	s1,42(sp)
    33ce:	ec09                	bnez	s0,33e8 <emul+0xd6>
    33d0:	4781                	li	a5,0
    33d2:	4759                	li	a4,22
    33d4:	0070                	addi	a2,sp,12
    33d6:	00f606b3          	add	a3,a2,a5
    33da:	0026d683          	lhu	a3,2(a3)
    33de:	c2f9                	beqz	a3,34a4 <emul+0x192>
    33e0:	8532                	mv	a0,a2
    33e2:	3cc1                	jal	2eb2 <enormlz>
    33e4:	40a00433          	neg	s0,a0
    33e8:	02a15783          	lhu	a5,42(sp)
    33ec:	8c26                	mv	s8,s1
    33ee:	ef81                	bnez	a5,3406 <emul+0xf4>
    33f0:	4759                	li	a4,22
    33f2:	1030                	addi	a2,sp,40
    33f4:	00f606b3          	add	a3,a2,a5
    33f8:	0026d683          	lhu	a3,2(a3)
    33fc:	cadd                	beqz	a3,34b2 <emul+0x1a0>
    33fe:	8532                	mv	a0,a2
    3400:	3c4d                	jal	2eb2 <enormlz>
    3402:	40a48c33          	sub	s8,s1,a0
    3406:	02815783          	lhu	a5,40(sp)
    340a:	03498b93          	addi	s7,s3,52
    340e:	02f99a23          	sh	a5,52(s3)
    3412:	02a15783          	lhu	a5,42(sp)
    3416:	03898493          	addi	s1,s3,56
    341a:	02f99b23          	sh	a5,54(s3)
    341e:	8a5e                	mv	s4,s7
    3420:	04e98793          	addi	a5,s3,78
    3424:	00049023          	sh	zero,0(s1)
    3428:	0489                	addi	s1,s1,2
    342a:	fe979de3          	bne	a5,s1,3424 <emul+0x112>
    342e:	4a81                	li	s5,0
    3430:	4b01                	li	s6,0
    3432:	5cb1                	li	s9,-20
    3434:	0078                	addi	a4,sp,12
    3436:	015707b3          	add	a5,a4,s5
    343a:	0187d503          	lhu	a0,24(a5) # ffff8018 <pulp__FC+0xffff8019>
    343e:	c909                	beqz	a0,3450 <emul+0x13e>
    3440:	102c                	addi	a1,sp,40
    3442:	00d0                	addi	a2,sp,68
    3444:	f5eff0ef          	jal	ra,2ba2 <m16m>
    3448:	85de                	mv	a1,s7
    344a:	00c8                	addi	a0,sp,68
    344c:	f02ff0ef          	jal	ra,2b4e <eaddm>
    3450:	04c9d783          	lhu	a5,76(s3)
    3454:	855e                	mv	a0,s7
    3456:	1af9                	addi	s5,s5,-2
    3458:	00fb6b33          	or	s6,s6,a5
    345c:	ed0ff0ef          	jal	ra,2b2c <eshdn6>
    3460:	fd9a9ae3          	bne	s5,s9,3434 <emul+0x122>
    3464:	103c                	addi	a5,sp,40
    3466:	000a5703          	lhu	a4,0(s4)
    346a:	0a09                	addi	s4,s4,2
    346c:	00e79023          	sh	a4,0(a5)
    3470:	0789                	addi	a5,a5,2
    3472:	fe9a1ae3          	bne	s4,s1,3466 <emul+0x154>
    3476:	76f1                	lui	a3,0xffffc
    3478:	9462                	add	s0,s0,s8
    347a:	0689                	addi	a3,a3,2
    347c:	87ce                	mv	a5,s3
    347e:	04000713          	li	a4,64
    3482:	96a2                	add	a3,a3,s0
    3484:	4601                	li	a2,0
    3486:	85da                	mv	a1,s6
    3488:	1028                	addi	a0,sp,40
    348a:	36c9                	jal	304c <emdnorm>
    348c:	00c15703          	lhu	a4,12(sp)
    3490:	02815783          	lhu	a5,40(sp)
    3494:	02f71363          	bne	a4,a5,34ba <emul+0x1a8>
    3498:	02011423          	sh	zero,40(sp)
    349c:	85ca                	mv	a1,s2
    349e:	1028                	addi	a0,sp,40
    34a0:	3c55                	jal	2f54 <emovo.isra.6>
    34a2:	bd71                	j	333e <emul+0x2c>
    34a4:	0789                	addi	a5,a5,2
    34a6:	f2e797e3          	bne	a5,a4,33d4 <emul+0xc2>
    34aa:	854a                	mv	a0,s2
    34ac:	d30ff0ef          	jal	ra,29dc <eclear>
    34b0:	b579                	j	333e <emul+0x2c>
    34b2:	0789                	addi	a5,a5,2
    34b4:	f2e79fe3          	bne	a5,a4,33f2 <emul+0xe0>
    34b8:	bfcd                	j	34aa <emul+0x198>
    34ba:	57fd                	li	a5,-1
    34bc:	02f11423          	sh	a5,40(sp)
    34c0:	bff1                	j	349c <emul+0x18a>

000034c2 <ediv>:
    34c2:	7175                	addi	sp,sp,-144
    34c4:	c522                	sw	s0,136(sp)
    34c6:	c326                	sw	s1,132(sp)
    34c8:	c14a                	sw	s2,128(sp)
    34ca:	dad6                	sw	s5,116(sp)
    34cc:	c706                	sw	ra,140(sp)
    34ce:	dece                	sw	s3,124(sp)
    34d0:	dcd2                	sw	s4,120(sp)
    34d2:	d8da                	sw	s6,112(sp)
    34d4:	d6de                	sw	s7,108(sp)
    34d6:	d4e2                	sw	s8,104(sp)
    34d8:	d2e6                	sw	s9,100(sp)
    34da:	d0ea                	sw	s10,96(sp)
    34dc:	84aa                	mv	s1,a0
    34de:	842e                	mv	s0,a1
    34e0:	8932                	mv	s2,a2
    34e2:	8ab6                	mv	s5,a3
    34e4:	f34ff0ef          	jal	ra,2c18 <eisnan>
    34e8:	c11d                	beqz	a0,350e <ediv+0x4c>
    34ea:	85ca                	mv	a1,s2
    34ec:	8526                	mv	a0,s1
    34ee:	cfeff0ef          	jal	ra,29ec <emov>
    34f2:	40ba                	lw	ra,140(sp)
    34f4:	442a                	lw	s0,136(sp)
    34f6:	449a                	lw	s1,132(sp)
    34f8:	490a                	lw	s2,128(sp)
    34fa:	59f6                	lw	s3,124(sp)
    34fc:	5a66                	lw	s4,120(sp)
    34fe:	5ad6                	lw	s5,116(sp)
    3500:	5b46                	lw	s6,112(sp)
    3502:	5bb6                	lw	s7,108(sp)
    3504:	5c26                	lw	s8,104(sp)
    3506:	5c96                	lw	s9,100(sp)
    3508:	5d06                	lw	s10,96(sp)
    350a:	6149                	addi	sp,sp,144
    350c:	8082                	ret
    350e:	8522                	mv	a0,s0
    3510:	f08ff0ef          	jal	ra,2c18 <eisnan>
    3514:	c501                	beqz	a0,351c <ediv+0x5a>
    3516:	85ca                	mv	a1,s2
    3518:	8522                	mv	a0,s0
    351a:	bfd1                	j	34ee <ediv+0x2c>
    351c:	69b1                	lui	s3,0xc
    351e:	c9c98593          	addi	a1,s3,-868 # bc9c <ezero>
    3522:	8526                	mv	a0,s1
    3524:	fd0ff0ef          	jal	ra,2cf4 <ecmp>
    3528:	16050563          	beqz	a0,3692 <ediv+0x1d0>
    352c:	8526                	mv	a0,s1
    352e:	30ad                	jal	2d98 <eisinf>
    3530:	89aa                	mv	s3,a0
    3532:	8522                	mv	a0,s0
    3534:	3095                	jal	2d98 <eisinf>
    3536:	16099863          	bnez	s3,36a6 <ediv+0x1e4>
    353a:	16051b63          	bnez	a0,36b0 <ediv+0x1ee>
    353e:	8526                	mv	a0,s1
    3540:	006c                	addi	a1,sp,12
    3542:	f1aff0ef          	jal	ra,2c5c <emovi>
    3546:	8522                	mv	a0,s0
    3548:	102c                	addi	a1,sp,40
    354a:	f12ff0ef          	jal	ra,2c5c <emovi>
    354e:	02a15483          	lhu	s1,42(sp)
    3552:	00e15403          	lhu	s0,14(sp)
    3556:	ec91                	bnez	s1,3572 <ediv+0xb0>
    3558:	4781                	li	a5,0
    355a:	4759                	li	a4,22
    355c:	1030                	addi	a2,sp,40
    355e:	00f606b3          	add	a3,a2,a5
    3562:	0026d683          	lhu	a3,2(a3) # ffffc002 <pulp__FC+0xffffc003>
    3566:	16068563          	beqz	a3,36d0 <ediv+0x20e>
    356a:	8532                	mv	a0,a2
    356c:	3299                	jal	2eb2 <enormlz>
    356e:	40a004b3          	neg	s1,a0
    3572:	00e15783          	lhu	a5,14(sp)
    3576:	8ba2                	mv	s7,s0
    3578:	ef89                	bnez	a5,3592 <ediv+0xd0>
    357a:	4759                	li	a4,22
    357c:	0070                	addi	a2,sp,12
    357e:	00f606b3          	add	a3,a2,a5
    3582:	0026d683          	lhu	a3,2(a3)
    3586:	14068963          	beqz	a3,36d8 <ediv+0x216>
    358a:	8532                	mv	a0,a2
    358c:	321d                	jal	2eb2 <enormlz>
    358e:	40a40bb3          	sub	s7,s0,a0
    3592:	02815783          	lhu	a5,40(sp)
    3596:	02a15703          	lhu	a4,42(sp)
    359a:	02fa9a23          	sh	a5,52(s5)
    359e:	038a8793          	addi	a5,s5,56
    35a2:	02ea9b23          	sh	a4,54(s5)
    35a6:	034a8993          	addi	s3,s5,52
    35aa:	04ea8713          	addi	a4,s5,78
    35ae:	8a3e                	mv	s4,a5
    35b0:	0789                	addi	a5,a5,2
    35b2:	fe079f23          	sh	zero,-2(a5)
    35b6:	fee79de3          	bne	a5,a4,35b0 <ediv+0xee>
    35ba:	1028                	addi	a0,sp,40
    35bc:	c9cff0ef          	jal	ra,2a58 <eshdn1>
    35c0:	6b41                	lui	s6,0x10
    35c2:	01215c03          	lhu	s8,18(sp)
    35c6:	1b7d                	addi	s6,s6,-1
    35c8:	036c0d33          	mul	s10,s8,s6
    35cc:	01a98c93          	addi	s9,s3,26
    35d0:	02c15783          	lhu	a5,44(sp)
    35d4:	02e15403          	lhu	s0,46(sp)
    35d8:	07c2                	slli	a5,a5,0x10
    35da:	97a2                	add	a5,a5,s0
    35dc:	845a                	mv	s0,s6
    35de:	00fd6663          	bltu	s10,a5,35ea <ediv+0x128>
    35e2:	0387d433          	divu	s0,a5,s8
    35e6:	0442                	slli	s0,s0,0x10
    35e8:	8041                	srli	s0,s0,0x10
    35ea:	006c                	addi	a1,sp,12
    35ec:	8522                	mv	a0,s0
    35ee:	00d0                	addi	a2,sp,68
    35f0:	db2ff0ef          	jal	ra,2ba2 <m16m>
    35f4:	102c                	addi	a1,sp,40
    35f6:	00c8                	addi	a0,sp,68
    35f8:	c36ff0ef          	jal	ra,2a2e <ecmpm>
    35fc:	00a05f63          	blez	a0,361a <ediv+0x158>
    3600:	00cc                	addi	a1,sp,68
    3602:	0068                	addi	a0,sp,12
    3604:	d74ff0ef          	jal	ra,2b78 <esubm>
    3608:	102c                	addi	a1,sp,40
    360a:	00c8                	addi	a0,sp,68
    360c:	c22ff0ef          	jal	ra,2a2e <ecmpm>
    3610:	0ea04063          	bgtz	a0,36f0 <ediv+0x22e>
    3614:	147d                	addi	s0,s0,-1
    3616:	0442                	slli	s0,s0,0x10
    3618:	8041                	srli	s0,s0,0x10
    361a:	102c                	addi	a1,sp,40
    361c:	00c8                	addi	a0,sp,68
    361e:	d5aff0ef          	jal	ra,2b78 <esubm>
    3622:	1028                	addi	a0,sp,40
    3624:	008a1023          	sh	s0,0(s4)
    3628:	0a09                	addi	s4,s4,2
    362a:	ce6ff0ef          	jal	ra,2b10 <eshup6>
    362e:	fb9a11e3          	bne	s4,s9,35d0 <ediv+0x10e>
    3632:	4781                	li	a5,0
    3634:	4581                	li	a1,0
    3636:	4759                	li	a4,22
    3638:	1030                	addi	a2,sp,40
    363a:	00f606b3          	add	a3,a2,a5
    363e:	0046d683          	lhu	a3,4(a3)
    3642:	0789                	addi	a5,a5,2
    3644:	8dd5                	or	a1,a1,a3
    3646:	fee799e3          	bne	a5,a4,3638 <ediv+0x176>
    364a:	00b035b3          	snez	a1,a1
    364e:	0ff5f593          	zext.b	a1,a1
    3652:	87b2                	mv	a5,a2
    3654:	0009d703          	lhu	a4,0(s3)
    3658:	0989                	addi	s3,s3,2
    365a:	00e79023          	sh	a4,0(a5)
    365e:	0789                	addi	a5,a5,2
    3660:	ff3a1ae3          	bne	s4,s3,3654 <ediv+0x192>
    3664:	6691                	lui	a3,0x4
    3666:	417484b3          	sub	s1,s1,s7
    366a:	16fd                	addi	a3,a3,-1
    366c:	87d6                	mv	a5,s5
    366e:	04000713          	li	a4,64
    3672:	96a6                	add	a3,a3,s1
    3674:	4601                	li	a2,0
    3676:	1028                	addi	a0,sp,40
    3678:	3ad1                	jal	304c <emdnorm>
    367a:	00c15703          	lhu	a4,12(sp)
    367e:	02815783          	lhu	a5,40(sp)
    3682:	06f71f63          	bne	a4,a5,3700 <ediv+0x23e>
    3686:	02011423          	sh	zero,40(sp)
    368a:	85ca                	mv	a1,s2
    368c:	1028                	addi	a0,sp,40
    368e:	30d9                	jal	2f54 <emovo.isra.6>
    3690:	b58d                	j	34f2 <ediv+0x30>
    3692:	c9c98593          	addi	a1,s3,-868
    3696:	8522                	mv	a0,s0
    3698:	e5cff0ef          	jal	ra,2cf4 <ecmp>
    369c:	e80518e3          	bnez	a0,352c <ediv+0x6a>
    36a0:	854a                	mv	a0,s2
    36a2:	3871                	jal	2f3e <enan.constprop.12>
    36a4:	b5b9                	j	34f2 <ediv+0x30>
    36a6:	fd6d                	bnez	a0,36a0 <ediv+0x1de>
    36a8:	854a                	mv	a0,s2
    36aa:	b32ff0ef          	jal	ra,29dc <eclear>
    36ae:	b591                	j	34f2 <ediv+0x30>
    36b0:	8526                	mv	a0,s1
    36b2:	d8cff0ef          	jal	ra,2c3e <eisneg>
    36b6:	84aa                	mv	s1,a0
    36b8:	8522                	mv	a0,s0
    36ba:	d84ff0ef          	jal	ra,2c3e <eisneg>
    36be:	02a48663          	beq	s1,a0,36ea <ediv+0x228>
    36c2:	77e1                	lui	a5,0xffff8
    36c4:	00f91923          	sh	a5,18(s2)
    36c8:	854a                	mv	a0,s2
    36ca:	ef0ff0ef          	jal	ra,2dba <einfin.isra.2>
    36ce:	b515                	j	34f2 <ediv+0x30>
    36d0:	0789                	addi	a5,a5,2
    36d2:	e8e795e3          	bne	a5,a4,355c <ediv+0x9a>
    36d6:	bfc9                	j	36a8 <ediv+0x1e6>
    36d8:	0789                	addi	a5,a5,2
    36da:	eae791e3          	bne	a5,a4,357c <ediv+0xba>
    36de:	00c15703          	lhu	a4,12(sp)
    36e2:	02815783          	lhu	a5,40(sp)
    36e6:	fcf71ee3          	bne	a4,a5,36c2 <ediv+0x200>
    36ea:	00091923          	sh	zero,18(s2)
    36ee:	bfe9                	j	36c8 <ediv+0x206>
    36f0:	1479                	addi	s0,s0,-2
    36f2:	0442                	slli	s0,s0,0x10
    36f4:	00cc                	addi	a1,sp,68
    36f6:	0068                	addi	a0,sp,12
    36f8:	8041                	srli	s0,s0,0x10
    36fa:	c7eff0ef          	jal	ra,2b78 <esubm>
    36fe:	bf31                	j	361a <ediv+0x158>
    3700:	57fd                	li	a5,-1
    3702:	02f11423          	sh	a5,40(sp)
    3706:	b751                	j	368a <ediv+0x1c8>

00003708 <_ldtoa_r>:
    3708:	7105                	addi	sp,sp,-480
    370a:	0005ae03          	lw	t3,0(a1)
    370e:	0045a303          	lw	t1,4(a1)
    3712:	0085a883          	lw	a7,8(a1)
    3716:	45cc                	lw	a1,12(a1)
    3718:	1c812c23          	sw	s0,472(sp)
    371c:	843e                	mv	s0,a5
    371e:	57fd                	li	a5,-1
    3720:	d62e                	sw	a1,44(sp)
    3722:	14f12823          	sw	a5,336(sp)
    3726:	412c                	lw	a1,64(a0)
    3728:	09000793          	li	a5,144
    372c:	1d412423          	sw	s4,456(sp)
    3730:	1d512223          	sw	s5,452(sp)
    3734:	1b712e23          	sw	s7,444(sp)
    3738:	1b912a23          	sw	s9,436(sp)
    373c:	1c112e23          	sw	ra,476(sp)
    3740:	1c912a23          	sw	s1,468(sp)
    3744:	1d212823          	sw	s2,464(sp)
    3748:	1d312623          	sw	s3,460(sp)
    374c:	1d612023          	sw	s6,448(sp)
    3750:	1b812c23          	sw	s8,440(sp)
    3754:	1ba12823          	sw	s10,432(sp)
    3758:	1bb12623          	sw	s11,428(sp)
    375c:	cc42                	sw	a6,24(sp)
    375e:	d072                	sw	t3,32(sp)
    3760:	d21a                	sw	t1,36(sp)
    3762:	d446                	sw	a7,40(sp)
    3764:	14f12a23          	sw	a5,340(sp)
    3768:	8a2a                	mv	s4,a0
    376a:	8bb2                	mv	s7,a2
    376c:	8ab6                	mv	s5,a3
    376e:	8cba                	mv	s9,a4
    3770:	c999                	beqz	a1,3786 <_ldtoa_r+0x7e>
    3772:	417c                	lw	a5,68(a0)
    3774:	4705                	li	a4,1
    3776:	00f71733          	sll	a4,a4,a5
    377a:	c1dc                	sw	a5,4(a1)
    377c:	c598                	sw	a4,8(a1)
    377e:	0dc010ef          	jal	ra,485a <_Bfree>
    3782:	040a2023          	sw	zero,64(s4)
    3786:	1008                	addi	a0,sp,32
    3788:	088c                	addi	a1,sp,80
    378a:	3821                	jal	2fa2 <e113toe.isra.8>
    378c:	0888                	addi	a0,sp,80
    378e:	cb0ff0ef          	jal	ra,2c3e <eisneg>
    3792:	14050b63          	beqz	a0,38e8 <_ldtoa_r+0x1e0>
    3796:	4785                	li	a5,1
    3798:	c01c                	sw	a5,0(s0)
    379a:	478d                	li	a5,3
    379c:	14fb8963          	beq	s7,a5,38ee <_ldtoa_r+0x1e6>
    37a0:	4951                	li	s2,20
    37a2:	000b8a63          	beqz	s7,37b6 <_ldtoa_r+0xae>
    37a6:	fffa8913          	addi	s2,s5,-1
    37aa:	02a00793          	li	a5,42
    37ae:	0127d463          	bge	a5,s2,37b6 <_ldtoa_r+0xae>
    37b2:	02a00913          	li	s2,42
    37b6:	15412603          	lw	a2,340(sp)
    37ba:	0888                	addi	a0,sp,80
    37bc:	ce32                	sw	a2,28(sp)
    37be:	c5aff0ef          	jal	ra,2c18 <eisnan>
    37c2:	842a                	mv	s0,a0
    37c4:	12050763          	beqz	a0,38f2 <_ldtoa_r+0x1ea>
    37c8:	0000c5b7          	lui	a1,0xc
    37cc:	ef058593          	addi	a1,a1,-272 # bef0 <emtens+0x104>
    37d0:	0a48                	addi	a0,sp,276
    37d2:	6409                	lui	s0,0x2
    37d4:	5d9010ef          	jal	ra,55ac <sprintf>
    37d8:	70f40413          	addi	s0,s0,1807 # 270f <__sfvwrite_r+0xe5>
    37dc:	46f2                	lw	a3,28(sp)
    37de:	0888                	addi	a0,sp,80
    37e0:	14d12a23          	sw	a3,340(sp)
    37e4:	16812023          	sw	s0,352(sp)
    37e8:	db0ff0ef          	jal	ra,2d98 <eisinf>
    37ec:	11410993          	addi	s3,sp,276
    37f0:	e511                	bnez	a0,37fc <_ldtoa_r+0xf4>
    37f2:	0888                	addi	a0,sp,80
    37f4:	c24ff0ef          	jal	ra,2c18 <eisnan>
    37f8:	76050d63          	beqz	a0,3f72 <_ldtoa_r+0x86a>
    37fc:	6789                	lui	a5,0x2
    37fe:	70f78793          	addi	a5,a5,1807 # 270f <__sfvwrite_r+0xe5>
    3802:	00fca023          	sw	a5,0(s9)
    3806:	87ce                	mv	a5,s3
    3808:	02000613          	li	a2,32
    380c:	02d00693          	li	a3,45
    3810:	0007c703          	lbu	a4,0(a5)
    3814:	7ac70363          	beq	a4,a2,3fba <_ldtoa_r+0x8b2>
    3818:	7ad70163          	beq	a4,a3,3fba <_ldtoa_r+0x8b2>
    381c:	844e                	mv	s0,s3
    381e:	0785                	addi	a5,a5,1
    3820:	fff7c703          	lbu	a4,-1(a5)
    3824:	00140693          	addi	a3,s0,1
    3828:	fee68fa3          	sb	a4,-1(a3) # 3fff <_ldtoa_r+0x8f7>
    382c:	78071a63          	bnez	a4,3fc0 <_ldtoa_r+0x8b8>
    3830:	4709                	li	a4,2
    3832:	4785                	li	a5,1
    3834:	00eb8763          	beq	s7,a4,3842 <_ldtoa_r+0x13a>
    3838:	16012783          	lw	a5,352(sp)
    383c:	0127d363          	bge	a5,s2,3842 <_ldtoa_r+0x13a>
    3840:	87ca                	mv	a5,s2
    3842:	03000693          	li	a3,48
    3846:	fff44703          	lbu	a4,-1(s0)
    384a:	00d71663          	bne	a4,a3,3856 <_ldtoa_r+0x14e>
    384e:	41340733          	sub	a4,s0,s3
    3852:	76e7ca63          	blt	a5,a4,3fc6 <_ldtoa_r+0x8be>
    3856:	478d                	li	a5,3
    3858:	009a8713          	addi	a4,s5,9
    385c:	02fb9163          	bne	s7,a5,387e <_ldtoa_r+0x176>
    3860:	16012783          	lw	a5,352(sp)
    3864:	993e                	add	s2,s2,a5
    3866:	00095763          	bgez	s2,3874 <_ldtoa_r+0x16c>
    386a:	10010a23          	sb	zero,276(sp)
    386e:	000ca023          	sw	zero,0(s9)
    3872:	844e                	mv	s0,s3
    3874:	000ca783          	lw	a5,0(s9)
    3878:	9abe                	add	s5,s5,a5
    387a:	003a8713          	addi	a4,s5,3
    387e:	040a2223          	sw	zero,68(s4)
    3882:	4791                	li	a5,4
    3884:	01478693          	addi	a3,a5,20
    3888:	044a2583          	lw	a1,68(s4)
    388c:	74d77263          	bgeu	a4,a3,3fd0 <_ldtoa_r+0x8c8>
    3890:	8552                	mv	a0,s4
    3892:	763000ef          	jal	ra,47f4 <_Balloc>
    3896:	04aa2023          	sw	a0,64(s4)
    389a:	85ce                	mv	a1,s3
    389c:	84aa                	mv	s1,a0
    389e:	737010ef          	jal	ra,57d4 <strcpy>
    38a2:	4762                	lw	a4,24(sp)
    38a4:	c709                	beqz	a4,38ae <_ldtoa_r+0x1a6>
    38a6:	41340433          	sub	s0,s0,s3
    38aa:	9426                	add	s0,s0,s1
    38ac:	c300                	sw	s0,0(a4)
    38ae:	1dc12083          	lw	ra,476(sp)
    38b2:	1d812403          	lw	s0,472(sp)
    38b6:	8526                	mv	a0,s1
    38b8:	1d012903          	lw	s2,464(sp)
    38bc:	1d412483          	lw	s1,468(sp)
    38c0:	1cc12983          	lw	s3,460(sp)
    38c4:	1c812a03          	lw	s4,456(sp)
    38c8:	1c412a83          	lw	s5,452(sp)
    38cc:	1c012b03          	lw	s6,448(sp)
    38d0:	1bc12b83          	lw	s7,444(sp)
    38d4:	1b812c03          	lw	s8,440(sp)
    38d8:	1b412c83          	lw	s9,436(sp)
    38dc:	1b012d03          	lw	s10,432(sp)
    38e0:	1ac12d83          	lw	s11,428(sp)
    38e4:	613d                	addi	sp,sp,480
    38e6:	8082                	ret
    38e8:	00042023          	sw	zero,0(s0)
    38ec:	b57d                	j	379a <_ldtoa_r+0x92>
    38ee:	8956                	mv	s2,s5
    38f0:	bd6d                	j	37aa <_ldtoa_r+0xa2>
    38f2:	09000793          	li	a5,144
    38f6:	10ec                	addi	a1,sp,108
    38f8:	0888                	addi	a0,sp,80
    38fa:	14f12a23          	sw	a5,340(sp)
    38fe:	8eeff0ef          	jal	ra,29ec <emov>
    3902:	07e15783          	lhu	a5,126(sp)
    3906:	c802                	sw	zero,16(sp)
    3908:	01079713          	slli	a4,a5,0x10
    390c:	8741                	srai	a4,a4,0x10
    390e:	00075a63          	bgez	a4,3922 <_ldtoa_r+0x21a>
    3912:	6721                	lui	a4,0x8
    3914:	177d                	addi	a4,a4,-1
    3916:	8ff9                	and	a5,a5,a4
    3918:	06f11f23          	sh	a5,126(sp)
    391c:	67c1                	lui	a5,0x10
    391e:	17fd                	addi	a5,a5,-1
    3920:	c83e                	sw	a5,16(sp)
    3922:	6b31                	lui	s6,0xc
    3924:	c9cb0513          	addi	a0,s6,-868 # bc9c <ezero>
    3928:	012c                	addi	a1,sp,136
    392a:	0551                	addi	a0,a0,20
    392c:	8c0ff0ef          	jal	ra,29ec <emov>
    3930:	07e15703          	lhu	a4,126(sp)
    3934:	64b1                	lui	s1,0xc
    3936:	c9cb0993          	addi	s3,s6,-868
    393a:	cb048493          	addi	s1,s1,-848 # bcb0 <eone>
    393e:	68071f63          	bnez	a4,3fdc <_ldtoa_r+0x8d4>
    3942:	10f8                	addi	a4,sp,108
    3944:	4781                	li	a5,0
    3946:	46a5                	li	a3,9
    3948:	00075603          	lhu	a2,0(a4) # 8000 <_svfiprintf_r+0x32c>
    394c:	e271                	bnez	a2,3a10 <_ldtoa_r+0x308>
    394e:	0785                	addi	a5,a5,1
    3950:	0709                	addi	a4,a4,2
    3952:	fed79be3          	bne	a5,a3,3948 <_ldtoa_r+0x240>
    3956:	018c                	addi	a1,sp,192
    3958:	0128                	addi	a0,sp,136
    395a:	b02ff0ef          	jal	ra,2c5c <emovi>
    395e:	012c                	addi	a1,sp,136
    3960:	0188                	addi	a0,sp,192
    3962:	8b0ff0ef          	jal	ra,2a12 <emovz>
    3966:	018c                	addi	a1,sp,192
    3968:	10e8                	addi	a0,sp,108
    396a:	af2ff0ef          	jal	ra,2c5c <emovi>
    396e:	10ec                	addi	a1,sp,108
    3970:	0188                	addi	a0,sp,192
    3972:	8a0ff0ef          	jal	ra,2a12 <emovz>
    3976:	0a90                	addi	a2,sp,336
    3978:	10ec                	addi	a1,sp,108
    397a:	0128                	addi	a0,sp,136
    397c:	3229                	jal	3286 <eiremain>
    397e:	19c15483          	lhu	s1,412(sp)
    3982:	e881                	bnez	s1,3992 <_ldtoa_r+0x28a>
    3984:	c9cb0593          	addi	a1,s6,-868
    3988:	10e8                	addi	a0,sp,108
    398a:	b6aff0ef          	jal	ra,2cf4 <ecmp>
    398e:	4a051963          	bnez	a0,3e40 <_ldtoa_r+0x738>
    3992:	4642                	lw	a2,16(sp)
    3994:	02d00793          	li	a5,45
    3998:	e219                	bnez	a2,399e <_ldtoa_r+0x296>
    399a:	02000793          	li	a5,32
    399e:	10f10a23          	sb	a5,276(sp)
    39a2:	478d                	li	a5,3
    39a4:	89ca                	mv	s3,s2
    39a6:	00fb9863          	bne	s7,a5,39b6 <_ldtoa_r+0x2ae>
    39aa:	008909b3          	add	s3,s2,s0
    39ae:	02a00793          	li	a5,42
    39b2:	6537c263          	blt	a5,s3,3ff6 <_ldtoa_r+0x8ee>
    39b6:	47a9                	li	a5,10
    39b8:	4af49e63          	bne	s1,a5,3e74 <_ldtoa_r+0x76c>
    39bc:	678d                	lui	a5,0x3
    39be:	e3178793          	addi	a5,a5,-463 # 2e31 <eshift.part.3+0x59>
    39c2:	10f11aa3          	sh	a5,277(sp)
    39c6:	11710c13          	addi	s8,sp,279
    39ca:	01305963          	blez	s3,39dc <_ldtoa_r+0x2d4>
    39ce:	03000793          	li	a5,48
    39d2:	10f10ba3          	sb	a5,279(sp)
    39d6:	19fd                	addi	s3,s3,-1
    39d8:	11810c13          	addi	s8,sp,280
    39dc:	0405                	addi	s0,s0,1
    39de:	4a09d563          	bgez	s3,3e88 <_ldtoa_r+0x780>
    39e2:	0000c5b7          	lui	a1,0xc
    39e6:	8622                	mv	a2,s0
    39e8:	f1458593          	addi	a1,a1,-236 # bf14 <emtens+0x128>
    39ec:	8562                	mv	a0,s8
    39ee:	3bf010ef          	jal	ra,55ac <sprintf>
    39f2:	b3ed                	j	37dc <_ldtoa_r+0xd4>
    39f4:	0000c5b7          	lui	a1,0xc
    39f8:	f0458593          	addi	a1,a1,-252 # bf04 <emtens+0x118>
    39fc:	bbd1                	j	37d0 <_ldtoa_r+0xc8>
    39fe:	07c11783          	lh	a5,124(sp)
    3a02:	0007c763          	bltz	a5,3a10 <_ldtoa_r+0x308>
    3a06:	0000c5b7          	lui	a1,0xc
    3a0a:	f1058593          	addi	a1,a1,-240 # bf10 <emtens+0x124>
    3a0e:	b3c9                	j	37d0 <_ldtoa_r+0xc8>
    3a10:	10ec                	addi	a1,sp,108
    3a12:	8526                	mv	a0,s1
    3a14:	ae0ff0ef          	jal	ra,2cf4 <ecmp>
    3a18:	dd1d                	beqz	a0,3956 <_ldtoa_r+0x24e>
    3a1a:	30055963          	bgez	a0,3d2c <_ldtoa_r+0x624>
    3a1e:	114c                	addi	a1,sp,164
    3a20:	10e8                	addi	a0,sp,108
    3a22:	fcbfe0ef          	jal	ra,29ec <emov>
    3a26:	6791                	lui	a5,0x4
    3a28:	08e78793          	addi	a5,a5,142 # 408e <_setlocale_r+0x16>
    3a2c:	4741                	li	a4,16
    3a2e:	0af11b23          	sh	a5,182(sp)
    3a32:	4d01                	li	s10,0
    3a34:	ca3a                	sw	a4,20(sp)
    3a36:	67b1                	lui	a5,0xc
    3a38:	d6478793          	addi	a5,a5,-668 # bd64 <etens+0xa0>
    3a3c:	0a94                	addi	a3,sp,336
    3a3e:	0130                	addi	a2,sp,136
    3a40:	01a78533          	add	a0,a5,s10
    3a44:	114c                	addi	a1,sp,164
    3a46:	3cb5                	jal	34c2 <ediv>
    3a48:	186c                	addi	a1,sp,60
    3a4a:	0128                	addi	a0,sp,136
    3a4c:	fa1fe0ef          	jal	ra,29ec <emov>
    3a50:	6621                	lui	a2,0x8
    3a52:	04e15c03          	lhu	s8,78(sp)
    3a56:	167d                	addi	a2,a2,-1
    3a58:	76f1                	lui	a3,0xffffc
    3a5a:	00cc7733          	and	a4,s8,a2
    3a5e:	0689                	addi	a3,a3,2
    3a60:	9736                	add	a4,a4,a3
    3a62:	04e04063          	bgtz	a4,3aa2 <_ldtoa_r+0x39a>
    3a66:	0188                	addi	a0,sp,192
    3a68:	f75fe0ef          	jal	ra,29dc <eclear>
    3a6c:	0c42                	slli	s8,s8,0x10
    3a6e:	410c5c13          	srai	s8,s8,0x10
    3a72:	0a0c5e63          	bgez	s8,3b2e <_ldtoa_r+0x426>
    3a76:	4781                	li	a5,0
    3a78:	1870                	addi	a2,sp,60
    3a7a:	00f60733          	add	a4,a2,a5
    3a7e:	0190                	addi	a2,sp,192
    3a80:	00075683          	lhu	a3,0(a4)
    3a84:	00f60733          	add	a4,a2,a5
    3a88:	00075703          	lhu	a4,0(a4)
    3a8c:	28e68b63          	beq	a3,a4,3d22 <_ldtoa_r+0x61a>
    3a90:	8526                	mv	a0,s1
    3a92:	986ff0ef          	jal	ra,2c18 <eisnan>
    3a96:	cd31                	beqz	a0,3af2 <_ldtoa_r+0x3ea>
    3a98:	018c                	addi	a1,sp,192
    3a9a:	8526                	mv	a0,s1
    3a9c:	f51fe0ef          	jal	ra,29ec <emov>
    3aa0:	a079                	j	3b2e <_ldtoa_r+0x426>
    3aa2:	09000793          	li	a5,144
    3aa6:	40e78db3          	sub	s11,a5,a4
    3aaa:	018c                	addi	a1,sp,192
    3aac:	1868                	addi	a0,sp,60
    3aae:	f3ffe0ef          	jal	ra,29ec <emov>
    3ab2:	07b05e63          	blez	s11,3b2e <_ldtoa_r+0x426>
    3ab6:	0194                	addi	a3,sp,192
    3ab8:	87ee                	mv	a5,s11
    3aba:	463d                	li	a2,15
    3abc:	02f64663          	blt	a2,a5,3ae8 <_ldtoa_r+0x3e0>
    3ac0:	004dd793          	srli	a5,s11,0x4
    3ac4:	5641                	li	a2,-16
    3ac6:	00179693          	slli	a3,a5,0x1
    3aca:	02c787b3          	mul	a5,a5,a2
    3ace:	97ee                	add	a5,a5,s11
    3ad0:	0198                	addi	a4,sp,192
    3ad2:	0786                	slli	a5,a5,0x1
    3ad4:	96ba                	add	a3,a3,a4
    3ad6:	97ce                	add	a5,a5,s3
    3ad8:	0006d703          	lhu	a4,0(a3) # ffffc000 <pulp__FC+0xffffc001>
    3adc:	12c7d783          	lhu	a5,300(a5)
    3ae0:	8ff9                	and	a5,a5,a4
    3ae2:	00f69023          	sh	a5,0(a3)
    3ae6:	b759                	j	3a6c <_ldtoa_r+0x364>
    3ae8:	00069023          	sh	zero,0(a3)
    3aec:	17c1                	addi	a5,a5,-16
    3aee:	0689                	addi	a3,a3,2
    3af0:	b7f1                	j	3abc <_ldtoa_r+0x3b4>
    3af2:	0188                	addi	a0,sp,192
    3af4:	924ff0ef          	jal	ra,2c18 <eisnan>
    3af8:	c501                	beqz	a0,3b00 <_ldtoa_r+0x3f8>
    3afa:	018c                	addi	a1,sp,192
    3afc:	852e                	mv	a0,a1
    3afe:	bf79                	j	3a9c <_ldtoa_r+0x394>
    3b00:	8526                	mv	a0,s1
    3b02:	a96ff0ef          	jal	ra,2d98 <eisinf>
    3b06:	8daa                	mv	s11,a0
    3b08:	0188                	addi	a0,sp,192
    3b0a:	a8eff0ef          	jal	ra,2d98 <eisinf>
    3b0e:	8c2a                	mv	s8,a0
    3b10:	0e0d8963          	beqz	s11,3c02 <_ldtoa_r+0x4fa>
    3b14:	c961                	beqz	a0,3be4 <_ldtoa_r+0x4dc>
    3b16:	8526                	mv	a0,s1
    3b18:	926ff0ef          	jal	ra,2c3e <eisneg>
    3b1c:	8c2a                	mv	s8,a0
    3b1e:	0188                	addi	a0,sp,192
    3b20:	91eff0ef          	jal	ra,2c3e <eisneg>
    3b24:	0cac1063          	bne	s8,a0,3be4 <_ldtoa_r+0x4dc>
    3b28:	0188                	addi	a0,sp,192
    3b2a:	c14ff0ef          	jal	ra,2f3e <enan.constprop.12>
    3b2e:	4781                	li	a5,0
    3b30:	0130                	addi	a2,sp,136
    3b32:	00f60733          	add	a4,a2,a5
    3b36:	0190                	addi	a2,sp,192
    3b38:	00075683          	lhu	a3,0(a4)
    3b3c:	00f60733          	add	a4,a2,a5
    3b40:	00075703          	lhu	a4,0(a4)
    3b44:	00e69c63          	bne	a3,a4,3b5c <_ldtoa_r+0x454>
    3b48:	0789                	addi	a5,a5,2
    3b4a:	46c9                	li	a3,18
    3b4c:	fed792e3          	bne	a5,a3,3b30 <_ldtoa_r+0x428>
    3b50:	114c                	addi	a1,sp,164
    3b52:	0128                	addi	a0,sp,136
    3b54:	e99fe0ef          	jal	ra,29ec <emov>
    3b58:	4752                	lw	a4,20(sp)
    3b5a:	943a                	add	s0,s0,a4
    3b5c:	47d2                	lw	a5,20(sp)
    3b5e:	0d51                	addi	s10,s10,20
    3b60:	8385                	srli	a5,a5,0x1
    3b62:	ca3e                	sw	a5,20(sp)
    3b64:	06400793          	li	a5,100
    3b68:	ecfd17e3          	bne	s10,a5,3a36 <_ldtoa_r+0x32e>
    3b6c:	0b615783          	lhu	a5,182(sp)
    3b70:	07e15703          	lhu	a4,126(sp)
    3b74:	10ec                	addi	a1,sp,108
    3b76:	97ba                	add	a5,a5,a4
    3b78:	7771                	lui	a4,0xffffc
    3b7a:	f7270713          	addi	a4,a4,-142 # ffffbf72 <pulp__FC+0xffffbf73>
    3b7e:	97ba                	add	a5,a5,a4
    3b80:	1148                	addi	a0,sp,164
    3b82:	0af11b23          	sh	a5,182(sp)
    3b86:	e67fe0ef          	jal	ra,29ec <emov>
    3b8a:	8526                	mv	a0,s1
    3b8c:	012c                	addi	a1,sp,136
    3b8e:	e5ffe0ef          	jal	ra,29ec <emov>
    3b92:	4481                	li	s1,0
    3b94:	6d05                	lui	s10,0x1
    3b96:	11898993          	addi	s3,s3,280
    3b9a:	10400d93          	li	s11,260
    3b9e:	6631                	lui	a2,0xc
    3ba0:	cc460613          	addi	a2,a2,-828 # bcc4 <etens>
    3ba4:	114c                	addi	a1,sp,164
    3ba6:	854e                	mv	a0,s3
    3ba8:	00c48c33          	add	s8,s1,a2
    3bac:	948ff0ef          	jal	ra,2cf4 <ecmp>
    3bb0:	daa043e3          	bgtz	a0,3956 <_ldtoa_r+0x24e>
    3bb4:	114c                	addi	a1,sp,164
    3bb6:	8562                	mv	a0,s8
    3bb8:	93cff0ef          	jal	ra,2cf4 <ecmp>
    3bbc:	00a04e63          	bgtz	a0,3bd8 <_ldtoa_r+0x4d0>
    3bc0:	1150                	addi	a2,sp,164
    3bc2:	85b2                	mv	a1,a2
    3bc4:	0a94                	addi	a3,sp,336
    3bc6:	8562                	mv	a0,s8
    3bc8:	38ed                	jal	34c2 <ediv>
    3bca:	0130                	addi	a2,sp,136
    3bcc:	0a94                	addi	a3,sp,336
    3bce:	85b2                	mv	a1,a2
    3bd0:	8562                	mv	a0,s8
    3bd2:	f40ff0ef          	jal	ra,3312 <emul>
    3bd6:	946a                	add	s0,s0,s10
    3bd8:	04d1                	addi	s1,s1,20
    3bda:	001d5d13          	srli	s10,s10,0x1
    3bde:	fdb490e3          	bne	s1,s11,3b9e <_ldtoa_r+0x496>
    3be2:	bb95                	j	3956 <_ldtoa_r+0x24e>
    3be4:	8526                	mv	a0,s1
    3be6:	018c                	addi	a1,sp,192
    3be8:	e05fe0ef          	jal	ra,29ec <emov>
    3bec:	0188                	addi	a0,sp,192
    3bee:	82aff0ef          	jal	ra,2c18 <eisnan>
    3bf2:	fd15                	bnez	a0,3b2e <_ldtoa_r+0x426>
    3bf4:	0d215783          	lhu	a5,210(sp)
    3bf8:	7761                	lui	a4,0xffff8
    3bfa:	8fb9                	xor	a5,a5,a4
    3bfc:	0cf11923          	sh	a5,210(sp)
    3c00:	b73d                	j	3b2e <_ldtoa_r+0x426>
    3c02:	ee051ce3          	bnez	a0,3afa <_ldtoa_r+0x3f2>
    3c06:	09ec                	addi	a1,sp,220
    3c08:	8526                	mv	a0,s1
    3c0a:	852ff0ef          	jal	ra,2c5c <emovi>
    3c0e:	19ac                	addi	a1,sp,248
    3c10:	0188                	addi	a0,sp,192
    3c12:	84aff0ef          	jal	ra,2c5c <emovi>
    3c16:	0dc15703          	lhu	a4,220(sp)
    3c1a:	0fa15d83          	lhu	s11,250(sp)
    3c1e:	fff74713          	not	a4,a4
    3c22:	0742                	slli	a4,a4,0x10
    3c24:	0de15783          	lhu	a5,222(sp)
    3c28:	8341                	srli	a4,a4,0x10
    3c2a:	0ce11e23          	sh	a4,220(sp)
    3c2e:	41b787b3          	sub	a5,a5,s11
    3c32:	06f05363          	blez	a5,3c98 <_ldtoa_r+0x590>
    3c36:	0a4c                	addi	a1,sp,276
    3c38:	19a8                	addi	a0,sp,248
    3c3a:	c63e                	sw	a5,12(sp)
    3c3c:	dd7fe0ef          	jal	ra,2a12 <emovz>
    3c40:	19ac                	addi	a1,sp,248
    3c42:	09e8                	addi	a0,sp,220
    3c44:	dcffe0ef          	jal	ra,2a12 <emovz>
    3c48:	09ec                	addi	a1,sp,220
    3c4a:	0a48                	addi	a0,sp,276
    3c4c:	dc7fe0ef          	jal	ra,2a12 <emovz>
    3c50:	47b2                	lw	a5,12(sp)
    3c52:	0fa15d83          	lhu	s11,250(sp)
    3c56:	40f007b3          	neg	a5,a5
    3c5a:	f6f00713          	li	a4,-145
    3c5e:	06e7c763          	blt	a5,a4,3ccc <_ldtoa_r+0x5c4>
    3c62:	85be                	mv	a1,a5
    3c64:	09e8                	addi	a0,sp,220
    3c66:	972ff0ef          	jal	ra,2dd8 <eshift.part.3>
    3c6a:	882a                	mv	a6,a0
    3c6c:	0dc15703          	lhu	a4,220(sp)
    3c70:	0f815783          	lhu	a5,248(sp)
    3c74:	c642                	sw	a6,12(sp)
    3c76:	19ac                	addi	a1,sp,248
    3c78:	09e8                	addi	a0,sp,220
    3c7a:	0af71063          	bne	a4,a5,3d1a <_ldtoa_r+0x612>
    3c7e:	ed1fe0ef          	jal	ra,2b4e <eaddm>
    3c82:	4832                	lw	a6,12(sp)
    3c84:	0a9c                	addi	a5,sp,336
    3c86:	04000713          	li	a4,64
    3c8a:	86ee                	mv	a3,s11
    3c8c:	8662                	mv	a2,s8
    3c8e:	85c2                	mv	a1,a6
    3c90:	19a8                	addi	a0,sp,248
    3c92:	bbaff0ef          	jal	ra,304c <emdnorm>
    3c96:	a81d                	j	3ccc <_ldtoa_r+0x5c4>
    3c98:	f3e9                	bnez	a5,3c5a <_ldtoa_r+0x552>
    3c9a:	19ac                	addi	a1,sp,248
    3c9c:	09e8                	addi	a0,sp,220
    3c9e:	c63a                	sw	a4,12(sp)
    3ca0:	d8ffe0ef          	jal	ra,2a2e <ecmpm>
    3ca4:	4732                	lw	a4,12(sp)
    3ca6:	e929                	bnez	a0,3cf8 <_ldtoa_r+0x5f0>
    3ca8:	0f815783          	lhu	a5,248(sp)
    3cac:	00e78663          	beq	a5,a4,3cb8 <_ldtoa_r+0x5b0>
    3cb0:	0188                	addi	a0,sp,192
    3cb2:	d2bfe0ef          	jal	ra,29dc <eclear>
    3cb6:	bda5                	j	3b2e <_ldtoa_r+0x426>
    3cb8:	000d9f63          	bnez	s11,3cd6 <_ldtoa_r+0x5ce>
    3cbc:	0fe11703          	lh	a4,254(sp)
    3cc0:	4781                	li	a5,0
    3cc2:	00074b63          	bltz	a4,3cd8 <_ldtoa_r+0x5d0>
    3cc6:	19a8                	addi	a0,sp,248
    3cc8:	dc7fe0ef          	jal	ra,2a8e <eshup1>
    3ccc:	018c                	addi	a1,sp,192
    3cce:	19a8                	addi	a0,sp,248
    3cd0:	a84ff0ef          	jal	ra,2f54 <emovo.isra.6>
    3cd4:	bda9                	j	3b2e <_ldtoa_r+0x426>
    3cd6:	4781                	li	a5,0
    3cd8:	4759                	li	a4,22
    3cda:	19b4                	addi	a3,sp,248
    3cdc:	00f68633          	add	a2,a3,a5
    3ce0:	00265603          	lhu	a2,2(a2)
    3ce4:	c611                	beqz	a2,3cf0 <_ldtoa_r+0x5e8>
    3ce6:	0d85                	addi	s11,s11,1
    3ce8:	86ee                	mv	a3,s11
    3cea:	0ed11d23          	sh	a3,250(sp)
    3cee:	bff9                	j	3ccc <_ldtoa_r+0x5c4>
    3cf0:	0789                	addi	a5,a5,2
    3cf2:	fee794e3          	bne	a5,a4,3cda <_ldtoa_r+0x5d2>
    3cf6:	bfcd                	j	3ce8 <_ldtoa_r+0x5e0>
    3cf8:	4801                	li	a6,0
    3cfa:	f6a059e3          	blez	a0,3c6c <_ldtoa_r+0x564>
    3cfe:	0a4c                	addi	a1,sp,276
    3d00:	19a8                	addi	a0,sp,248
    3d02:	d11fe0ef          	jal	ra,2a12 <emovz>
    3d06:	19ac                	addi	a1,sp,248
    3d08:	09e8                	addi	a0,sp,220
    3d0a:	d09fe0ef          	jal	ra,2a12 <emovz>
    3d0e:	09ec                	addi	a1,sp,220
    3d10:	0a48                	addi	a0,sp,276
    3d12:	d01fe0ef          	jal	ra,2a12 <emovz>
    3d16:	8862                	mv	a6,s8
    3d18:	bf91                	j	3c6c <_ldtoa_r+0x564>
    3d1a:	e5ffe0ef          	jal	ra,2b78 <esubm>
    3d1e:	4c05                	li	s8,1
    3d20:	b78d                	j	3c82 <_ldtoa_r+0x57a>
    3d22:	0789                	addi	a5,a5,2
    3d24:	4749                	li	a4,18
    3d26:	d4e799e3          	bne	a5,a4,3a78 <_ldtoa_r+0x370>
    3d2a:	b511                	j	3b2e <_ldtoa_r+0x426>
    3d2c:	07e15783          	lhu	a5,126(sp)
    3d30:	11898c13          	addi	s8,s3,280
    3d34:	cfad                	beqz	a5,3dae <_ldtoa_r+0x6a6>
    3d36:	018c                	addi	a1,sp,192
    3d38:	10e8                	addi	a0,sp,108
    3d3a:	6c11                	lui	s8,0x4
    3d3c:	f21fe0ef          	jal	ra,2c5c <emovi>
    3d40:	1c79                	addi	s8,s8,-2
    3d42:	fd500d13          	li	s10,-43
    3d46:	0d815783          	lhu	a5,216(sp)
    3d4a:	8b9d                	andi	a5,a5,7
    3d4c:	e7a9                	bnez	a5,3d96 <_ldtoa_r+0x68e>
    3d4e:	114c                	addi	a1,sp,164
    3d50:	0188                	addi	a0,sp,192
    3d52:	cc1fe0ef          	jal	ra,2a12 <emovz>
    3d56:	1148                	addi	a0,sp,164
    3d58:	d01fe0ef          	jal	ra,2a58 <eshdn1>
    3d5c:	1148                	addi	a0,sp,164
    3d5e:	cfbfe0ef          	jal	ra,2a58 <eshdn1>
    3d62:	114c                	addi	a1,sp,164
    3d64:	0188                	addi	a0,sp,192
    3d66:	de9fe0ef          	jal	ra,2b4e <eaddm>
    3d6a:	0a615783          	lhu	a5,166(sp)
    3d6e:	078d                	addi	a5,a5,3
    3d70:	0af11323          	sh	a5,166(sp)
    3d74:	0a815783          	lhu	a5,168(sp)
    3d78:	efcd                	bnez	a5,3e32 <_ldtoa_r+0x72a>
    3d7a:	0bc15783          	lhu	a5,188(sp)
    3d7e:	ef81                	bnez	a5,3d96 <_ldtoa_r+0x68e>
    3d80:	0a615783          	lhu	a5,166(sp)
    3d84:	00fc6963          	bltu	s8,a5,3d96 <_ldtoa_r+0x68e>
    3d88:	018c                	addi	a1,sp,192
    3d8a:	1148                	addi	a0,sp,164
    3d8c:	147d                	addi	s0,s0,-1
    3d8e:	c85fe0ef          	jal	ra,2a12 <emovz>
    3d92:	fba41ae3          	bne	s0,s10,3d46 <_ldtoa_r+0x63e>
    3d96:	10ec                	addi	a1,sp,108
    3d98:	0188                	addi	a0,sp,192
    3d9a:	9baff0ef          	jal	ra,2f54 <emovo.isra.6>
    3d9e:	a821                	j	3db6 <_ldtoa_r+0x6ae>
    3da0:	10f0                	addi	a2,sp,108
    3da2:	0a94                	addi	a3,sp,336
    3da4:	85b2                	mv	a1,a2
    3da6:	8562                	mv	a0,s8
    3da8:	d6aff0ef          	jal	ra,3312 <emul>
    3dac:	147d                	addi	s0,s0,-1
    3dae:	07c11783          	lh	a5,124(sp)
    3db2:	fe07d7e3          	bgez	a5,3da0 <_ldtoa_r+0x698>
    3db6:	018c                	addi	a1,sp,192
    3db8:	10e8                	addi	a0,sp,108
    3dba:	c33fe0ef          	jal	ra,29ec <emov>
    3dbe:	012c                	addi	a1,sp,136
    3dc0:	8526                	mv	a0,s1
    3dc2:	c2bfe0ef          	jal	ra,29ec <emov>
    3dc6:	4d01                	li	s10,0
    3dc8:	7c7d                	lui	s8,0xfffff
    3dca:	4d89                	li	s11,2
    3dcc:	6731                	lui	a4,0xc
    3dce:	67b1                	lui	a5,0xc
    3dd0:	cc470713          	addi	a4,a4,-828 # bcc4 <etens>
    3dd4:	dec78793          	addi	a5,a5,-532 # bdec <emtens>
    3dd8:	01a709b3          	add	s3,a4,s10
    3ddc:	018c                	addi	a1,sp,192
    3dde:	01a78733          	add	a4,a5,s10
    3de2:	8526                	mv	a0,s1
    3de4:	c63a                	sw	a4,12(sp)
    3de6:	f0ffe0ef          	jal	ra,2cf4 <ecmp>
    3dea:	4732                	lw	a4,12(sp)
    3dec:	02a05c63          	blez	a0,3e24 <_ldtoa_r+0x71c>
    3df0:	018c                	addi	a1,sp,192
    3df2:	853a                	mv	a0,a4
    3df4:	f01fe0ef          	jal	ra,2cf4 <ecmp>
    3df8:	00054f63          	bltz	a0,3e16 <_ldtoa_r+0x70e>
    3dfc:	0190                	addi	a2,sp,192
    3dfe:	85b2                	mv	a1,a2
    3e00:	0a94                	addi	a3,sp,336
    3e02:	854e                	mv	a0,s3
    3e04:	d0eff0ef          	jal	ra,3312 <emul>
    3e08:	0130                	addi	a2,sp,136
    3e0a:	0a94                	addi	a3,sp,336
    3e0c:	85b2                	mv	a1,a2
    3e0e:	854e                	mv	a0,s3
    3e10:	d02ff0ef          	jal	ra,3312 <emul>
    3e14:	9462                	add	s0,s0,s8
    3e16:	0d51                	addi	s10,s10,20
    3e18:	10400693          	li	a3,260
    3e1c:	03bc4c33          	div	s8,s8,s11
    3e20:	fadd16e3          	bne	s10,a3,3dcc <_ldtoa_r+0x6c4>
    3e24:	0130                	addi	a2,sp,136
    3e26:	0a94                	addi	a3,sp,336
    3e28:	85a6                	mv	a1,s1
    3e2a:	8532                	mv	a0,a2
    3e2c:	e96ff0ef          	jal	ra,34c2 <ediv>
    3e30:	b61d                	j	3956 <_ldtoa_r+0x24e>
    3e32:	1148                	addi	a0,sp,164
    3e34:	c25fe0ef          	jal	ra,2a58 <eshdn1>
    3e38:	0a615783          	lhu	a5,166(sp)
    3e3c:	0785                	addi	a5,a5,1
    3e3e:	bf0d                	j	3d70 <_ldtoa_r+0x668>
    3e40:	10e8                	addi	a0,sp,108
    3e42:	c4dfe0ef          	jal	ra,2a8e <eshup1>
    3e46:	114c                	addi	a1,sp,164
    3e48:	10e8                	addi	a0,sp,108
    3e4a:	bc9fe0ef          	jal	ra,2a12 <emovz>
    3e4e:	1148                	addi	a0,sp,164
    3e50:	c3ffe0ef          	jal	ra,2a8e <eshup1>
    3e54:	1148                	addi	a0,sp,164
    3e56:	c39fe0ef          	jal	ra,2a8e <eshup1>
    3e5a:	10ec                	addi	a1,sp,108
    3e5c:	1148                	addi	a0,sp,164
    3e5e:	cf1fe0ef          	jal	ra,2b4e <eaddm>
    3e62:	0a90                	addi	a2,sp,336
    3e64:	10ec                	addi	a1,sp,108
    3e66:	0128                	addi	a0,sp,136
    3e68:	c1eff0ef          	jal	ra,3286 <eiremain>
    3e6c:	147d                	addi	s0,s0,-1
    3e6e:	19c15483          	lhu	s1,412(sp)
    3e72:	be01                	j	3982 <_ldtoa_r+0x27a>
    3e74:	03048493          	addi	s1,s1,48
    3e78:	02e00793          	li	a5,46
    3e7c:	10910aa3          	sb	s1,277(sp)
    3e80:	10f10b23          	sb	a5,278(sp)
    3e84:	11710c13          	addi	s8,sp,279
    3e88:	84e2                	mv	s1,s8
    3e8a:	418487b3          	sub	a5,s1,s8
    3e8e:	04f9d063          	bge	s3,a5,3ece <_ldtoa_r+0x7c6>
    3e92:	19c15783          	lhu	a5,412(sp)
    3e96:	4711                	li	a4,4
    3e98:	fff48c13          	addi	s8,s1,-1
    3e9c:	b4f753e3          	bge	a4,a5,39e2 <_ldtoa_r+0x2da>
    3ea0:	4715                	li	a4,5
    3ea2:	06e78463          	beq	a5,a4,3f0a <_ldtoa_r+0x802>
    3ea6:	87e2                	mv	a5,s8
    3ea8:	02e00613          	li	a2,46
    3eac:	03800593          	li	a1,56
    3eb0:	03000693          	li	a3,48
    3eb4:	17fd                	addi	a5,a5,-1
    3eb6:	0007c703          	lbu	a4,0(a5)
    3eba:	07f77713          	andi	a4,a4,127
    3ebe:	0809d163          	bgez	s3,3f40 <_ldtoa_r+0x838>
    3ec2:	03100713          	li	a4,49
    3ec6:	00e78023          	sb	a4,0(a5)
    3eca:	0405                	addi	s0,s0,1
    3ecc:	be19                	j	39e2 <_ldtoa_r+0x2da>
    3ece:	10e8                	addi	a0,sp,108
    3ed0:	bbffe0ef          	jal	ra,2a8e <eshup1>
    3ed4:	114c                	addi	a1,sp,164
    3ed6:	10e8                	addi	a0,sp,108
    3ed8:	b3bfe0ef          	jal	ra,2a12 <emovz>
    3edc:	1148                	addi	a0,sp,164
    3ede:	bb1fe0ef          	jal	ra,2a8e <eshup1>
    3ee2:	1148                	addi	a0,sp,164
    3ee4:	babfe0ef          	jal	ra,2a8e <eshup1>
    3ee8:	10ec                	addi	a1,sp,108
    3eea:	1148                	addi	a0,sp,164
    3eec:	c63fe0ef          	jal	ra,2b4e <eaddm>
    3ef0:	0a90                	addi	a2,sp,336
    3ef2:	10ec                	addi	a1,sp,108
    3ef4:	0128                	addi	a0,sp,136
    3ef6:	b90ff0ef          	jal	ra,3286 <eiremain>
    3efa:	19c14783          	lbu	a5,412(sp)
    3efe:	0485                	addi	s1,s1,1
    3f00:	03078793          	addi	a5,a5,48
    3f04:	fef48fa3          	sb	a5,-1(s1)
    3f08:	b749                	j	3e8a <_ldtoa_r+0x782>
    3f0a:	012c                	addi	a1,sp,136
    3f0c:	10e8                	addi	a0,sp,108
    3f0e:	846ff0ef          	jal	ra,2f54 <emovo.isra.6>
    3f12:	c9cb0593          	addi	a1,s6,-868
    3f16:	0128                	addi	a0,sp,136
    3f18:	dddfe0ef          	jal	ra,2cf4 <ecmp>
    3f1c:	f549                	bnez	a0,3ea6 <_ldtoa_r+0x79e>
    3f1e:	ac09c2e3          	bltz	s3,39e2 <_ldtoa_r+0x2da>
    3f22:	ffe4c783          	lbu	a5,-2(s1)
    3f26:	fd278793          	addi	a5,a5,-46
    3f2a:	0017b793          	seqz	a5,a5
    3f2e:	fff7c793          	not	a5,a5
    3f32:	97e2                	add	a5,a5,s8
    3f34:	0007c783          	lbu	a5,0(a5)
    3f38:	8b85                	andi	a5,a5,1
    3f3a:	aa0784e3          	beqz	a5,39e2 <_ldtoa_r+0x2da>
    3f3e:	b7a5                	j	3ea6 <_ldtoa_r+0x79e>
    3f40:	02c71063          	bne	a4,a2,3f60 <_ldtoa_r+0x858>
    3f44:	fff7c703          	lbu	a4,-1(a5)
    3f48:	03800693          	li	a3,56
    3f4c:	00e6e663          	bltu	a3,a4,3f58 <_ldtoa_r+0x850>
    3f50:	0705                	addi	a4,a4,1
    3f52:	fee78fa3          	sb	a4,-1(a5)
    3f56:	b471                	j	39e2 <_ldtoa_r+0x2da>
    3f58:	0405                	addi	s0,s0,1
    3f5a:	03100713          	li	a4,49
    3f5e:	bfd5                	j	3f52 <_ldtoa_r+0x84a>
    3f60:	00e5e663          	bltu	a1,a4,3f6c <_ldtoa_r+0x864>
    3f64:	0705                	addi	a4,a4,1
    3f66:	00e78023          	sb	a4,0(a5)
    3f6a:	bca5                	j	39e2 <_ldtoa_r+0x2da>
    3f6c:	00d78023          	sb	a3,0(a5)
    3f70:	b791                	j	3eb4 <_ldtoa_r+0x7ac>
    3f72:	0405                	addi	s0,s0,1
    3f74:	008ca023          	sw	s0,0(s9)
    3f78:	87ce                	mv	a5,s3
    3f7a:	02e00693          	li	a3,46
    3f7e:	0007c703          	lbu	a4,0(a5)
    3f82:	ef09                	bnez	a4,3f9c <_ldtoa_r+0x894>
    3f84:	04500713          	li	a4,69
    3f88:	0007c683          	lbu	a3,0(a5)
    3f8c:	00e68463          	beq	a3,a4,3f94 <_ldtoa_r+0x88c>
    3f90:	02f9e363          	bltu	s3,a5,3fb6 <_ldtoa_r+0x8ae>
    3f94:	00078023          	sb	zero,0(a5)
    3f98:	86fff06f          	j	3806 <_ldtoa_r+0xfe>
    3f9c:	00d70963          	beq	a4,a3,3fae <_ldtoa_r+0x8a6>
    3fa0:	0785                	addi	a5,a5,1
    3fa2:	bff1                	j	3f7e <_ldtoa_r+0x876>
    3fa4:	0017c703          	lbu	a4,1(a5)
    3fa8:	0785                	addi	a5,a5,1
    3faa:	fee78fa3          	sb	a4,-1(a5)
    3fae:	0007c703          	lbu	a4,0(a5)
    3fb2:	fb6d                	bnez	a4,3fa4 <_ldtoa_r+0x89c>
    3fb4:	bfc1                	j	3f84 <_ldtoa_r+0x87c>
    3fb6:	17fd                	addi	a5,a5,-1
    3fb8:	bfc1                	j	3f88 <_ldtoa_r+0x880>
    3fba:	0785                	addi	a5,a5,1
    3fbc:	855ff06f          	j	3810 <_ldtoa_r+0x108>
    3fc0:	8436                	mv	s0,a3
    3fc2:	85dff06f          	j	381e <_ldtoa_r+0x116>
    3fc6:	147d                	addi	s0,s0,-1
    3fc8:	00040023          	sb	zero,0(s0)
    3fcc:	87bff06f          	j	3846 <_ldtoa_r+0x13e>
    3fd0:	0585                	addi	a1,a1,1
    3fd2:	04ba2223          	sw	a1,68(s4)
    3fd6:	0786                	slli	a5,a5,0x1
    3fd8:	8adff06f          	j	3884 <_ldtoa_r+0x17c>
    3fdc:	67a1                	lui	a5,0x8
    3fde:	17fd                	addi	a5,a5,-1
    3fe0:	a0f71fe3          	bne	a4,a5,39fe <_ldtoa_r+0x2f6>
    3fe4:	46c2                	lw	a3,16(sp)
    3fe6:	a00687e3          	beqz	a3,39f4 <_ldtoa_r+0x2ec>
    3fea:	0000c5b7          	lui	a1,0xc
    3fee:	ef858593          	addi	a1,a1,-264 # bef8 <emtens+0x10c>
    3ff2:	fdeff06f          	j	37d0 <_ldtoa_r+0xc8>
    3ff6:	47a9                	li	a5,10
    3ff8:	02a00993          	li	s3,42
    3ffc:	e6f49ce3          	bne	s1,a5,3e74 <_ldtoa_r+0x76c>
    4000:	678d                	lui	a5,0x3
    4002:	e3178793          	addi	a5,a5,-463 # 2e31 <eshift.part.3+0x59>
    4006:	10f11aa3          	sh	a5,277(sp)
    400a:	02a00993          	li	s3,42
    400e:	b2c1                	j	39ce <_ldtoa_r+0x2c6>

00004010 <_ldcheck>:
    4010:	411c                	lw	a5,0(a0)
    4012:	7139                	addi	sp,sp,-64
    4014:	c03e                	sw	a5,0(sp)
    4016:	415c                	lw	a5,4(a0)
    4018:	084c                	addi	a1,sp,20
    401a:	c23e                	sw	a5,4(sp)
    401c:	451c                	lw	a5,8(a0)
    401e:	de06                	sw	ra,60(sp)
    4020:	c43e                	sw	a5,8(sp)
    4022:	455c                	lw	a5,12(a0)
    4024:	850a                	mv	a0,sp
    4026:	c63e                	sw	a5,12(sp)
    4028:	f7bfe0ef          	jal	ra,2fa2 <e113toe.isra.8>
    402c:	02615783          	lhu	a5,38(sp)
    4030:	4501                	li	a0,0
    4032:	fff7c793          	not	a5,a5
    4036:	01179713          	slli	a4,a5,0x11
    403a:	e719                	bnez	a4,4048 <_ldcheck+0x38>
    403c:	0848                	addi	a0,sp,20
    403e:	bdbfe0ef          	jal	ra,2c18 <eisnan>
    4042:	00153513          	seqz	a0,a0
    4046:	0505                	addi	a0,a0,1
    4048:	50f2                	lw	ra,60(sp)
    404a:	6121                	addi	sp,sp,64
    404c:	8082                	ret

0000404e <__localeconv_l>:
    404e:	0f050513          	addi	a0,a0,240
    4052:	8082                	ret

00004054 <_localeconv_r>:
    4054:	1c01a783          	lw	a5,448(gp) # d1a8 <_impure_ptr>
    4058:	5bc8                	lw	a0,52(a5)
    405a:	e119                	bnez	a0,4060 <_localeconv_r+0xc>
    405c:	c2818513          	addi	a0,gp,-984 # cc10 <__global_locale>
    4060:	0f050513          	addi	a0,a0,240
    4064:	8082                	ret

00004066 <localeconv>:
    4066:	1c01a783          	lw	a5,448(gp) # d1a8 <_impure_ptr>
    406a:	5bc8                	lw	a0,52(a5)
    406c:	e119                	bnez	a0,4072 <localeconv+0xc>
    406e:	c2818513          	addi	a0,gp,-984 # cc10 <__global_locale>
    4072:	0f050513          	addi	a0,a0,240
    4076:	8082                	ret

00004078 <_setlocale_r>:
    4078:	1141                	addi	sp,sp,-16
    407a:	c226                	sw	s1,4(sp)
    407c:	c606                	sw	ra,12(sp)
    407e:	c422                	sw	s0,8(sp)
    4080:	0000c4b7          	lui	s1,0xc
    4084:	ca0d                	beqz	a2,40b6 <_setlocale_r+0x3e>
    4086:	0000c5b7          	lui	a1,0xc
    408a:	f1c58593          	addi	a1,a1,-228 # bf1c <emtens+0x130>
    408e:	8532                	mv	a0,a2
    4090:	8432                	mv	s0,a2
    4092:	624010ef          	jal	ra,56b6 <strcmp>
    4096:	c105                	beqz	a0,40b6 <_setlocale_r+0x3e>
    4098:	f1848593          	addi	a1,s1,-232 # bf18 <emtens+0x12c>
    409c:	8522                	mv	a0,s0
    409e:	618010ef          	jal	ra,56b6 <strcmp>
    40a2:	c911                	beqz	a0,40b6 <_setlocale_r+0x3e>
    40a4:	0000c5b7          	lui	a1,0xc
    40a8:	c9458593          	addi	a1,a1,-876 # bc94 <zeroes.4384+0x78>
    40ac:	8522                	mv	a0,s0
    40ae:	608010ef          	jal	ra,56b6 <strcmp>
    40b2:	4781                	li	a5,0
    40b4:	e119                	bnez	a0,40ba <_setlocale_r+0x42>
    40b6:	f1848793          	addi	a5,s1,-232
    40ba:	40b2                	lw	ra,12(sp)
    40bc:	4422                	lw	s0,8(sp)
    40be:	4492                	lw	s1,4(sp)
    40c0:	853e                	mv	a0,a5
    40c2:	0141                	addi	sp,sp,16
    40c4:	8082                	ret

000040c6 <__locale_mb_cur_max>:
    40c6:	1c01a783          	lw	a5,448(gp) # d1a8 <_impure_ptr>
    40ca:	5bdc                	lw	a5,52(a5)
    40cc:	e399                	bnez	a5,40d2 <__locale_mb_cur_max+0xc>
    40ce:	c2818793          	addi	a5,gp,-984 # cc10 <__global_locale>
    40d2:	1287c503          	lbu	a0,296(a5)
    40d6:	8082                	ret

000040d8 <__locale_ctype_ptr_l>:
    40d8:	0ec52503          	lw	a0,236(a0)
    40dc:	8082                	ret

000040de <__locale_ctype_ptr>:
    40de:	1c01a783          	lw	a5,448(gp) # d1a8 <_impure_ptr>
    40e2:	5bdc                	lw	a5,52(a5)
    40e4:	e399                	bnez	a5,40ea <__locale_ctype_ptr+0xc>
    40e6:	c2818793          	addi	a5,gp,-984 # cc10 <__global_locale>
    40ea:	0ec7a503          	lw	a0,236(a5)
    40ee:	8082                	ret

000040f0 <setlocale>:
    40f0:	862e                	mv	a2,a1
    40f2:	85aa                	mv	a1,a0
    40f4:	1c01a503          	lw	a0,448(gp) # d1a8 <_impure_ptr>
    40f8:	b741                	j	4078 <_setlocale_r>

000040fa <__swhatbuf_r>:
    40fa:	711d                	addi	sp,sp,-96
    40fc:	caa6                	sw	s1,84(sp)
    40fe:	84ae                	mv	s1,a1
    4100:	00e59583          	lh	a1,14(a1)
    4104:	cca2                	sw	s0,88(sp)
    4106:	ce86                	sw	ra,92(sp)
    4108:	8432                	mv	s0,a2
    410a:	0005dc63          	bgez	a1,4122 <__swhatbuf_r+0x28>
    410e:	00c4d783          	lhu	a5,12(s1)
    4112:	0006a023          	sw	zero,0(a3)
    4116:	0807f793          	andi	a5,a5,128
    411a:	eb95                	bnez	a5,414e <__swhatbuf_r+0x54>
    411c:	40000793          	li	a5,1024
    4120:	a80d                	j	4152 <__swhatbuf_r+0x58>
    4122:	0850                	addi	a2,sp,20
    4124:	c636                	sw	a3,12(sp)
    4126:	1c1030ef          	jal	ra,7ae6 <_fstat_r>
    412a:	46b2                	lw	a3,12(sp)
    412c:	fe0541e3          	bltz	a0,410e <__swhatbuf_r+0x14>
    4130:	4762                	lw	a4,24(sp)
    4132:	67bd                	lui	a5,0xf
    4134:	8ff9                	and	a5,a5,a4
    4136:	7779                	lui	a4,0xffffe
    4138:	97ba                	add	a5,a5,a4
    413a:	0017b793          	seqz	a5,a5
    413e:	c29c                	sw	a5,0(a3)
    4140:	6505                	lui	a0,0x1
    4142:	40000793          	li	a5,1024
    4146:	c01c                	sw	a5,0(s0)
    4148:	80050513          	addi	a0,a0,-2048 # 800 <_vfprintf_r+0x76>
    414c:	a029                	j	4156 <__swhatbuf_r+0x5c>
    414e:	04000793          	li	a5,64
    4152:	c01c                	sw	a5,0(s0)
    4154:	4501                	li	a0,0
    4156:	40f6                	lw	ra,92(sp)
    4158:	4466                	lw	s0,88(sp)
    415a:	44d6                	lw	s1,84(sp)
    415c:	6125                	addi	sp,sp,96
    415e:	8082                	ret

00004160 <__smakebuf_r>:
    4160:	00c5d783          	lhu	a5,12(a1)
    4164:	1101                	addi	sp,sp,-32
    4166:	cc22                	sw	s0,24(sp)
    4168:	ce06                	sw	ra,28(sp)
    416a:	ca26                	sw	s1,20(sp)
    416c:	c84a                	sw	s2,16(sp)
    416e:	8b89                	andi	a5,a5,2
    4170:	842e                	mv	s0,a1
    4172:	cf89                	beqz	a5,418c <__smakebuf_r+0x2c>
    4174:	04340793          	addi	a5,s0,67
    4178:	c01c                	sw	a5,0(s0)
    417a:	c81c                	sw	a5,16(s0)
    417c:	4785                	li	a5,1
    417e:	c85c                	sw	a5,20(s0)
    4180:	40f2                	lw	ra,28(sp)
    4182:	4462                	lw	s0,24(sp)
    4184:	44d2                	lw	s1,20(sp)
    4186:	4942                	lw	s2,16(sp)
    4188:	6105                	addi	sp,sp,32
    418a:	8082                	ret
    418c:	0074                	addi	a3,sp,12
    418e:	0030                	addi	a2,sp,8
    4190:	84aa                	mv	s1,a0
    4192:	37a5                	jal	40fa <__swhatbuf_r>
    4194:	45a2                	lw	a1,8(sp)
    4196:	892a                	mv	s2,a0
    4198:	8526                	mv	a0,s1
    419a:	2095                	jal	41fe <_malloc_r>
    419c:	ed01                	bnez	a0,41b4 <__smakebuf_r+0x54>
    419e:	00c41783          	lh	a5,12(s0)
    41a2:	2007f713          	andi	a4,a5,512
    41a6:	ff69                	bnez	a4,4180 <__smakebuf_r+0x20>
    41a8:	9bf1                	andi	a5,a5,-4
    41aa:	0027e793          	ori	a5,a5,2
    41ae:	00f41623          	sh	a5,12(s0)
    41b2:	b7c9                	j	4174 <__smakebuf_r+0x14>
    41b4:	000027b7          	lui	a5,0x2
    41b8:	20078793          	addi	a5,a5,512 # 2200 <_cleanup_r>
    41bc:	dcdc                	sw	a5,60(s1)
    41be:	00c45783          	lhu	a5,12(s0)
    41c2:	c008                	sw	a0,0(s0)
    41c4:	0807e793          	ori	a5,a5,128
    41c8:	00f41623          	sh	a5,12(s0)
    41cc:	47a2                	lw	a5,8(sp)
    41ce:	c808                	sw	a0,16(s0)
    41d0:	c85c                	sw	a5,20(s0)
    41d2:	47b2                	lw	a5,12(sp)
    41d4:	cf91                	beqz	a5,41f0 <__smakebuf_r+0x90>
    41d6:	00e41583          	lh	a1,14(s0)
    41da:	8526                	mv	a0,s1
    41dc:	139030ef          	jal	ra,7b14 <_isatty_r>
    41e0:	c901                	beqz	a0,41f0 <__smakebuf_r+0x90>
    41e2:	00c45783          	lhu	a5,12(s0)
    41e6:	9bf1                	andi	a5,a5,-4
    41e8:	0017e793          	ori	a5,a5,1
    41ec:	00f41623          	sh	a5,12(s0)
    41f0:	00c45783          	lhu	a5,12(s0)
    41f4:	00f96933          	or	s2,s2,a5
    41f8:	01241623          	sh	s2,12(s0)
    41fc:	b751                	j	4180 <__smakebuf_r+0x20>

000041fe <_malloc_r>:
    41fe:	7179                	addi	sp,sp,-48
    4200:	d606                	sw	ra,44(sp)
    4202:	d422                	sw	s0,40(sp)
    4204:	d226                	sw	s1,36(sp)
    4206:	d04a                	sw	s2,32(sp)
    4208:	ce4e                	sw	s3,28(sp)
    420a:	cc52                	sw	s4,24(sp)
    420c:	ca56                	sw	s5,20(sp)
    420e:	c85a                	sw	s6,16(sp)
    4210:	c65e                	sw	s7,12(sp)
    4212:	c462                	sw	s8,8(sp)
    4214:	00b58793          	addi	a5,a1,11
    4218:	4759                	li	a4,22
    421a:	02f77563          	bgeu	a4,a5,4244 <_malloc_r+0x46>
    421e:	ff87f493          	andi	s1,a5,-8
    4222:	0204d263          	bgez	s1,4246 <_malloc_r+0x48>
    4226:	47b1                	li	a5,12
    4228:	c11c                	sw	a5,0(a0)
    422a:	4501                	li	a0,0
    422c:	50b2                	lw	ra,44(sp)
    422e:	5422                	lw	s0,40(sp)
    4230:	5492                	lw	s1,36(sp)
    4232:	5902                	lw	s2,32(sp)
    4234:	49f2                	lw	s3,28(sp)
    4236:	4a62                	lw	s4,24(sp)
    4238:	4ad2                	lw	s5,20(sp)
    423a:	4b42                	lw	s6,16(sp)
    423c:	4bb2                	lw	s7,12(sp)
    423e:	4c22                	lw	s8,8(sp)
    4240:	6145                	addi	sp,sp,48
    4242:	8082                	ret
    4244:	44c1                	li	s1,16
    4246:	feb4e0e3          	bltu	s1,a1,4226 <_malloc_r+0x28>
    424a:	89aa                	mv	s3,a0
    424c:	2355                	jal	47f0 <__malloc_lock>
    424e:	1f700793          	li	a5,503
    4252:	d9418913          	addi	s2,gp,-620 # cd7c <__malloc_av_>
    4256:	0297ec63          	bltu	a5,s1,428e <_malloc_r+0x90>
    425a:	00848713          	addi	a4,s1,8
    425e:	974a                	add	a4,a4,s2
    4260:	4340                	lw	s0,4(a4)
    4262:	ff870693          	addi	a3,a4,-8 # ffffdff8 <pulp__FC+0xffffdff9>
    4266:	0034d793          	srli	a5,s1,0x3
    426a:	00d41663          	bne	s0,a3,4276 <_malloc_r+0x78>
    426e:	4740                	lw	s0,12(a4)
    4270:	0789                	addi	a5,a5,2
    4272:	04870c63          	beq	a4,s0,42ca <_malloc_r+0xcc>
    4276:	405c                	lw	a5,4(s0)
    4278:	4458                	lw	a4,12(s0)
    427a:	4414                	lw	a3,8(s0)
    427c:	9bf1                	andi	a5,a5,-4
    427e:	c6d8                	sw	a4,12(a3)
    4280:	c714                	sw	a3,8(a4)
    4282:	97a2                	add	a5,a5,s0
    4284:	43d8                	lw	a4,4(a5)
    4286:	00176713          	ori	a4,a4,1
    428a:	c3d8                	sw	a4,4(a5)
    428c:	a8b5                	j	4308 <_malloc_r+0x10a>
    428e:	0094d713          	srli	a4,s1,0x9
    4292:	03f00793          	li	a5,63
    4296:	cb01                	beqz	a4,42a6 <_malloc_r+0xa8>
    4298:	4791                	li	a5,4
    429a:	06e7ec63          	bltu	a5,a4,4312 <_malloc_r+0x114>
    429e:	0064d793          	srli	a5,s1,0x6
    42a2:	03878793          	addi	a5,a5,56
    42a6:	00178713          	addi	a4,a5,1
    42aa:	070e                	slli	a4,a4,0x3
    42ac:	974a                	add	a4,a4,s2
    42ae:	4340                	lw	s0,4(a4)
    42b0:	ff870593          	addi	a1,a4,-8
    42b4:	453d                	li	a0,15
    42b6:	00b40963          	beq	s0,a1,42c8 <_malloc_r+0xca>
    42ba:	4058                	lw	a4,4(s0)
    42bc:	9b71                	andi	a4,a4,-4
    42be:	40970633          	sub	a2,a4,s1
    42c2:	08c55b63          	bge	a0,a2,4358 <_malloc_r+0x15a>
    42c6:	17fd                	addi	a5,a5,-1
    42c8:	0785                	addi	a5,a5,1
    42ca:	01092403          	lw	s0,16(s2)
    42ce:	00890693          	addi	a3,s2,8
    42d2:	d9c18593          	addi	a1,gp,-612 # cd84 <__malloc_av_+0x8>
    42d6:	0ed40263          	beq	s0,a3,43ba <_malloc_r+0x1bc>
    42da:	4058                	lw	a4,4(s0)
    42dc:	463d                	li	a2,15
    42de:	9b71                	andi	a4,a4,-4
    42e0:	40970533          	sub	a0,a4,s1
    42e4:	08a65563          	bge	a2,a0,436e <_malloc_r+0x170>
    42e8:	0014e793          	ori	a5,s1,1
    42ec:	c05c                	sw	a5,4(s0)
    42ee:	00940633          	add	a2,s0,s1
    42f2:	00c92a23          	sw	a2,20(s2)
    42f6:	00c92823          	sw	a2,16(s2)
    42fa:	00156793          	ori	a5,a0,1
    42fe:	c654                	sw	a3,12(a2)
    4300:	c614                	sw	a3,8(a2)
    4302:	c25c                	sw	a5,4(a2)
    4304:	9722                	add	a4,a4,s0
    4306:	c308                	sw	a0,0(a4)
    4308:	854e                	mv	a0,s3
    430a:	21e5                	jal	47f2 <__malloc_unlock>
    430c:	00840513          	addi	a0,s0,8
    4310:	bf31                	j	422c <_malloc_r+0x2e>
    4312:	47d1                	li	a5,20
    4314:	00e7e563          	bltu	a5,a4,431e <_malloc_r+0x120>
    4318:	05b70793          	addi	a5,a4,91
    431c:	b769                	j	42a6 <_malloc_r+0xa8>
    431e:	05400793          	li	a5,84
    4322:	00e7e763          	bltu	a5,a4,4330 <_malloc_r+0x132>
    4326:	00c4d793          	srli	a5,s1,0xc
    432a:	06e78793          	addi	a5,a5,110
    432e:	bfa5                	j	42a6 <_malloc_r+0xa8>
    4330:	15400793          	li	a5,340
    4334:	00e7e763          	bltu	a5,a4,4342 <_malloc_r+0x144>
    4338:	00f4d793          	srli	a5,s1,0xf
    433c:	07778793          	addi	a5,a5,119
    4340:	b79d                	j	42a6 <_malloc_r+0xa8>
    4342:	55400693          	li	a3,1364
    4346:	07e00793          	li	a5,126
    434a:	f4e6eee3          	bltu	a3,a4,42a6 <_malloc_r+0xa8>
    434e:	0124d793          	srli	a5,s1,0x12
    4352:	07c78793          	addi	a5,a5,124
    4356:	bf81                	j	42a6 <_malloc_r+0xa8>
    4358:	4454                	lw	a3,12(s0)
    435a:	00064863          	bltz	a2,436a <_malloc_r+0x16c>
    435e:	441c                	lw	a5,8(s0)
    4360:	c7d4                	sw	a3,12(a5)
    4362:	c69c                	sw	a5,8(a3)
    4364:	00e407b3          	add	a5,s0,a4
    4368:	bf31                	j	4284 <_malloc_r+0x86>
    436a:	8436                	mv	s0,a3
    436c:	b7a9                	j	42b6 <_malloc_r+0xb8>
    436e:	00d92a23          	sw	a3,20(s2)
    4372:	00d92823          	sw	a3,16(s2)
    4376:	00054863          	bltz	a0,4386 <_malloc_r+0x188>
    437a:	9722                	add	a4,a4,s0
    437c:	435c                	lw	a5,4(a4)
    437e:	0017e793          	ori	a5,a5,1
    4382:	c35c                	sw	a5,4(a4)
    4384:	b751                	j	4308 <_malloc_r+0x10a>
    4386:	1ff00693          	li	a3,511
    438a:	00492803          	lw	a6,4(s2)
    438e:	10e6ef63          	bltu	a3,a4,44ac <_malloc_r+0x2ae>
    4392:	830d                	srli	a4,a4,0x3
    4394:	40275613          	srai	a2,a4,0x2
    4398:	4685                	li	a3,1
    439a:	0705                	addi	a4,a4,1
    439c:	00c696b3          	sll	a3,a3,a2
    43a0:	070e                	slli	a4,a4,0x3
    43a2:	974a                	add	a4,a4,s2
    43a4:	0106e6b3          	or	a3,a3,a6
    43a8:	00d92223          	sw	a3,4(s2)
    43ac:	4314                	lw	a3,0(a4)
    43ae:	ff870613          	addi	a2,a4,-8
    43b2:	c450                	sw	a2,12(s0)
    43b4:	c414                	sw	a3,8(s0)
    43b6:	c300                	sw	s0,0(a4)
    43b8:	c6c0                	sw	s0,12(a3)
    43ba:	4027d713          	srai	a4,a5,0x2
    43be:	4305                	li	t1,1
    43c0:	00e31333          	sll	t1,t1,a4
    43c4:	00492703          	lw	a4,4(s2)
    43c8:	04676c63          	bltu	a4,t1,4420 <_malloc_r+0x222>
    43cc:	006776b3          	and	a3,a4,t1
    43d0:	e699                	bnez	a3,43de <_malloc_r+0x1e0>
    43d2:	9bf1                	andi	a5,a5,-4
    43d4:	0306                	slli	t1,t1,0x1
    43d6:	006776b3          	and	a3,a4,t1
    43da:	0791                	addi	a5,a5,4
    43dc:	dee5                	beqz	a3,43d4 <_malloc_r+0x1d6>
    43de:	4e3d                	li	t3,15
    43e0:	00379693          	slli	a3,a5,0x3
    43e4:	96ca                	add	a3,a3,s2
    43e6:	8836                	mv	a6,a3
    43e8:	853e                	mv	a0,a5
    43ea:	00c82403          	lw	s0,12(a6)
    43ee:	15041a63          	bne	s0,a6,4542 <_malloc_r+0x344>
    43f2:	0505                	addi	a0,a0,1
    43f4:	00357713          	andi	a4,a0,3
    43f8:	0821                	addi	a6,a6,8
    43fa:	fb65                	bnez	a4,43ea <_malloc_r+0x1ec>
    43fc:	0037f713          	andi	a4,a5,3
    4400:	18071a63          	bnez	a4,4594 <_malloc_r+0x396>
    4404:	00492703          	lw	a4,4(s2)
    4408:	fff34793          	not	a5,t1
    440c:	8ff9                	and	a5,a5,a4
    440e:	00f92223          	sw	a5,4(s2)
    4412:	00492703          	lw	a4,4(s2)
    4416:	0306                	slli	t1,t1,0x1
    4418:	00676463          	bltu	a4,t1,4420 <_malloc_r+0x222>
    441c:	18031963          	bnez	t1,45ae <_malloc_r+0x3b0>
    4420:	00892b83          	lw	s7,8(s2)
    4424:	004ba403          	lw	s0,4(s7) # 80000004 <pulp__FC+0x80000005>
    4428:	ffc47a93          	andi	s5,s0,-4
    442c:	009ae763          	bltu	s5,s1,443a <_malloc_r+0x23c>
    4430:	409a8733          	sub	a4,s5,s1
    4434:	47bd                	li	a5,15
    4436:	24e7c263          	blt	a5,a4,467a <_malloc_r+0x47c>
    443a:	1d81a403          	lw	s0,472(gp) # d1c0 <__malloc_top_pad>
    443e:	1c41a703          	lw	a4,452(gp) # d1ac <__malloc_sbrk_base>
    4442:	57fd                	li	a5,-1
    4444:	9426                	add	s0,s0,s1
    4446:	16f71663          	bne	a4,a5,45b2 <_malloc_r+0x3b4>
    444a:	0441                	addi	s0,s0,16
    444c:	85a2                	mv	a1,s0
    444e:	854e                	mv	a0,s3
    4450:	078010ef          	jal	ra,54c8 <_sbrk_r>
    4454:	57fd                	li	a5,-1
    4456:	8b2a                	mv	s6,a0
    4458:	1cf50763          	beq	a0,a5,4626 <_malloc_r+0x428>
    445c:	015b87b3          	add	a5,s7,s5
    4460:	00f57463          	bgeu	a0,a5,4468 <_malloc_r+0x26a>
    4464:	1d2b9163          	bne	s7,s2,4626 <_malloc_r+0x428>
    4468:	1dc18693          	addi	a3,gp,476 # d1c4 <__malloc_current_mallinfo>
    446c:	4298                	lw	a4,0(a3)
    446e:	1dc18c13          	addi	s8,gp,476 # d1c4 <__malloc_current_mallinfo>
    4472:	9722                	add	a4,a4,s0
    4474:	c298                	sw	a4,0(a3)
    4476:	15679463          	bne	a5,s6,45be <_malloc_r+0x3c0>
    447a:	01479693          	slli	a3,a5,0x14
    447e:	14069063          	bnez	a3,45be <_malloc_r+0x3c0>
    4482:	00892783          	lw	a5,8(s2)
    4486:	9456                	add	s0,s0,s5
    4488:	00146413          	ori	s0,s0,1
    448c:	c3c0                	sw	s0,4(a5)
    448e:	000c2783          	lw	a5,0(s8) # fffff000 <pulp__FC+0xfffff001>
    4492:	1d41a683          	lw	a3,468(gp) # d1bc <__malloc_max_sbrked_mem>
    4496:	00f6f463          	bgeu	a3,a5,449e <_malloc_r+0x2a0>
    449a:	1cf1aa23          	sw	a5,468(gp) # d1bc <__malloc_max_sbrked_mem>
    449e:	1d01a683          	lw	a3,464(gp) # d1b8 <__malloc_max_total_mem>
    44a2:	18f6f263          	bgeu	a3,a5,4626 <_malloc_r+0x428>
    44a6:	1cf1a823          	sw	a5,464(gp) # d1b8 <__malloc_max_total_mem>
    44aa:	aab5                	j	4626 <_malloc_r+0x428>
    44ac:	00975613          	srli	a2,a4,0x9
    44b0:	4691                	li	a3,4
    44b2:	02c6ec63          	bltu	a3,a2,44ea <_malloc_r+0x2ec>
    44b6:	00675693          	srli	a3,a4,0x6
    44ba:	03868693          	addi	a3,a3,56
    44be:	00168613          	addi	a2,a3,1
    44c2:	060e                	slli	a2,a2,0x3
    44c4:	964a                	add	a2,a2,s2
    44c6:	ff860513          	addi	a0,a2,-8
    44ca:	4210                	lw	a2,0(a2)
    44cc:	06c51563          	bne	a0,a2,4536 <_malloc_r+0x338>
    44d0:	8689                	srai	a3,a3,0x2
    44d2:	4705                	li	a4,1
    44d4:	00d716b3          	sll	a3,a4,a3
    44d8:	0106e6b3          	or	a3,a3,a6
    44dc:	00d92223          	sw	a3,4(s2)
    44e0:	c448                	sw	a0,12(s0)
    44e2:	c410                	sw	a2,8(s0)
    44e4:	c500                	sw	s0,8(a0)
    44e6:	c640                	sw	s0,12(a2)
    44e8:	bdc9                	j	43ba <_malloc_r+0x1bc>
    44ea:	46d1                	li	a3,20
    44ec:	00c6e563          	bltu	a3,a2,44f6 <_malloc_r+0x2f8>
    44f0:	05b60693          	addi	a3,a2,91
    44f4:	b7e9                	j	44be <_malloc_r+0x2c0>
    44f6:	05400693          	li	a3,84
    44fa:	00c6e763          	bltu	a3,a2,4508 <_malloc_r+0x30a>
    44fe:	00c75693          	srli	a3,a4,0xc
    4502:	06e68693          	addi	a3,a3,110
    4506:	bf65                	j	44be <_malloc_r+0x2c0>
    4508:	15400693          	li	a3,340
    450c:	00c6e763          	bltu	a3,a2,451a <_malloc_r+0x31c>
    4510:	00f75693          	srli	a3,a4,0xf
    4514:	07768693          	addi	a3,a3,119
    4518:	b75d                	j	44be <_malloc_r+0x2c0>
    451a:	55400513          	li	a0,1364
    451e:	07e00693          	li	a3,126
    4522:	f8c56ee3          	bltu	a0,a2,44be <_malloc_r+0x2c0>
    4526:	01275693          	srli	a3,a4,0x12
    452a:	07c68693          	addi	a3,a3,124
    452e:	bf41                	j	44be <_malloc_r+0x2c0>
    4530:	4610                	lw	a2,8(a2)
    4532:	00c50663          	beq	a0,a2,453e <_malloc_r+0x340>
    4536:	4254                	lw	a3,4(a2)
    4538:	9af1                	andi	a3,a3,-4
    453a:	fed76be3          	bltu	a4,a3,4530 <_malloc_r+0x332>
    453e:	4648                	lw	a0,12(a2)
    4540:	b745                	j	44e0 <_malloc_r+0x2e2>
    4542:	4058                	lw	a4,4(s0)
    4544:	4450                	lw	a2,12(s0)
    4546:	9b71                	andi	a4,a4,-4
    4548:	409708b3          	sub	a7,a4,s1
    454c:	031e5763          	bge	t3,a7,457a <_malloc_r+0x37c>
    4550:	0014e793          	ori	a5,s1,1
    4554:	c05c                	sw	a5,4(s0)
    4556:	441c                	lw	a5,8(s0)
    4558:	009406b3          	add	a3,s0,s1
    455c:	c7d0                	sw	a2,12(a5)
    455e:	c61c                	sw	a5,8(a2)
    4560:	00d92a23          	sw	a3,20(s2)
    4564:	00d92823          	sw	a3,16(s2)
    4568:	0018e793          	ori	a5,a7,1
    456c:	c6cc                	sw	a1,12(a3)
    456e:	c68c                	sw	a1,8(a3)
    4570:	c2dc                	sw	a5,4(a3)
    4572:	9722                	add	a4,a4,s0
    4574:	01172023          	sw	a7,0(a4)
    4578:	bb41                	j	4308 <_malloc_r+0x10a>
    457a:	0008cb63          	bltz	a7,4590 <_malloc_r+0x392>
    457e:	9722                	add	a4,a4,s0
    4580:	435c                	lw	a5,4(a4)
    4582:	0017e793          	ori	a5,a5,1
    4586:	c35c                	sw	a5,4(a4)
    4588:	441c                	lw	a5,8(s0)
    458a:	c7d0                	sw	a2,12(a5)
    458c:	c61c                	sw	a5,8(a2)
    458e:	bbad                	j	4308 <_malloc_r+0x10a>
    4590:	8432                	mv	s0,a2
    4592:	bdb1                	j	43ee <_malloc_r+0x1f0>
    4594:	ff868713          	addi	a4,a3,-8
    4598:	4294                	lw	a3,0(a3)
    459a:	17fd                	addi	a5,a5,-1
    459c:	e6e680e3          	beq	a3,a4,43fc <_malloc_r+0x1fe>
    45a0:	bd8d                	j	4412 <_malloc_r+0x214>
    45a2:	0791                	addi	a5,a5,4
    45a4:	0306                	slli	t1,t1,0x1
    45a6:	006776b3          	and	a3,a4,t1
    45aa:	dee5                	beqz	a3,45a2 <_malloc_r+0x3a4>
    45ac:	bd15                	j	43e0 <_malloc_r+0x1e2>
    45ae:	87aa                	mv	a5,a0
    45b0:	bfdd                	j	45a6 <_malloc_r+0x3a8>
    45b2:	6785                	lui	a5,0x1
    45b4:	07bd                	addi	a5,a5,15
    45b6:	943e                	add	s0,s0,a5
    45b8:	77fd                	lui	a5,0xfffff
    45ba:	8c7d                	and	s0,s0,a5
    45bc:	bd41                	j	444c <_malloc_r+0x24e>
    45be:	1c41a603          	lw	a2,452(gp) # d1ac <__malloc_sbrk_base>
    45c2:	56fd                	li	a3,-1
    45c4:	06d61f63          	bne	a2,a3,4642 <_malloc_r+0x444>
    45c8:	1d61a223          	sw	s6,452(gp) # d1ac <__malloc_sbrk_base>
    45cc:	007b7593          	andi	a1,s6,7
    45d0:	c589                	beqz	a1,45da <_malloc_r+0x3dc>
    45d2:	47a1                	li	a5,8
    45d4:	40b785b3          	sub	a1,a5,a1
    45d8:	9b2e                	add	s6,s6,a1
    45da:	6785                	lui	a5,0x1
    45dc:	95be                	add	a1,a1,a5
    45de:	945a                	add	s0,s0,s6
    45e0:	17fd                	addi	a5,a5,-1
    45e2:	8c7d                	and	s0,s0,a5
    45e4:	40858a33          	sub	s4,a1,s0
    45e8:	85d2                	mv	a1,s4
    45ea:	854e                	mv	a0,s3
    45ec:	6dd000ef          	jal	ra,54c8 <_sbrk_r>
    45f0:	57fd                	li	a5,-1
    45f2:	00f51463          	bne	a0,a5,45fa <_malloc_r+0x3fc>
    45f6:	855a                	mv	a0,s6
    45f8:	4a01                	li	s4,0
    45fa:	000c2783          	lw	a5,0(s8)
    45fe:	41650533          	sub	a0,a0,s6
    4602:	97d2                	add	a5,a5,s4
    4604:	9a2a                	add	s4,s4,a0
    4606:	01692423          	sw	s6,8(s2)
    460a:	001a6a13          	ori	s4,s4,1
    460e:	00fc2023          	sw	a5,0(s8)
    4612:	014b2223          	sw	s4,4(s6)
    4616:	e72b8ce3          	beq	s7,s2,448e <_malloc_r+0x290>
    461a:	473d                	li	a4,15
    461c:	03576963          	bltu	a4,s5,464e <_malloc_r+0x450>
    4620:	4785                	li	a5,1
    4622:	00fb2223          	sw	a5,4(s6)
    4626:	00892783          	lw	a5,8(s2)
    462a:	43dc                	lw	a5,4(a5)
    462c:	9bf1                	andi	a5,a5,-4
    462e:	40978733          	sub	a4,a5,s1
    4632:	0097e563          	bltu	a5,s1,463c <_malloc_r+0x43e>
    4636:	47bd                	li	a5,15
    4638:	04e7c163          	blt	a5,a4,467a <_malloc_r+0x47c>
    463c:	854e                	mv	a0,s3
    463e:	2a55                	jal	47f2 <__malloc_unlock>
    4640:	b6ed                	j	422a <_malloc_r+0x2c>
    4642:	40fb07b3          	sub	a5,s6,a5
    4646:	97ba                	add	a5,a5,a4
    4648:	00fc2023          	sw	a5,0(s8)
    464c:	b741                	j	45cc <_malloc_r+0x3ce>
    464e:	004ba783          	lw	a5,4(s7)
    4652:	ff4a8413          	addi	s0,s5,-12
    4656:	9861                	andi	s0,s0,-8
    4658:	8b85                	andi	a5,a5,1
    465a:	8fc1                	or	a5,a5,s0
    465c:	00fba223          	sw	a5,4(s7)
    4660:	4695                	li	a3,5
    4662:	008b87b3          	add	a5,s7,s0
    4666:	c3d4                	sw	a3,4(a5)
    4668:	c794                	sw	a3,8(a5)
    466a:	e28772e3          	bgeu	a4,s0,448e <_malloc_r+0x290>
    466e:	008b8593          	addi	a1,s7,8
    4672:	854e                	mv	a0,s3
    4674:	e19fd0ef          	jal	ra,248c <_free_r>
    4678:	bd19                	j	448e <_malloc_r+0x290>
    467a:	00892403          	lw	s0,8(s2)
    467e:	0014e793          	ori	a5,s1,1
    4682:	c05c                	sw	a5,4(s0)
    4684:	009407b3          	add	a5,s0,s1
    4688:	00f92423          	sw	a5,8(s2)
    468c:	beed                	j	4286 <_malloc_r+0x88>

0000468e <_mbtowc_r>:
    468e:	1c01a783          	lw	a5,448(gp) # d1a8 <_impure_ptr>
    4692:	5bdc                	lw	a5,52(a5)
    4694:	e399                	bnez	a5,469a <_mbtowc_r+0xc>
    4696:	c2818793          	addi	a5,gp,-984 # cc10 <__global_locale>
    469a:	0e47a303          	lw	t1,228(a5) # 10e4 <__heap_size+0xe4>
    469e:	8302                	jr	t1

000046a0 <__ascii_mbtowc>:
    46a0:	e185                	bnez	a1,46c0 <__ascii_mbtowc+0x20>
    46a2:	1141                	addi	sp,sp,-16
    46a4:	006c                	addi	a1,sp,12
    46a6:	4501                	li	a0,0
    46a8:	ca11                	beqz	a2,46bc <__ascii_mbtowc+0x1c>
    46aa:	5579                	li	a0,-2
    46ac:	ca81                	beqz	a3,46bc <__ascii_mbtowc+0x1c>
    46ae:	00064783          	lbu	a5,0(a2)
    46b2:	c19c                	sw	a5,0(a1)
    46b4:	00064503          	lbu	a0,0(a2)
    46b8:	00a03533          	snez	a0,a0
    46bc:	0141                	addi	sp,sp,16
    46be:	8082                	ret
    46c0:	4501                	li	a0,0
    46c2:	ca19                	beqz	a2,46d8 <__ascii_mbtowc+0x38>
    46c4:	5579                	li	a0,-2
    46c6:	ca89                	beqz	a3,46d8 <__ascii_mbtowc+0x38>
    46c8:	00064783          	lbu	a5,0(a2)
    46cc:	c19c                	sw	a5,0(a1)
    46ce:	00064503          	lbu	a0,0(a2)
    46d2:	00a03533          	snez	a0,a0
    46d6:	8082                	ret
    46d8:	8082                	ret

000046da <memchr>:
    46da:	0ff5f593          	zext.b	a1,a1
    46de:	962a                	add	a2,a2,a0
    46e0:	00c51463          	bne	a0,a2,46e8 <memchr+0xe>
    46e4:	4501                	li	a0,0
    46e6:	8082                	ret
    46e8:	00054783          	lbu	a5,0(a0)
    46ec:	feb78de3          	beq	a5,a1,46e6 <memchr+0xc>
    46f0:	0505                	addi	a0,a0,1
    46f2:	b7fd                	j	46e0 <memchr+0x6>

000046f4 <memcpy>:
    46f4:	00a5c7b3          	xor	a5,a1,a0
    46f8:	8b8d                	andi	a5,a5,3
    46fa:	00c50733          	add	a4,a0,a2
    46fe:	e781                	bnez	a5,4706 <memcpy+0x12>
    4700:	478d                	li	a5,3
    4702:	00c7ef63          	bltu	a5,a2,4720 <memcpy+0x2c>
    4706:	87aa                	mv	a5,a0
    4708:	00e56963          	bltu	a0,a4,471a <memcpy+0x26>
    470c:	8082                	ret
    470e:	0005c683          	lbu	a3,0(a1)
    4712:	0785                	addi	a5,a5,1
    4714:	0585                	addi	a1,a1,1
    4716:	fed78fa3          	sb	a3,-1(a5)
    471a:	fee7eae3          	bltu	a5,a4,470e <memcpy+0x1a>
    471e:	8082                	ret
    4720:	00357793          	andi	a5,a0,3
    4724:	ebbd                	bnez	a5,479a <memcpy+0xa6>
    4726:	87aa                	mv	a5,a0
    4728:	ffc77693          	andi	a3,a4,-4
    472c:	fe068613          	addi	a2,a3,-32
    4730:	06c7fc63          	bgeu	a5,a2,47a8 <memcpy+0xb4>
    4734:	0005a383          	lw	t2,0(a1)
    4738:	0045a283          	lw	t0,4(a1)
    473c:	0085af83          	lw	t6,8(a1)
    4740:	00c5af03          	lw	t5,12(a1)
    4744:	0105ae83          	lw	t4,16(a1)
    4748:	0145ae03          	lw	t3,20(a1)
    474c:	0185a303          	lw	t1,24(a1)
    4750:	01c5a883          	lw	a7,28(a1)
    4754:	02458593          	addi	a1,a1,36
    4758:	ffc5a803          	lw	a6,-4(a1)
    475c:	02478793          	addi	a5,a5,36
    4760:	fc77ae23          	sw	t2,-36(a5)
    4764:	fe57a023          	sw	t0,-32(a5)
    4768:	fff7a223          	sw	t6,-28(a5)
    476c:	ffe7a423          	sw	t5,-24(a5)
    4770:	ffd7a623          	sw	t4,-20(a5)
    4774:	ffc7a823          	sw	t3,-16(a5)
    4778:	fe67aa23          	sw	t1,-12(a5)
    477c:	ff17ac23          	sw	a7,-8(a5)
    4780:	ff07ae23          	sw	a6,-4(a5)
    4784:	b775                	j	4730 <memcpy+0x3c>
    4786:	0005c683          	lbu	a3,0(a1)
    478a:	0785                	addi	a5,a5,1
    478c:	0585                	addi	a1,a1,1
    478e:	fed78fa3          	sb	a3,-1(a5)
    4792:	0037f693          	andi	a3,a5,3
    4796:	fae5                	bnez	a3,4786 <memcpy+0x92>
    4798:	bf41                	j	4728 <memcpy+0x34>
    479a:	87aa                	mv	a5,a0
    479c:	bfdd                	j	4792 <memcpy+0x9e>
    479e:	4190                	lw	a2,0(a1)
    47a0:	0791                	addi	a5,a5,4
    47a2:	0591                	addi	a1,a1,4
    47a4:	fec7ae23          	sw	a2,-4(a5)
    47a8:	fed7ebe3          	bltu	a5,a3,479e <memcpy+0xaa>
    47ac:	f6e7e7e3          	bltu	a5,a4,471a <memcpy+0x26>
    47b0:	8082                	ret

000047b2 <memmove>:
    47b2:	00c50733          	add	a4,a0,a2
    47b6:	00a5e663          	bltu	a1,a0,47c2 <memmove+0x10>
    47ba:	87aa                	mv	a5,a0
    47bc:	02f71363          	bne	a4,a5,47e2 <memmove+0x30>
    47c0:	8082                	ret
    47c2:	00c587b3          	add	a5,a1,a2
    47c6:	8e1d                	sub	a2,a2,a5
    47c8:	fef579e3          	bgeu	a0,a5,47ba <memmove+0x8>
    47cc:	00c786b3          	add	a3,a5,a2
    47d0:	e291                	bnez	a3,47d4 <memmove+0x22>
    47d2:	8082                	ret
    47d4:	17fd                	addi	a5,a5,-1
    47d6:	0007c683          	lbu	a3,0(a5)
    47da:	177d                	addi	a4,a4,-1
    47dc:	00d70023          	sb	a3,0(a4)
    47e0:	b7f5                	j	47cc <memmove+0x1a>
    47e2:	0585                	addi	a1,a1,1
    47e4:	fff5c683          	lbu	a3,-1(a1)
    47e8:	0785                	addi	a5,a5,1
    47ea:	fed78fa3          	sb	a3,-1(a5)
    47ee:	b7f9                	j	47bc <memmove+0xa>

000047f0 <__malloc_lock>:
    47f0:	8082                	ret

000047f2 <__malloc_unlock>:
    47f2:	8082                	ret

000047f4 <_Balloc>:
    47f4:	1141                	addi	sp,sp,-16
    47f6:	457c                	lw	a5,76(a0)
    47f8:	c226                	sw	s1,4(sp)
    47fa:	c04a                	sw	s2,0(sp)
    47fc:	c606                	sw	ra,12(sp)
    47fe:	c422                	sw	s0,8(sp)
    4800:	84aa                	mv	s1,a0
    4802:	892e                	mv	s2,a1
    4804:	c795                	beqz	a5,4830 <_Balloc+0x3c>
    4806:	44f8                	lw	a4,76(s1)
    4808:	00291793          	slli	a5,s2,0x2
    480c:	97ba                	add	a5,a5,a4
    480e:	4388                	lw	a0,0(a5)
    4810:	ed15                	bnez	a0,484c <_Balloc+0x58>
    4812:	4405                	li	s0,1
    4814:	01241433          	sll	s0,s0,s2
    4818:	00540613          	addi	a2,s0,5
    481c:	060a                	slli	a2,a2,0x2
    481e:	4585                	li	a1,1
    4820:	8526                	mv	a0,s1
    4822:	086030ef          	jal	ra,78a8 <_calloc_r>
    4826:	cd01                	beqz	a0,483e <_Balloc+0x4a>
    4828:	01252223          	sw	s2,4(a0)
    482c:	c500                	sw	s0,8(a0)
    482e:	a00d                	j	4850 <_Balloc+0x5c>
    4830:	02100613          	li	a2,33
    4834:	4591                	li	a1,4
    4836:	072030ef          	jal	ra,78a8 <_calloc_r>
    483a:	c4e8                	sw	a0,76(s1)
    483c:	f569                	bnez	a0,4806 <_Balloc+0x12>
    483e:	4501                	li	a0,0
    4840:	40b2                	lw	ra,12(sp)
    4842:	4422                	lw	s0,8(sp)
    4844:	4492                	lw	s1,4(sp)
    4846:	4902                	lw	s2,0(sp)
    4848:	0141                	addi	sp,sp,16
    484a:	8082                	ret
    484c:	4118                	lw	a4,0(a0)
    484e:	c398                	sw	a4,0(a5)
    4850:	00052823          	sw	zero,16(a0)
    4854:	00052623          	sw	zero,12(a0)
    4858:	b7e5                	j	4840 <_Balloc+0x4c>

0000485a <_Bfree>:
    485a:	c989                	beqz	a1,486c <_Bfree+0x12>
    485c:	41dc                	lw	a5,4(a1)
    485e:	00279713          	slli	a4,a5,0x2
    4862:	457c                	lw	a5,76(a0)
    4864:	97ba                	add	a5,a5,a4
    4866:	4398                	lw	a4,0(a5)
    4868:	c198                	sw	a4,0(a1)
    486a:	c38c                	sw	a1,0(a5)
    486c:	8082                	ret

0000486e <__multadd>:
    486e:	7179                	addi	sp,sp,-48
    4870:	ce4e                	sw	s3,28(sp)
    4872:	89aa                	mv	s3,a0
    4874:	6541                	lui	a0,0x10
    4876:	d422                	sw	s0,40(sp)
    4878:	d226                	sw	s1,36(sp)
    487a:	842e                	mv	s0,a1
    487c:	4984                	lw	s1,16(a1)
    487e:	d606                	sw	ra,44(sp)
    4880:	d04a                	sw	s2,32(sp)
    4882:	05d1                	addi	a1,a1,20
    4884:	4801                	li	a6,0
    4886:	157d                	addi	a0,a0,-1
    4888:	419c                	lw	a5,0(a1)
    488a:	0591                	addi	a1,a1,4
    488c:	00a7f733          	and	a4,a5,a0
    4890:	02c70733          	mul	a4,a4,a2
    4894:	9736                	add	a4,a4,a3
    4896:	83c1                	srli	a5,a5,0x10
    4898:	01075693          	srli	a3,a4,0x10
    489c:	02c787b3          	mul	a5,a5,a2
    48a0:	97b6                	add	a5,a5,a3
    48a2:	0107d693          	srli	a3,a5,0x10
    48a6:	8f69                	and	a4,a4,a0
    48a8:	07c2                	slli	a5,a5,0x10
    48aa:	97ba                	add	a5,a5,a4
    48ac:	fef5ae23          	sw	a5,-4(a1)
    48b0:	0805                	addi	a6,a6,1
    48b2:	fc984be3          	blt	a6,s1,4888 <__multadd+0x1a>
    48b6:	ce95                	beqz	a3,48f2 <__multadd+0x84>
    48b8:	441c                	lw	a5,8(s0)
    48ba:	02f4c563          	blt	s1,a5,48e4 <__multadd+0x76>
    48be:	404c                	lw	a1,4(s0)
    48c0:	854e                	mv	a0,s3
    48c2:	0585                	addi	a1,a1,1
    48c4:	c636                	sw	a3,12(sp)
    48c6:	373d                	jal	47f4 <_Balloc>
    48c8:	4810                	lw	a2,16(s0)
    48ca:	00c40593          	addi	a1,s0,12
    48ce:	0609                	addi	a2,a2,2
    48d0:	892a                	mv	s2,a0
    48d2:	060a                	slli	a2,a2,0x2
    48d4:	0531                	addi	a0,a0,12
    48d6:	e1fff0ef          	jal	ra,46f4 <memcpy>
    48da:	85a2                	mv	a1,s0
    48dc:	854e                	mv	a0,s3
    48de:	3fb5                	jal	485a <_Bfree>
    48e0:	46b2                	lw	a3,12(sp)
    48e2:	844a                	mv	s0,s2
    48e4:	00448793          	addi	a5,s1,4
    48e8:	078a                	slli	a5,a5,0x2
    48ea:	97a2                	add	a5,a5,s0
    48ec:	c3d4                	sw	a3,4(a5)
    48ee:	0485                	addi	s1,s1,1
    48f0:	c804                	sw	s1,16(s0)
    48f2:	8522                	mv	a0,s0
    48f4:	50b2                	lw	ra,44(sp)
    48f6:	5422                	lw	s0,40(sp)
    48f8:	5492                	lw	s1,36(sp)
    48fa:	5902                	lw	s2,32(sp)
    48fc:	49f2                	lw	s3,28(sp)
    48fe:	6145                	addi	sp,sp,48
    4900:	8082                	ret

00004902 <__s2b>:
    4902:	7179                	addi	sp,sp,-48
    4904:	00868793          	addi	a5,a3,8
    4908:	cc52                	sw	s4,24(sp)
    490a:	8a36                	mv	s4,a3
    490c:	46a5                	li	a3,9
    490e:	d422                	sw	s0,40(sp)
    4910:	d226                	sw	s1,36(sp)
    4912:	ce4e                	sw	s3,28(sp)
    4914:	842e                	mv	s0,a1
    4916:	02d7c7b3          	div	a5,a5,a3
    491a:	d606                	sw	ra,44(sp)
    491c:	d04a                	sw	s2,32(sp)
    491e:	ca56                	sw	s5,20(sp)
    4920:	89aa                	mv	s3,a0
    4922:	84b2                	mv	s1,a2
    4924:	4685                	li	a3,1
    4926:	4581                	li	a1,0
    4928:	04f6cc63          	blt	a3,a5,4980 <__s2b+0x7e>
    492c:	854e                	mv	a0,s3
    492e:	c63a                	sw	a4,12(sp)
    4930:	35d1                	jal	47f4 <_Balloc>
    4932:	4732                	lw	a4,12(sp)
    4934:	4785                	li	a5,1
    4936:	c91c                	sw	a5,16(a0)
    4938:	c958                	sw	a4,20(a0)
    493a:	47a5                	li	a5,9
    493c:	0497d563          	bge	a5,s1,4986 <__s2b+0x84>
    4940:	00940a93          	addi	s5,s0,9
    4944:	8956                	mv	s2,s5
    4946:	9426                	add	s0,s0,s1
    4948:	0905                	addi	s2,s2,1
    494a:	fff94683          	lbu	a3,-1(s2)
    494e:	85aa                	mv	a1,a0
    4950:	fd068693          	addi	a3,a3,-48
    4954:	4629                	li	a2,10
    4956:	854e                	mv	a0,s3
    4958:	3f19                	jal	486e <__multadd>
    495a:	fe8917e3          	bne	s2,s0,4948 <__s2b+0x46>
    495e:	ff848413          	addi	s0,s1,-8
    4962:	9456                	add	s0,s0,s5
    4964:	8c81                	sub	s1,s1,s0
    4966:	009407b3          	add	a5,s0,s1
    496a:	0347c163          	blt	a5,s4,498c <__s2b+0x8a>
    496e:	50b2                	lw	ra,44(sp)
    4970:	5422                	lw	s0,40(sp)
    4972:	5492                	lw	s1,36(sp)
    4974:	5902                	lw	s2,32(sp)
    4976:	49f2                	lw	s3,28(sp)
    4978:	4a62                	lw	s4,24(sp)
    497a:	4ad2                	lw	s5,20(sp)
    497c:	6145                	addi	sp,sp,48
    497e:	8082                	ret
    4980:	0686                	slli	a3,a3,0x1
    4982:	0585                	addi	a1,a1,1
    4984:	b755                	j	4928 <__s2b+0x26>
    4986:	0429                	addi	s0,s0,10
    4988:	44a5                	li	s1,9
    498a:	bfe9                	j	4964 <__s2b+0x62>
    498c:	0405                	addi	s0,s0,1
    498e:	fff44683          	lbu	a3,-1(s0)
    4992:	85aa                	mv	a1,a0
    4994:	fd068693          	addi	a3,a3,-48
    4998:	4629                	li	a2,10
    499a:	854e                	mv	a0,s3
    499c:	3dc9                	jal	486e <__multadd>
    499e:	b7e1                	j	4966 <__s2b+0x64>

000049a0 <__hi0bits>:
    49a0:	7741                	lui	a4,0xffff0
    49a2:	8f69                	and	a4,a4,a0
    49a4:	87aa                	mv	a5,a0
    49a6:	4501                	li	a0,0
    49a8:	e319                	bnez	a4,49ae <__hi0bits+0xe>
    49aa:	07c2                	slli	a5,a5,0x10
    49ac:	4541                	li	a0,16
    49ae:	ff000737          	lui	a4,0xff000
    49b2:	8f7d                	and	a4,a4,a5
    49b4:	e319                	bnez	a4,49ba <__hi0bits+0x1a>
    49b6:	0521                	addi	a0,a0,8
    49b8:	07a2                	slli	a5,a5,0x8
    49ba:	f0000737          	lui	a4,0xf0000
    49be:	8f7d                	and	a4,a4,a5
    49c0:	e319                	bnez	a4,49c6 <__hi0bits+0x26>
    49c2:	0511                	addi	a0,a0,4
    49c4:	0792                	slli	a5,a5,0x4
    49c6:	c0000737          	lui	a4,0xc0000
    49ca:	8f7d                	and	a4,a4,a5
    49cc:	e319                	bnez	a4,49d2 <__hi0bits+0x32>
    49ce:	0509                	addi	a0,a0,2
    49d0:	078a                	slli	a5,a5,0x2
    49d2:	0007ca63          	bltz	a5,49e6 <__hi0bits+0x46>
    49d6:	00179713          	slli	a4,a5,0x1
    49da:	00075463          	bgez	a4,49e2 <__hi0bits+0x42>
    49de:	0505                	addi	a0,a0,1
    49e0:	8082                	ret
    49e2:	02000513          	li	a0,32
    49e6:	8082                	ret

000049e8 <__lo0bits>:
    49e8:	411c                	lw	a5,0(a0)
    49ea:	0077f713          	andi	a4,a5,7
    49ee:	c30d                	beqz	a4,4a10 <__lo0bits+0x28>
    49f0:	0017f693          	andi	a3,a5,1
    49f4:	4701                	li	a4,0
    49f6:	e699                	bnez	a3,4a04 <__lo0bits+0x1c>
    49f8:	0027f713          	andi	a4,a5,2
    49fc:	c711                	beqz	a4,4a08 <__lo0bits+0x20>
    49fe:	8385                	srli	a5,a5,0x1
    4a00:	c11c                	sw	a5,0(a0)
    4a02:	4705                	li	a4,1
    4a04:	853a                	mv	a0,a4
    4a06:	8082                	ret
    4a08:	8389                	srli	a5,a5,0x2
    4a0a:	c11c                	sw	a5,0(a0)
    4a0c:	4709                	li	a4,2
    4a0e:	bfdd                	j	4a04 <__lo0bits+0x1c>
    4a10:	01079693          	slli	a3,a5,0x10
    4a14:	82c1                	srli	a3,a3,0x10
    4a16:	4701                	li	a4,0
    4a18:	e299                	bnez	a3,4a1e <__lo0bits+0x36>
    4a1a:	83c1                	srli	a5,a5,0x10
    4a1c:	4741                	li	a4,16
    4a1e:	0ff7f693          	zext.b	a3,a5
    4a22:	e299                	bnez	a3,4a28 <__lo0bits+0x40>
    4a24:	0721                	addi	a4,a4,8
    4a26:	83a1                	srli	a5,a5,0x8
    4a28:	00f7f693          	andi	a3,a5,15
    4a2c:	e299                	bnez	a3,4a32 <__lo0bits+0x4a>
    4a2e:	0711                	addi	a4,a4,4
    4a30:	8391                	srli	a5,a5,0x4
    4a32:	0037f693          	andi	a3,a5,3
    4a36:	e299                	bnez	a3,4a3c <__lo0bits+0x54>
    4a38:	0709                	addi	a4,a4,2
    4a3a:	8389                	srli	a5,a5,0x2
    4a3c:	0017f693          	andi	a3,a5,1
    4a40:	e681                	bnez	a3,4a48 <__lo0bits+0x60>
    4a42:	8385                	srli	a5,a5,0x1
    4a44:	c781                	beqz	a5,4a4c <__lo0bits+0x64>
    4a46:	0705                	addi	a4,a4,1
    4a48:	c11c                	sw	a5,0(a0)
    4a4a:	bf6d                	j	4a04 <__lo0bits+0x1c>
    4a4c:	02000713          	li	a4,32
    4a50:	bf55                	j	4a04 <__lo0bits+0x1c>

00004a52 <__i2b>:
    4a52:	1141                	addi	sp,sp,-16
    4a54:	c422                	sw	s0,8(sp)
    4a56:	842e                	mv	s0,a1
    4a58:	4585                	li	a1,1
    4a5a:	c606                	sw	ra,12(sp)
    4a5c:	3b61                	jal	47f4 <_Balloc>
    4a5e:	c940                	sw	s0,20(a0)
    4a60:	40b2                	lw	ra,12(sp)
    4a62:	4422                	lw	s0,8(sp)
    4a64:	4705                	li	a4,1
    4a66:	c918                	sw	a4,16(a0)
    4a68:	0141                	addi	sp,sp,16
    4a6a:	8082                	ret

00004a6c <__multiply>:
    4a6c:	7179                	addi	sp,sp,-48
    4a6e:	4998                	lw	a4,16(a1)
    4a70:	4a1c                	lw	a5,16(a2)
    4a72:	d226                	sw	s1,36(sp)
    4a74:	d606                	sw	ra,44(sp)
    4a76:	d422                	sw	s0,40(sp)
    4a78:	d04a                	sw	s2,32(sp)
    4a7a:	ce4e                	sw	s3,28(sp)
    4a7c:	84ae                	mv	s1,a1
    4a7e:	00f75463          	bge	a4,a5,4a86 <__multiply+0x1a>
    4a82:	84b2                	mv	s1,a2
    4a84:	862e                	mv	a2,a1
    4a86:	0104a983          	lw	s3,16(s1)
    4a8a:	01062903          	lw	s2,16(a2)
    4a8e:	449c                	lw	a5,8(s1)
    4a90:	01298433          	add	s0,s3,s2
    4a94:	40cc                	lw	a1,4(s1)
    4a96:	0087d363          	bge	a5,s0,4a9c <__multiply+0x30>
    4a9a:	0585                	addi	a1,a1,1
    4a9c:	c632                	sw	a2,12(sp)
    4a9e:	3b99                	jal	47f4 <_Balloc>
    4aa0:	01450813          	addi	a6,a0,20 # 10014 <_sp+0xe24>
    4aa4:	00241313          	slli	t1,s0,0x2
    4aa8:	4632                	lw	a2,12(sp)
    4aaa:	9342                	add	t1,t1,a6
    4aac:	87c2                	mv	a5,a6
    4aae:	0267e963          	bltu	a5,t1,4ae0 <__multiply+0x74>
    4ab2:	01448593          	addi	a1,s1,20
    4ab6:	00299893          	slli	a7,s3,0x2
    4aba:	0651                	addi	a2,a2,20
    4abc:	00291e13          	slli	t3,s2,0x2
    4ac0:	66c1                	lui	a3,0x10
    4ac2:	98ae                	add	a7,a7,a1
    4ac4:	9e32                	add	t3,t3,a2
    4ac6:	16fd                	addi	a3,a3,-1
    4ac8:	03c66063          	bltu	a2,t3,4ae8 <__multiply+0x7c>
    4acc:	0c804b63          	bgtz	s0,4ba2 <__multiply+0x136>
    4ad0:	c900                	sw	s0,16(a0)
    4ad2:	50b2                	lw	ra,44(sp)
    4ad4:	5422                	lw	s0,40(sp)
    4ad6:	5492                	lw	s1,36(sp)
    4ad8:	5902                	lw	s2,32(sp)
    4ada:	49f2                	lw	s3,28(sp)
    4adc:	6145                	addi	sp,sp,48
    4ade:	8082                	ret
    4ae0:	0007a023          	sw	zero,0(a5)
    4ae4:	0791                	addi	a5,a5,4
    4ae6:	b7e1                	j	4aae <__multiply+0x42>
    4ae8:	00062f83          	lw	t6,0(a2)
    4aec:	00dfffb3          	and	t6,t6,a3
    4af0:	040f8a63          	beqz	t6,4b44 <__multiply+0xd8>
    4af4:	8f42                	mv	t5,a6
    4af6:	82ae                	mv	t0,a1
    4af8:	4481                	li	s1,0
    4afa:	0002a703          	lw	a4,0(t0) # 5d4 <memset+0x8e>
    4afe:	000f2383          	lw	t2,0(t5)
    4b02:	00d77eb3          	and	t4,a4,a3
    4b06:	00d3f7b3          	and	a5,t2,a3
    4b0a:	03fe8eb3          	mul	t4,t4,t6
    4b0e:	9ebe                	add	t4,t4,a5
    4b10:	01075793          	srli	a5,a4,0x10
    4b14:	9ea6                	add	t4,t4,s1
    4b16:	03f787b3          	mul	a5,a5,t6
    4b1a:	0103d393          	srli	t2,t2,0x10
    4b1e:	010ed713          	srli	a4,t4,0x10
    4b22:	979e                	add	a5,a5,t2
    4b24:	97ba                	add	a5,a5,a4
    4b26:	0107d493          	srli	s1,a5,0x10
    4b2a:	00defeb3          	and	t4,t4,a3
    4b2e:	07c2                	slli	a5,a5,0x10
    4b30:	0f11                	addi	t5,t5,4
    4b32:	01d7e7b3          	or	a5,a5,t4
    4b36:	0291                	addi	t0,t0,4
    4b38:	feff2e23          	sw	a5,-4(t5)
    4b3c:	fb12efe3          	bltu	t0,a7,4afa <__multiply+0x8e>
    4b40:	009f2023          	sw	s1,0(t5)
    4b44:	00265283          	lhu	t0,2(a2)
    4b48:	04028a63          	beqz	t0,4b9c <__multiply+0x130>
    4b4c:	00082783          	lw	a5,0(a6)
    4b50:	8ec2                	mv	t4,a6
    4b52:	8f2e                	mv	t5,a1
    4b54:	4f81                	li	t6,0
    4b56:	000f2703          	lw	a4,0(t5)
    4b5a:	002ed383          	lhu	t2,2(t4)
    4b5e:	8f75                	and	a4,a4,a3
    4b60:	02570733          	mul	a4,a4,t0
    4b64:	971e                	add	a4,a4,t2
    4b66:	977e                	add	a4,a4,t6
    4b68:	01071f93          	slli	t6,a4,0x10
    4b6c:	8ff5                	and	a5,a5,a3
    4b6e:	00ffe7b3          	or	a5,t6,a5
    4b72:	0e91                	addi	t4,t4,4
    4b74:	fefeae23          	sw	a5,-4(t4)
    4b78:	0f11                	addi	t5,t5,4
    4b7a:	ffef5783          	lhu	a5,-2(t5)
    4b7e:	000eaf83          	lw	t6,0(t4)
    4b82:	025787b3          	mul	a5,a5,t0
    4b86:	00dfffb3          	and	t6,t6,a3
    4b8a:	97fe                	add	a5,a5,t6
    4b8c:	8341                	srli	a4,a4,0x10
    4b8e:	97ba                	add	a5,a5,a4
    4b90:	0107df93          	srli	t6,a5,0x10
    4b94:	fd1f61e3          	bltu	t5,a7,4b56 <__multiply+0xea>
    4b98:	00fea023          	sw	a5,0(t4)
    4b9c:	0611                	addi	a2,a2,4
    4b9e:	0811                	addi	a6,a6,4
    4ba0:	b725                	j	4ac8 <__multiply+0x5c>
    4ba2:	1371                	addi	t1,t1,-4
    4ba4:	00032783          	lw	a5,0(t1) # 10000 <_sp+0xe10>
    4ba8:	f785                	bnez	a5,4ad0 <__multiply+0x64>
    4baa:	147d                	addi	s0,s0,-1
    4bac:	b705                	j	4acc <__multiply+0x60>

00004bae <__pow5mult>:
    4bae:	1101                	addi	sp,sp,-32
    4bb0:	ca26                	sw	s1,20(sp)
    4bb2:	c84a                	sw	s2,16(sp)
    4bb4:	c64e                	sw	s3,12(sp)
    4bb6:	ce06                	sw	ra,28(sp)
    4bb8:	cc22                	sw	s0,24(sp)
    4bba:	c452                	sw	s4,8(sp)
    4bbc:	00367793          	andi	a5,a2,3
    4bc0:	892a                	mv	s2,a0
    4bc2:	84b2                	mv	s1,a2
    4bc4:	89ae                	mv	s3,a1
    4bc6:	cb99                	beqz	a5,4bdc <__pow5mult+0x2e>
    4bc8:	17fd                	addi	a5,a5,-1
    4bca:	6731                	lui	a4,0xc
    4bcc:	f2870713          	addi	a4,a4,-216 # bf28 <p05.3207>
    4bd0:	078a                	slli	a5,a5,0x2
    4bd2:	97ba                	add	a5,a5,a4
    4bd4:	4390                	lw	a2,0(a5)
    4bd6:	4681                	li	a3,0
    4bd8:	3959                	jal	486e <__multadd>
    4bda:	89aa                	mv	s3,a0
    4bdc:	8489                	srai	s1,s1,0x2
    4bde:	c4b1                	beqz	s1,4c2a <__pow5mult+0x7c>
    4be0:	04892403          	lw	s0,72(s2)
    4be4:	e811                	bnez	s0,4bf8 <__pow5mult+0x4a>
    4be6:	27100593          	li	a1,625
    4bea:	854a                	mv	a0,s2
    4bec:	359d                	jal	4a52 <__i2b>
    4bee:	04a92423          	sw	a0,72(s2)
    4bf2:	842a                	mv	s0,a0
    4bf4:	00052023          	sw	zero,0(a0)
    4bf8:	0014f793          	andi	a5,s1,1
    4bfc:	cb91                	beqz	a5,4c10 <__pow5mult+0x62>
    4bfe:	85ce                	mv	a1,s3
    4c00:	8622                	mv	a2,s0
    4c02:	854a                	mv	a0,s2
    4c04:	35a5                	jal	4a6c <__multiply>
    4c06:	8a2a                	mv	s4,a0
    4c08:	85ce                	mv	a1,s3
    4c0a:	854a                	mv	a0,s2
    4c0c:	31b9                	jal	485a <_Bfree>
    4c0e:	89d2                	mv	s3,s4
    4c10:	8485                	srai	s1,s1,0x1
    4c12:	cc81                	beqz	s1,4c2a <__pow5mult+0x7c>
    4c14:	4008                	lw	a0,0(s0)
    4c16:	e901                	bnez	a0,4c26 <__pow5mult+0x78>
    4c18:	8622                	mv	a2,s0
    4c1a:	85a2                	mv	a1,s0
    4c1c:	854a                	mv	a0,s2
    4c1e:	35b9                	jal	4a6c <__multiply>
    4c20:	c008                	sw	a0,0(s0)
    4c22:	00052023          	sw	zero,0(a0)
    4c26:	842a                	mv	s0,a0
    4c28:	bfc1                	j	4bf8 <__pow5mult+0x4a>
    4c2a:	40f2                	lw	ra,28(sp)
    4c2c:	4462                	lw	s0,24(sp)
    4c2e:	854e                	mv	a0,s3
    4c30:	44d2                	lw	s1,20(sp)
    4c32:	4942                	lw	s2,16(sp)
    4c34:	49b2                	lw	s3,12(sp)
    4c36:	4a22                	lw	s4,8(sp)
    4c38:	6105                	addi	sp,sp,32
    4c3a:	8082                	ret

00004c3c <__lshift>:
    4c3c:	7179                	addi	sp,sp,-48
    4c3e:	d226                	sw	s1,36(sp)
    4c40:	84ae                	mv	s1,a1
    4c42:	ce4e                	sw	s3,28(sp)
    4c44:	0104a983          	lw	s3,16(s1)
    4c48:	d422                	sw	s0,40(sp)
    4c4a:	40565413          	srai	s0,a2,0x5
    4c4e:	99a2                	add	s3,s3,s0
    4c50:	41cc                	lw	a1,4(a1)
    4c52:	449c                	lw	a5,8(s1)
    4c54:	d04a                	sw	s2,32(sp)
    4c56:	ca56                	sw	s5,20(sp)
    4c58:	d606                	sw	ra,44(sp)
    4c5a:	cc52                	sw	s4,24(sp)
    4c5c:	8aaa                	mv	s5,a0
    4c5e:	00198913          	addi	s2,s3,1
    4c62:	0927c263          	blt	a5,s2,4ce6 <__lshift+0xaa>
    4c66:	8556                	mv	a0,s5
    4c68:	c632                	sw	a2,12(sp)
    4c6a:	3669                	jal	47f4 <_Balloc>
    4c6c:	01450793          	addi	a5,a0,20
    4c70:	4632                	lw	a2,12(sp)
    4c72:	8a2a                	mv	s4,a0
    4c74:	86be                	mv	a3,a5
    4c76:	4701                	li	a4,0
    4c78:	0691                	addi	a3,a3,4
    4c7a:	06874963          	blt	a4,s0,4cec <__lshift+0xb0>
    4c7e:	00045363          	bgez	s0,4c84 <__lshift+0x48>
    4c82:	4401                	li	s0,0
    4c84:	4894                	lw	a3,16(s1)
    4c86:	040a                	slli	s0,s0,0x2
    4c88:	00878733          	add	a4,a5,s0
    4c8c:	068a                	slli	a3,a3,0x2
    4c8e:	01448793          	addi	a5,s1,20
    4c92:	8a7d                	andi	a2,a2,31
    4c94:	96be                	add	a3,a3,a5
    4c96:	ce39                	beqz	a2,4cf4 <__lshift+0xb8>
    4c98:	02000813          	li	a6,32
    4c9c:	40c80833          	sub	a6,a6,a2
    4ca0:	4581                	li	a1,0
    4ca2:	4388                	lw	a0,0(a5)
    4ca4:	0711                	addi	a4,a4,4
    4ca6:	00c51533          	sll	a0,a0,a2
    4caa:	8dc9                	or	a1,a1,a0
    4cac:	feb72e23          	sw	a1,-4(a4)
    4cb0:	0791                	addi	a5,a5,4
    4cb2:	ffc7a583          	lw	a1,-4(a5)
    4cb6:	0105d5b3          	srl	a1,a1,a6
    4cba:	fed7e4e3          	bltu	a5,a3,4ca2 <__lshift+0x66>
    4cbe:	c30c                	sw	a1,0(a4)
    4cc0:	c199                	beqz	a1,4cc6 <__lshift+0x8a>
    4cc2:	00298913          	addi	s2,s3,2
    4cc6:	197d                	addi	s2,s2,-1
    4cc8:	012a2823          	sw	s2,16(s4)
    4ccc:	8556                	mv	a0,s5
    4cce:	85a6                	mv	a1,s1
    4cd0:	3669                	jal	485a <_Bfree>
    4cd2:	50b2                	lw	ra,44(sp)
    4cd4:	5422                	lw	s0,40(sp)
    4cd6:	8552                	mv	a0,s4
    4cd8:	5492                	lw	s1,36(sp)
    4cda:	5902                	lw	s2,32(sp)
    4cdc:	49f2                	lw	s3,28(sp)
    4cde:	4a62                	lw	s4,24(sp)
    4ce0:	4ad2                	lw	s5,20(sp)
    4ce2:	6145                	addi	sp,sp,48
    4ce4:	8082                	ret
    4ce6:	0585                	addi	a1,a1,1
    4ce8:	0786                	slli	a5,a5,0x1
    4cea:	bfa5                	j	4c62 <__lshift+0x26>
    4cec:	fe06ae23          	sw	zero,-4(a3) # fffc <_sp+0xe0c>
    4cf0:	0705                	addi	a4,a4,1
    4cf2:	b759                	j	4c78 <__lshift+0x3c>
    4cf4:	0791                	addi	a5,a5,4
    4cf6:	ffc7a603          	lw	a2,-4(a5)
    4cfa:	0711                	addi	a4,a4,4
    4cfc:	fec72e23          	sw	a2,-4(a4)
    4d00:	fed7eae3          	bltu	a5,a3,4cf4 <__lshift+0xb8>
    4d04:	b7c9                	j	4cc6 <__lshift+0x8a>

00004d06 <__mcmp>:
    4d06:	491c                	lw	a5,16(a0)
    4d08:	4998                	lw	a4,16(a1)
    4d0a:	8f99                	sub	a5,a5,a4
    4d0c:	e38d                	bnez	a5,4d2e <__mcmp+0x28>
    4d0e:	070a                	slli	a4,a4,0x2
    4d10:	0551                	addi	a0,a0,20
    4d12:	05d1                	addi	a1,a1,20
    4d14:	00e506b3          	add	a3,a0,a4
    4d18:	95ba                	add	a1,a1,a4
    4d1a:	16f1                	addi	a3,a3,-4
    4d1c:	15f1                	addi	a1,a1,-4
    4d1e:	4290                	lw	a2,0(a3)
    4d20:	4198                	lw	a4,0(a1)
    4d22:	00e60863          	beq	a2,a4,4d32 <__mcmp+0x2c>
    4d26:	57fd                	li	a5,-1
    4d28:	00e66363          	bltu	a2,a4,4d2e <__mcmp+0x28>
    4d2c:	4785                	li	a5,1
    4d2e:	853e                	mv	a0,a5
    4d30:	8082                	ret
    4d32:	fed564e3          	bltu	a0,a3,4d1a <__mcmp+0x14>
    4d36:	bfe5                	j	4d2e <__mcmp+0x28>

00004d38 <__mdiff>:
    4d38:	1101                	addi	sp,sp,-32
    4d3a:	ca26                	sw	s1,20(sp)
    4d3c:	84ae                	mv	s1,a1
    4d3e:	c64e                	sw	s3,12(sp)
    4d40:	85b2                	mv	a1,a2
    4d42:	89aa                	mv	s3,a0
    4d44:	8526                	mv	a0,s1
    4d46:	cc22                	sw	s0,24(sp)
    4d48:	ce06                	sw	ra,28(sp)
    4d4a:	c84a                	sw	s2,16(sp)
    4d4c:	8432                	mv	s0,a2
    4d4e:	3f65                	jal	4d06 <__mcmp>
    4d50:	ed19                	bnez	a0,4d6e <__mdiff+0x36>
    4d52:	4581                	li	a1,0
    4d54:	854e                	mv	a0,s3
    4d56:	3c79                	jal	47f4 <_Balloc>
    4d58:	4785                	li	a5,1
    4d5a:	c91c                	sw	a5,16(a0)
    4d5c:	00052a23          	sw	zero,20(a0)
    4d60:	40f2                	lw	ra,28(sp)
    4d62:	4462                	lw	s0,24(sp)
    4d64:	44d2                	lw	s1,20(sp)
    4d66:	4942                	lw	s2,16(sp)
    4d68:	49b2                	lw	s3,12(sp)
    4d6a:	6105                	addi	sp,sp,32
    4d6c:	8082                	ret
    4d6e:	4905                	li	s2,1
    4d70:	00054663          	bltz	a0,4d7c <__mdiff+0x44>
    4d74:	87a2                	mv	a5,s0
    4d76:	4901                	li	s2,0
    4d78:	8426                	mv	s0,s1
    4d7a:	84be                	mv	s1,a5
    4d7c:	404c                	lw	a1,4(s0)
    4d7e:	854e                	mv	a0,s3
    4d80:	3c95                	jal	47f4 <_Balloc>
    4d82:	01042303          	lw	t1,16(s0)
    4d86:	0104a883          	lw	a7,16(s1)
    4d8a:	01440613          	addi	a2,s0,20
    4d8e:	00231e13          	slli	t3,t1,0x2
    4d92:	01448813          	addi	a6,s1,20
    4d96:	088a                	slli	a7,a7,0x2
    4d98:	6ec1                	lui	t4,0x10
    4d9a:	01252623          	sw	s2,12(a0)
    4d9e:	9e32                	add	t3,t3,a2
    4da0:	98c2                	add	a7,a7,a6
    4da2:	01450693          	addi	a3,a0,20
    4da6:	4f01                	li	t5,0
    4da8:	1efd                	addi	t4,t4,-1
    4daa:	4218                	lw	a4,0(a2)
    4dac:	00082f83          	lw	t6,0(a6)
    4db0:	01d775b3          	and	a1,a4,t4
    4db4:	01dff7b3          	and	a5,t6,t4
    4db8:	95fa                	add	a1,a1,t5
    4dba:	8d9d                	sub	a1,a1,a5
    4dbc:	010fdf93          	srli	t6,t6,0x10
    4dc0:	01075793          	srli	a5,a4,0x10
    4dc4:	41f787b3          	sub	a5,a5,t6
    4dc8:	4105d713          	srai	a4,a1,0x10
    4dcc:	97ba                	add	a5,a5,a4
    4dce:	4107df13          	srai	t5,a5,0x10
    4dd2:	01d5f5b3          	and	a1,a1,t4
    4dd6:	07c2                	slli	a5,a5,0x10
    4dd8:	0691                	addi	a3,a3,4
    4dda:	8fcd                	or	a5,a5,a1
    4ddc:	0811                	addi	a6,a6,4
    4dde:	fef6ae23          	sw	a5,-4(a3)
    4de2:	0611                	addi	a2,a2,4
    4de4:	fd1863e3          	bltu	a6,a7,4daa <__mdiff+0x72>
    4de8:	65c1                	lui	a1,0x10
    4dea:	15fd                	addi	a1,a1,-1
    4dec:	01c66863          	bltu	a2,t3,4dfc <__mdiff+0xc4>
    4df0:	16f1                	addi	a3,a3,-4
    4df2:	429c                	lw	a5,0(a3)
    4df4:	c795                	beqz	a5,4e20 <__mdiff+0xe8>
    4df6:	00652823          	sw	t1,16(a0)
    4dfa:	b79d                	j	4d60 <__mdiff+0x28>
    4dfc:	421c                	lw	a5,0(a2)
    4dfe:	0691                	addi	a3,a3,4
    4e00:	00b7f733          	and	a4,a5,a1
    4e04:	977a                	add	a4,a4,t5
    4e06:	41075813          	srai	a6,a4,0x10
    4e0a:	83c1                	srli	a5,a5,0x10
    4e0c:	97c2                	add	a5,a5,a6
    4e0e:	4107df13          	srai	t5,a5,0x10
    4e12:	8f6d                	and	a4,a4,a1
    4e14:	07c2                	slli	a5,a5,0x10
    4e16:	8fd9                	or	a5,a5,a4
    4e18:	0611                	addi	a2,a2,4
    4e1a:	fef6ae23          	sw	a5,-4(a3)
    4e1e:	b7f9                	j	4dec <__mdiff+0xb4>
    4e20:	137d                	addi	t1,t1,-1
    4e22:	b7f9                	j	4df0 <__mdiff+0xb8>

00004e24 <__ulp>:
    4e24:	7ff007b7          	lui	a5,0x7ff00
    4e28:	8dfd                	and	a1,a1,a5
    4e2a:	fcc007b7          	lui	a5,0xfcc00
    4e2e:	95be                	add	a1,a1,a5
    4e30:	00b05563          	blez	a1,4e3a <__ulp+0x16>
    4e34:	4781                	li	a5,0
    4e36:	853e                	mv	a0,a5
    4e38:	8082                	ret
    4e3a:	40b005b3          	neg	a1,a1
    4e3e:	4145d793          	srai	a5,a1,0x14
    4e42:	474d                	li	a4,19
    4e44:	00f74763          	blt	a4,a5,4e52 <__ulp+0x2e>
    4e48:	000805b7          	lui	a1,0x80
    4e4c:	40f5d5b3          	sra	a1,a1,a5
    4e50:	b7d5                	j	4e34 <__ulp+0x10>
    4e52:	17b1                	addi	a5,a5,-20
    4e54:	46f9                	li	a3,30
    4e56:	4581                	li	a1,0
    4e58:	4705                	li	a4,1
    4e5a:	00f6c663          	blt	a3,a5,4e66 <__ulp+0x42>
    4e5e:	fff7c793          	not	a5,a5
    4e62:	00f71733          	sll	a4,a4,a5
    4e66:	87ba                	mv	a5,a4
    4e68:	b7f9                	j	4e36 <__ulp+0x12>

00004e6a <__b2d>:
    4e6a:	7179                	addi	sp,sp,-48
    4e6c:	d226                	sw	s1,36(sp)
    4e6e:	4904                	lw	s1,16(a0)
    4e70:	ce4e                	sw	s3,28(sp)
    4e72:	048a                	slli	s1,s1,0x2
    4e74:	01450993          	addi	s3,a0,20
    4e78:	94ce                	add	s1,s1,s3
    4e7a:	d422                	sw	s0,40(sp)
    4e7c:	ffc4a403          	lw	s0,-4(s1)
    4e80:	d04a                	sw	s2,32(sp)
    4e82:	8522                	mv	a0,s0
    4e84:	c62e                	sw	a1,12(sp)
    4e86:	d606                	sw	ra,44(sp)
    4e88:	3e21                	jal	49a0 <__hi0bits>
    4e8a:	02000793          	li	a5,32
    4e8e:	45b2                	lw	a1,12(sp)
    4e90:	8f89                	sub	a5,a5,a0
    4e92:	c19c                	sw	a5,0(a1)
    4e94:	47a9                	li	a5,10
    4e96:	ffc48913          	addi	s2,s1,-4
    4e9a:	02a7cd63          	blt	a5,a0,4ed4 <__b2d+0x6a>
    4e9e:	47ad                	li	a5,11
    4ea0:	8f89                	sub	a5,a5,a0
    4ea2:	3ff00737          	lui	a4,0x3ff00
    4ea6:	00f456b3          	srl	a3,s0,a5
    4eaa:	8ed9                	or	a3,a3,a4
    4eac:	4701                	li	a4,0
    4eae:	0129f463          	bgeu	s3,s2,4eb6 <__b2d+0x4c>
    4eb2:	ff84a703          	lw	a4,-8(s1)
    4eb6:	0555                	addi	a0,a0,21
    4eb8:	00a41533          	sll	a0,s0,a0
    4ebc:	00f757b3          	srl	a5,a4,a5
    4ec0:	8fc9                	or	a5,a5,a0
    4ec2:	50b2                	lw	ra,44(sp)
    4ec4:	5422                	lw	s0,40(sp)
    4ec6:	5492                	lw	s1,36(sp)
    4ec8:	5902                	lw	s2,32(sp)
    4eca:	49f2                	lw	s3,28(sp)
    4ecc:	853e                	mv	a0,a5
    4ece:	85b6                	mv	a1,a3
    4ed0:	6145                	addi	sp,sp,48
    4ed2:	8082                	ret
    4ed4:	4781                	li	a5,0
    4ed6:	0129f663          	bgeu	s3,s2,4ee2 <__b2d+0x78>
    4eda:	ff84a783          	lw	a5,-8(s1)
    4ede:	ff848913          	addi	s2,s1,-8
    4ee2:	1555                	addi	a0,a0,-11
    4ee4:	c905                	beqz	a0,4f14 <__b2d+0xaa>
    4ee6:	02000713          	li	a4,32
    4eea:	40a70633          	sub	a2,a4,a0
    4eee:	00a41433          	sll	s0,s0,a0
    4ef2:	3ff00737          	lui	a4,0x3ff00
    4ef6:	8c59                	or	s0,s0,a4
    4ef8:	00c7d6b3          	srl	a3,a5,a2
    4efc:	8ec1                	or	a3,a3,s0
    4efe:	4701                	li	a4,0
    4f00:	0129f463          	bgeu	s3,s2,4f08 <__b2d+0x9e>
    4f04:	ffc92703          	lw	a4,-4(s2)
    4f08:	00a797b3          	sll	a5,a5,a0
    4f0c:	00c75733          	srl	a4,a4,a2
    4f10:	8fd9                	or	a5,a5,a4
    4f12:	bf45                	j	4ec2 <__b2d+0x58>
    4f14:	3ff006b7          	lui	a3,0x3ff00
    4f18:	8ec1                	or	a3,a3,s0
    4f1a:	b765                	j	4ec2 <__b2d+0x58>

00004f1c <__d2b>:
    4f1c:	7179                	addi	sp,sp,-48
    4f1e:	d422                	sw	s0,40(sp)
    4f20:	842e                	mv	s0,a1
    4f22:	4585                	li	a1,1
    4f24:	d226                	sw	s1,36(sp)
    4f26:	d04a                	sw	s2,32(sp)
    4f28:	84b2                	mv	s1,a2
    4f2a:	ce4e                	sw	s3,28(sp)
    4f2c:	cc52                	sw	s4,24(sp)
    4f2e:	893a                	mv	s2,a4
    4f30:	d606                	sw	ra,44(sp)
    4f32:	8a36                	mv	s4,a3
    4f34:	30c1                	jal	47f4 <_Balloc>
    4f36:	00100737          	lui	a4,0x100
    4f3a:	fff70793          	addi	a5,a4,-1 # fffff <_sp+0xf0e0f>
    4f3e:	8fe5                	and	a5,a5,s1
    4f40:	80d1                	srli	s1,s1,0x14
    4f42:	7ff4f493          	andi	s1,s1,2047
    4f46:	89aa                	mv	s3,a0
    4f48:	e0ad                	bnez	s1,4faa <__d2b+0x8e>
    4f4a:	c63e                	sw	a5,12(sp)
    4f4c:	c425                	beqz	s0,4fb4 <__d2b+0x98>
    4f4e:	0028                	addi	a0,sp,8
    4f50:	c422                	sw	s0,8(sp)
    4f52:	3c59                	jal	49e8 <__lo0bits>
    4f54:	46a2                	lw	a3,8(sp)
    4f56:	cd21                	beqz	a0,4fae <__d2b+0x92>
    4f58:	4732                	lw	a4,12(sp)
    4f5a:	02000793          	li	a5,32
    4f5e:	8f89                	sub	a5,a5,a0
    4f60:	00f717b3          	sll	a5,a4,a5
    4f64:	8fd5                	or	a5,a5,a3
    4f66:	00a75733          	srl	a4,a4,a0
    4f6a:	00f9aa23          	sw	a5,20(s3)
    4f6e:	c63a                	sw	a4,12(sp)
    4f70:	4432                	lw	s0,12(sp)
    4f72:	0089ac23          	sw	s0,24(s3)
    4f76:	00803433          	snez	s0,s0
    4f7a:	0405                	addi	s0,s0,1
    4f7c:	0089a823          	sw	s0,16(s3)
    4f80:	c4b1                	beqz	s1,4fcc <__d2b+0xb0>
    4f82:	bcd48493          	addi	s1,s1,-1075
    4f86:	94aa                	add	s1,s1,a0
    4f88:	03500793          	li	a5,53
    4f8c:	009a2023          	sw	s1,0(s4)
    4f90:	40a78533          	sub	a0,a5,a0
    4f94:	00a92023          	sw	a0,0(s2)
    4f98:	50b2                	lw	ra,44(sp)
    4f9a:	5422                	lw	s0,40(sp)
    4f9c:	854e                	mv	a0,s3
    4f9e:	5492                	lw	s1,36(sp)
    4fa0:	5902                	lw	s2,32(sp)
    4fa2:	49f2                	lw	s3,28(sp)
    4fa4:	4a62                	lw	s4,24(sp)
    4fa6:	6145                	addi	sp,sp,48
    4fa8:	8082                	ret
    4faa:	8fd9                	or	a5,a5,a4
    4fac:	bf79                	j	4f4a <__d2b+0x2e>
    4fae:	00d9aa23          	sw	a3,20(s3)
    4fb2:	bf7d                	j	4f70 <__d2b+0x54>
    4fb4:	0068                	addi	a0,sp,12
    4fb6:	3c0d                	jal	49e8 <__lo0bits>
    4fb8:	47b2                	lw	a5,12(sp)
    4fba:	02050513          	addi	a0,a0,32
    4fbe:	00f9aa23          	sw	a5,20(s3)
    4fc2:	4785                	li	a5,1
    4fc4:	00f9a823          	sw	a5,16(s3)
    4fc8:	4405                	li	s0,1
    4fca:	bf5d                	j	4f80 <__d2b+0x64>
    4fcc:	00241793          	slli	a5,s0,0x2
    4fd0:	bce50513          	addi	a0,a0,-1074
    4fd4:	97ce                	add	a5,a5,s3
    4fd6:	00aa2023          	sw	a0,0(s4)
    4fda:	4b88                	lw	a0,16(a5)
    4fdc:	0416                	slli	s0,s0,0x5
    4fde:	32c9                	jal	49a0 <__hi0bits>
    4fe0:	8c09                	sub	s0,s0,a0
    4fe2:	00892023          	sw	s0,0(s2)
    4fe6:	bf4d                	j	4f98 <__d2b+0x7c>

00004fe8 <__ratio>:
    4fe8:	7179                	addi	sp,sp,-48
    4fea:	d04a                	sw	s2,32(sp)
    4fec:	892e                	mv	s2,a1
    4fee:	002c                	addi	a1,sp,8
    4ff0:	d606                	sw	ra,44(sp)
    4ff2:	d422                	sw	s0,40(sp)
    4ff4:	d226                	sw	s1,36(sp)
    4ff6:	ce4e                	sw	s3,28(sp)
    4ff8:	cc52                	sw	s4,24(sp)
    4ffa:	8a2a                	mv	s4,a0
    4ffc:	35bd                	jal	4e6a <__b2d>
    4ffe:	89aa                	mv	s3,a0
    5000:	84ae                	mv	s1,a1
    5002:	842e                	mv	s0,a1
    5004:	854a                	mv	a0,s2
    5006:	006c                	addi	a1,sp,12
    5008:	358d                	jal	4e6a <__b2d>
    500a:	01092783          	lw	a5,16(s2)
    500e:	010a2703          	lw	a4,16(s4)
    5012:	46a2                	lw	a3,8(sp)
    5014:	8f1d                	sub	a4,a4,a5
    5016:	47b2                	lw	a5,12(sp)
    5018:	0716                	slli	a4,a4,0x5
    501a:	8e9d                	sub	a3,a3,a5
    501c:	00d707b3          	add	a5,a4,a3
    5020:	02f05563          	blez	a5,504a <__ratio+0x62>
    5024:	07d2                	slli	a5,a5,0x14
    5026:	862e                	mv	a2,a1
    5028:	00978433          	add	s0,a5,s1
    502c:	8732                	mv	a4,a2
    502e:	85a2                	mv	a1,s0
    5030:	862a                	mv	a2,a0
    5032:	86ba                	mv	a3,a4
    5034:	854e                	mv	a0,s3
    5036:	4e9030ef          	jal	ra,8d1e <__divdf3>
    503a:	50b2                	lw	ra,44(sp)
    503c:	5422                	lw	s0,40(sp)
    503e:	5492                	lw	s1,36(sp)
    5040:	5902                	lw	s2,32(sp)
    5042:	49f2                	lw	s3,28(sp)
    5044:	4a62                	lw	s4,24(sp)
    5046:	6145                	addi	sp,sp,48
    5048:	8082                	ret
    504a:	fff00737          	lui	a4,0xfff00
    504e:	02e787b3          	mul	a5,a5,a4
    5052:	00b78633          	add	a2,a5,a1
    5056:	bfd9                	j	502c <__ratio+0x44>

00005058 <_mprec_log10>:
    5058:	1141                	addi	sp,sp,-16
    505a:	c422                	sw	s0,8(sp)
    505c:	c606                	sw	ra,12(sp)
    505e:	c24a                	sw	s2,4(sp)
    5060:	c04e                	sw	s3,0(sp)
    5062:	47dd                	li	a5,23
    5064:	842a                	mv	s0,a0
    5066:	02a7c063          	blt	a5,a0,5086 <_mprec_log10+0x2e>
    506a:	67b1                	lui	a5,0xc
    506c:	00351413          	slli	s0,a0,0x3
    5070:	f2878793          	addi	a5,a5,-216 # bf28 <p05.3207>
    5074:	943e                	add	s0,s0,a5
    5076:	4808                	lw	a0,16(s0)
    5078:	484c                	lw	a1,20(s0)
    507a:	40b2                	lw	ra,12(sp)
    507c:	4422                	lw	s0,8(sp)
    507e:	4912                	lw	s2,4(sp)
    5080:	4982                	lw	s3,0(sp)
    5082:	0141                	addi	sp,sp,16
    5084:	8082                	ret
    5086:	0000d7b7          	lui	a5,0xd
    508a:	18878793          	addi	a5,a5,392 # d188 <__SDATA_BEGIN__>
    508e:	4388                	lw	a0,0(a5)
    5090:	43cc                	lw	a1,4(a5)
    5092:	0000d7b7          	lui	a5,0xd
    5096:	19078793          	addi	a5,a5,400 # d190 <__SDATA_BEGIN__+0x8>
    509a:	0007a903          	lw	s2,0(a5)
    509e:	0047a983          	lw	s3,4(a5)
    50a2:	864a                	mv	a2,s2
    50a4:	86ce                	mv	a3,s3
    50a6:	147d                	addi	s0,s0,-1
    50a8:	1a2040ef          	jal	ra,924a <__muldf3>
    50ac:	f87d                	bnez	s0,50a2 <_mprec_log10+0x4a>
    50ae:	b7f1                	j	507a <_mprec_log10+0x22>

000050b0 <__copybits>:
    50b0:	fff58793          	addi	a5,a1,-1 # 7ffff <_sp+0x70e0f>
    50b4:	8795                	srai	a5,a5,0x5
    50b6:	4a18                	lw	a4,16(a2)
    50b8:	0785                	addi	a5,a5,1
    50ba:	078a                	slli	a5,a5,0x2
    50bc:	01460693          	addi	a3,a2,20
    50c0:	070a                	slli	a4,a4,0x2
    50c2:	97aa                	add	a5,a5,a0
    50c4:	9736                	add	a4,a4,a3
    50c6:	00e6e563          	bltu	a3,a4,50d0 <__copybits+0x20>
    50ca:	00f56a63          	bltu	a0,a5,50de <__copybits+0x2e>
    50ce:	8082                	ret
    50d0:	0691                	addi	a3,a3,4
    50d2:	ffc6a603          	lw	a2,-4(a3) # 3feffffc <_sp+0x3fef0e0c>
    50d6:	0511                	addi	a0,a0,4
    50d8:	fec52e23          	sw	a2,-4(a0)
    50dc:	b7ed                	j	50c6 <__copybits+0x16>
    50de:	0511                	addi	a0,a0,4
    50e0:	fe052e23          	sw	zero,-4(a0)
    50e4:	b7dd                	j	50ca <__copybits+0x1a>

000050e6 <__any_on>:
    50e6:	4914                	lw	a3,16(a0)
    50e8:	4055d793          	srai	a5,a1,0x5
    50ec:	01450713          	addi	a4,a0,20
    50f0:	02f6c763          	blt	a3,a5,511e <__any_on+0x38>
    50f4:	00d7df63          	bge	a5,a3,5112 <__any_on+0x2c>
    50f8:	89fd                	andi	a1,a1,31
    50fa:	cd81                	beqz	a1,5112 <__any_on+0x2c>
    50fc:	00279693          	slli	a3,a5,0x2
    5100:	96ba                	add	a3,a3,a4
    5102:	4290                	lw	a2,0(a3)
    5104:	4505                	li	a0,1
    5106:	00b656b3          	srl	a3,a2,a1
    510a:	00b695b3          	sll	a1,a3,a1
    510e:	00b61e63          	bne	a2,a1,512a <__any_on+0x44>
    5112:	078a                	slli	a5,a5,0x2
    5114:	97ba                	add	a5,a5,a4
    5116:	00f76663          	bltu	a4,a5,5122 <__any_on+0x3c>
    511a:	4501                	li	a0,0
    511c:	8082                	ret
    511e:	87b6                	mv	a5,a3
    5120:	bfcd                	j	5112 <__any_on+0x2c>
    5122:	17f1                	addi	a5,a5,-4
    5124:	4394                	lw	a3,0(a5)
    5126:	dae5                	beqz	a3,5116 <__any_on+0x30>
    5128:	4505                	li	a0,1
    512a:	8082                	ret

0000512c <_realloc_r>:
    512c:	7139                	addi	sp,sp,-64
    512e:	dc22                	sw	s0,56(sp)
    5130:	de06                	sw	ra,60(sp)
    5132:	842e                	mv	s0,a1
    5134:	da26                	sw	s1,52(sp)
    5136:	d84a                	sw	s2,48(sp)
    5138:	d64e                	sw	s3,44(sp)
    513a:	d452                	sw	s4,40(sp)
    513c:	d256                	sw	s5,36(sp)
    513e:	d05a                	sw	s6,32(sp)
    5140:	ce5e                	sw	s7,28(sp)
    5142:	cc62                	sw	s8,24(sp)
    5144:	85b2                	mv	a1,a2
    5146:	ec11                	bnez	s0,5162 <_realloc_r+0x36>
    5148:	5462                	lw	s0,56(sp)
    514a:	50f2                	lw	ra,60(sp)
    514c:	54d2                	lw	s1,52(sp)
    514e:	5942                	lw	s2,48(sp)
    5150:	59b2                	lw	s3,44(sp)
    5152:	5a22                	lw	s4,40(sp)
    5154:	5a92                	lw	s5,36(sp)
    5156:	5b02                	lw	s6,32(sp)
    5158:	4bf2                	lw	s7,28(sp)
    515a:	4c62                	lw	s8,24(sp)
    515c:	6121                	addi	sp,sp,64
    515e:	8a0ff06f          	j	41fe <_malloc_r>
    5162:	8aaa                	mv	s5,a0
    5164:	c632                	sw	a2,12(sp)
    5166:	e8aff0ef          	jal	ra,47f0 <__malloc_lock>
    516a:	45b2                	lw	a1,12(sp)
    516c:	ffc42683          	lw	a3,-4(s0)
    5170:	00b58993          	addi	s3,a1,11
    5174:	47d9                	li	a5,22
    5176:	ff840b93          	addi	s7,s0,-8
    517a:	ffc6f913          	andi	s2,a3,-4
    517e:	0337f763          	bgeu	a5,s3,51ac <_realloc_r+0x80>
    5182:	ff89fb13          	andi	s6,s3,-8
    5186:	020b5463          	bgez	s6,51ae <_realloc_r+0x82>
    518a:	47b1                	li	a5,12
    518c:	00faa023          	sw	a5,0(s5)
    5190:	4a01                	li	s4,0
    5192:	50f2                	lw	ra,60(sp)
    5194:	5462                	lw	s0,56(sp)
    5196:	8552                	mv	a0,s4
    5198:	54d2                	lw	s1,52(sp)
    519a:	5942                	lw	s2,48(sp)
    519c:	59b2                	lw	s3,44(sp)
    519e:	5a22                	lw	s4,40(sp)
    51a0:	5a92                	lw	s5,36(sp)
    51a2:	5b02                	lw	s6,32(sp)
    51a4:	4bf2                	lw	s7,28(sp)
    51a6:	4c62                	lw	s8,24(sp)
    51a8:	6121                	addi	sp,sp,64
    51aa:	8082                	ret
    51ac:	4b41                	li	s6,16
    51ae:	fcbb6ee3          	bltu	s6,a1,518a <_realloc_r+0x5e>
    51b2:	31695063          	bge	s2,s6,54b2 <_realloc_r+0x386>
    51b6:	d9418713          	addi	a4,gp,-620 # cd7c <__malloc_av_>
    51ba:	4710                	lw	a2,8(a4)
    51bc:	012b87b3          	add	a5,s7,s2
    51c0:	43d8                	lw	a4,4(a5)
    51c2:	d9418c13          	addi	s8,gp,-620 # cd7c <__malloc_av_>
    51c6:	00f60863          	beq	a2,a5,51d6 <_realloc_r+0xaa>
    51ca:	ffe77513          	andi	a0,a4,-2
    51ce:	953e                	add	a0,a0,a5
    51d0:	4148                	lw	a0,4(a0)
    51d2:	8905                	andi	a0,a0,1
    51d4:	e559                	bnez	a0,5262 <_realloc_r+0x136>
    51d6:	9b71                	andi	a4,a4,-4
    51d8:	00e909b3          	add	s3,s2,a4
    51dc:	02f61c63          	bne	a2,a5,5214 <_realloc_r+0xe8>
    51e0:	010b0513          	addi	a0,s6,16
    51e4:	08a9c163          	blt	s3,a0,5266 <_realloc_r+0x13a>
    51e8:	9bda                	add	s7,s7,s6
    51ea:	416989b3          	sub	s3,s3,s6
    51ee:	017c2423          	sw	s7,8(s8)
    51f2:	0019e993          	ori	s3,s3,1
    51f6:	013ba223          	sw	s3,4(s7)
    51fa:	ffc42983          	lw	s3,-4(s0)
    51fe:	8556                	mv	a0,s5
    5200:	0019f993          	andi	s3,s3,1
    5204:	0169e9b3          	or	s3,s3,s6
    5208:	ff342e23          	sw	s3,-4(s0)
    520c:	de6ff0ef          	jal	ra,47f2 <__malloc_unlock>
    5210:	8a22                	mv	s4,s0
    5212:	b741                	j	5192 <_realloc_r+0x66>
    5214:	0569c963          	blt	s3,s6,5266 <_realloc_r+0x13a>
    5218:	47d8                	lw	a4,12(a5)
    521a:	479c                	lw	a5,8(a5)
    521c:	c7d8                	sw	a4,12(a5)
    521e:	c71c                	sw	a5,8(a4)
    5220:	004ba703          	lw	a4,4(s7)
    5224:	416986b3          	sub	a3,s3,s6
    5228:	463d                	li	a2,15
    522a:	8b05                	andi	a4,a4,1
    522c:	013b87b3          	add	a5,s7,s3
    5230:	28d67363          	bgeu	a2,a3,54b6 <_realloc_r+0x38a>
    5234:	00eb69b3          	or	s3,s6,a4
    5238:	013ba223          	sw	s3,4(s7)
    523c:	016b85b3          	add	a1,s7,s6
    5240:	0016e693          	ori	a3,a3,1
    5244:	c1d4                	sw	a3,4(a1)
    5246:	43d8                	lw	a4,4(a5)
    5248:	05a1                	addi	a1,a1,8
    524a:	00176713          	ori	a4,a4,1
    524e:	c3d8                	sw	a4,4(a5)
    5250:	8556                	mv	a0,s5
    5252:	a3afd0ef          	jal	ra,248c <_free_r>
    5256:	8556                	mv	a0,s5
    5258:	d9aff0ef          	jal	ra,47f2 <__malloc_unlock>
    525c:	008b8a13          	addi	s4,s7,8
    5260:	bf0d                	j	5192 <_realloc_r+0x66>
    5262:	4701                	li	a4,0
    5264:	4781                	li	a5,0
    5266:	8a85                	andi	a3,a3,1
    5268:	1a069763          	bnez	a3,5416 <_realloc_r+0x2ea>
    526c:	ff842483          	lw	s1,-8(s0)
    5270:	409b84b3          	sub	s1,s7,s1
    5274:	0044aa03          	lw	s4,4(s1)
    5278:	ffca7a13          	andi	s4,s4,-4
    527c:	9a4a                	add	s4,s4,s2
    527e:	12078363          	beqz	a5,53a4 <_realloc_r+0x278>
    5282:	014709b3          	add	s3,a4,s4
    5286:	0af61263          	bne	a2,a5,532a <_realloc_r+0x1fe>
    528a:	010b0793          	addi	a5,s6,16
    528e:	10f9cb63          	blt	s3,a5,53a4 <_realloc_r+0x278>
    5292:	4498                	lw	a4,8(s1)
    5294:	44dc                	lw	a5,12(s1)
    5296:	ffc90613          	addi	a2,s2,-4
    529a:	c75c                	sw	a5,12(a4)
    529c:	c798                	sw	a4,8(a5)
    529e:	02400713          	li	a4,36
    52a2:	00848a13          	addi	s4,s1,8
    52a6:	06c76d63          	bltu	a4,a2,5320 <_realloc_r+0x1f4>
    52aa:	46cd                	li	a3,19
    52ac:	87d2                	mv	a5,s4
    52ae:	00c6fc63          	bgeu	a3,a2,52c6 <_realloc_r+0x19a>
    52b2:	401c                	lw	a5,0(s0)
    52b4:	c49c                	sw	a5,8(s1)
    52b6:	405c                	lw	a5,4(s0)
    52b8:	c4dc                	sw	a5,12(s1)
    52ba:	47ed                	li	a5,27
    52bc:	02c7ef63          	bltu	a5,a2,52fa <_realloc_r+0x1ce>
    52c0:	0421                	addi	s0,s0,8
    52c2:	01048793          	addi	a5,s1,16
    52c6:	4018                	lw	a4,0(s0)
    52c8:	c398                	sw	a4,0(a5)
    52ca:	4058                	lw	a4,4(s0)
    52cc:	c3d8                	sw	a4,4(a5)
    52ce:	4418                	lw	a4,8(s0)
    52d0:	c798                	sw	a4,8(a5)
    52d2:	016487b3          	add	a5,s1,s6
    52d6:	416989b3          	sub	s3,s3,s6
    52da:	00fc2423          	sw	a5,8(s8)
    52de:	0019e993          	ori	s3,s3,1
    52e2:	0137a223          	sw	s3,4(a5)
    52e6:	40dc                	lw	a5,4(s1)
    52e8:	8b85                	andi	a5,a5,1
    52ea:	0167e9b3          	or	s3,a5,s6
    52ee:	0134a223          	sw	s3,4(s1)
    52f2:	8556                	mv	a0,s5
    52f4:	cfeff0ef          	jal	ra,47f2 <__malloc_unlock>
    52f8:	bd69                	j	5192 <_realloc_r+0x66>
    52fa:	441c                	lw	a5,8(s0)
    52fc:	c89c                	sw	a5,16(s1)
    52fe:	445c                	lw	a5,12(s0)
    5300:	c8dc                	sw	a5,20(s1)
    5302:	00e60663          	beq	a2,a4,530e <_realloc_r+0x1e2>
    5306:	0441                	addi	s0,s0,16
    5308:	01848793          	addi	a5,s1,24
    530c:	bf6d                	j	52c6 <_realloc_r+0x19a>
    530e:	481c                	lw	a5,16(s0)
    5310:	0461                	addi	s0,s0,24
    5312:	cc9c                	sw	a5,24(s1)
    5314:	ffc42703          	lw	a4,-4(s0)
    5318:	02048793          	addi	a5,s1,32
    531c:	ccd8                	sw	a4,28(s1)
    531e:	b765                	j	52c6 <_realloc_r+0x19a>
    5320:	85a2                	mv	a1,s0
    5322:	8552                	mv	a0,s4
    5324:	c8eff0ef          	jal	ra,47b2 <memmove>
    5328:	b76d                	j	52d2 <_realloc_r+0x1a6>
    532a:	0769cd63          	blt	s3,s6,53a4 <_realloc_r+0x278>
    532e:	47d8                	lw	a4,12(a5)
    5330:	479c                	lw	a5,8(a5)
    5332:	ffc90613          	addi	a2,s2,-4
    5336:	c7d8                	sw	a4,12(a5)
    5338:	c71c                	sw	a5,8(a4)
    533a:	4498                	lw	a4,8(s1)
    533c:	44dc                	lw	a5,12(s1)
    533e:	00848513          	addi	a0,s1,8
    5342:	c75c                	sw	a5,12(a4)
    5344:	c798                	sw	a4,8(a5)
    5346:	02400793          	li	a5,36
    534a:	04c7e963          	bltu	a5,a2,539c <_realloc_r+0x270>
    534e:	474d                	li	a4,19
    5350:	00c77c63          	bgeu	a4,a2,5368 <_realloc_r+0x23c>
    5354:	4018                	lw	a4,0(s0)
    5356:	c498                	sw	a4,8(s1)
    5358:	4058                	lw	a4,4(s0)
    535a:	c4d8                	sw	a4,12(s1)
    535c:	476d                	li	a4,27
    535e:	00c76d63          	bltu	a4,a2,5378 <_realloc_r+0x24c>
    5362:	0421                	addi	s0,s0,8
    5364:	01048513          	addi	a0,s1,16
    5368:	401c                	lw	a5,0(s0)
    536a:	c11c                	sw	a5,0(a0)
    536c:	405c                	lw	a5,4(s0)
    536e:	c15c                	sw	a5,4(a0)
    5370:	441c                	lw	a5,8(s0)
    5372:	c51c                	sw	a5,8(a0)
    5374:	8ba6                	mv	s7,s1
    5376:	b56d                	j	5220 <_realloc_r+0xf4>
    5378:	4418                	lw	a4,8(s0)
    537a:	c898                	sw	a4,16(s1)
    537c:	4458                	lw	a4,12(s0)
    537e:	c8d8                	sw	a4,20(s1)
    5380:	00f60663          	beq	a2,a5,538c <_realloc_r+0x260>
    5384:	0441                	addi	s0,s0,16
    5386:	01848513          	addi	a0,s1,24
    538a:	bff9                	j	5368 <_realloc_r+0x23c>
    538c:	481c                	lw	a5,16(s0)
    538e:	02048513          	addi	a0,s1,32
    5392:	cc9c                	sw	a5,24(s1)
    5394:	485c                	lw	a5,20(s0)
    5396:	0461                	addi	s0,s0,24
    5398:	ccdc                	sw	a5,28(s1)
    539a:	b7f9                	j	5368 <_realloc_r+0x23c>
    539c:	85a2                	mv	a1,s0
    539e:	c14ff0ef          	jal	ra,47b2 <memmove>
    53a2:	bfc9                	j	5374 <_realloc_r+0x248>
    53a4:	076a4963          	blt	s4,s6,5416 <_realloc_r+0x2ea>
    53a8:	44dc                	lw	a5,12(s1)
    53aa:	4498                	lw	a4,8(s1)
    53ac:	ffc90613          	addi	a2,s2,-4
    53b0:	c75c                	sw	a5,12(a4)
    53b2:	c798                	sw	a4,8(a5)
    53b4:	02400793          	li	a5,36
    53b8:	00848513          	addi	a0,s1,8
    53bc:	04c7e963          	bltu	a5,a2,540e <_realloc_r+0x2e2>
    53c0:	474d                	li	a4,19
    53c2:	00c77c63          	bgeu	a4,a2,53da <_realloc_r+0x2ae>
    53c6:	4018                	lw	a4,0(s0)
    53c8:	c498                	sw	a4,8(s1)
    53ca:	4058                	lw	a4,4(s0)
    53cc:	c4d8                	sw	a4,12(s1)
    53ce:	476d                	li	a4,27
    53d0:	00c76d63          	bltu	a4,a2,53ea <_realloc_r+0x2be>
    53d4:	0421                	addi	s0,s0,8
    53d6:	01048513          	addi	a0,s1,16
    53da:	401c                	lw	a5,0(s0)
    53dc:	c11c                	sw	a5,0(a0)
    53de:	405c                	lw	a5,4(s0)
    53e0:	c15c                	sw	a5,4(a0)
    53e2:	441c                	lw	a5,8(s0)
    53e4:	c51c                	sw	a5,8(a0)
    53e6:	89d2                	mv	s3,s4
    53e8:	b771                	j	5374 <_realloc_r+0x248>
    53ea:	4418                	lw	a4,8(s0)
    53ec:	c898                	sw	a4,16(s1)
    53ee:	4458                	lw	a4,12(s0)
    53f0:	c8d8                	sw	a4,20(s1)
    53f2:	00f60663          	beq	a2,a5,53fe <_realloc_r+0x2d2>
    53f6:	0441                	addi	s0,s0,16
    53f8:	01848513          	addi	a0,s1,24
    53fc:	bff9                	j	53da <_realloc_r+0x2ae>
    53fe:	481c                	lw	a5,16(s0)
    5400:	02048513          	addi	a0,s1,32
    5404:	cc9c                	sw	a5,24(s1)
    5406:	485c                	lw	a5,20(s0)
    5408:	0461                	addi	s0,s0,24
    540a:	ccdc                	sw	a5,28(s1)
    540c:	b7f9                	j	53da <_realloc_r+0x2ae>
    540e:	85a2                	mv	a1,s0
    5410:	ba2ff0ef          	jal	ra,47b2 <memmove>
    5414:	bfc9                	j	53e6 <_realloc_r+0x2ba>
    5416:	8556                	mv	a0,s5
    5418:	de7fe0ef          	jal	ra,41fe <_malloc_r>
    541c:	8a2a                	mv	s4,a0
    541e:	ec050ae3          	beqz	a0,52f2 <_realloc_r+0x1c6>
    5422:	ffc42783          	lw	a5,-4(s0)
    5426:	ff850713          	addi	a4,a0,-8
    542a:	9bf9                	andi	a5,a5,-2
    542c:	97de                	add	a5,a5,s7
    542e:	00e79863          	bne	a5,a4,543e <_realloc_r+0x312>
    5432:	ffc52983          	lw	s3,-4(a0)
    5436:	ffc9f993          	andi	s3,s3,-4
    543a:	99ca                	add	s3,s3,s2
    543c:	b3d5                	j	5220 <_realloc_r+0xf4>
    543e:	ffc90613          	addi	a2,s2,-4
    5442:	02400793          	li	a5,36
    5446:	06c7e263          	bltu	a5,a2,54aa <_realloc_r+0x37e>
    544a:	474d                	li	a4,19
    544c:	04c77c63          	bgeu	a4,a2,54a4 <_realloc_r+0x378>
    5450:	4018                	lw	a4,0(s0)
    5452:	c118                	sw	a4,0(a0)
    5454:	4058                	lw	a4,4(s0)
    5456:	c158                	sw	a4,4(a0)
    5458:	476d                	li	a4,27
    545a:	02c76163          	bltu	a4,a2,547c <_realloc_r+0x350>
    545e:	00840713          	addi	a4,s0,8
    5462:	00850793          	addi	a5,a0,8
    5466:	4314                	lw	a3,0(a4)
    5468:	c394                	sw	a3,0(a5)
    546a:	4354                	lw	a3,4(a4)
    546c:	c3d4                	sw	a3,4(a5)
    546e:	4718                	lw	a4,8(a4)
    5470:	c798                	sw	a4,8(a5)
    5472:	85a2                	mv	a1,s0
    5474:	8556                	mv	a0,s5
    5476:	816fd0ef          	jal	ra,248c <_free_r>
    547a:	bda5                	j	52f2 <_realloc_r+0x1c6>
    547c:	4418                	lw	a4,8(s0)
    547e:	c518                	sw	a4,8(a0)
    5480:	4458                	lw	a4,12(s0)
    5482:	c558                	sw	a4,12(a0)
    5484:	00f60763          	beq	a2,a5,5492 <_realloc_r+0x366>
    5488:	01040713          	addi	a4,s0,16
    548c:	01050793          	addi	a5,a0,16
    5490:	bfd9                	j	5466 <_realloc_r+0x33a>
    5492:	481c                	lw	a5,16(s0)
    5494:	01840713          	addi	a4,s0,24
    5498:	c91c                	sw	a5,16(a0)
    549a:	4854                	lw	a3,20(s0)
    549c:	01850793          	addi	a5,a0,24
    54a0:	c954                	sw	a3,20(a0)
    54a2:	b7d1                	j	5466 <_realloc_r+0x33a>
    54a4:	87aa                	mv	a5,a0
    54a6:	8722                	mv	a4,s0
    54a8:	bf7d                	j	5466 <_realloc_r+0x33a>
    54aa:	85a2                	mv	a1,s0
    54ac:	b06ff0ef          	jal	ra,47b2 <memmove>
    54b0:	b7c9                	j	5472 <_realloc_r+0x346>
    54b2:	89ca                	mv	s3,s2
    54b4:	b3b5                	j	5220 <_realloc_r+0xf4>
    54b6:	00e9e9b3          	or	s3,s3,a4
    54ba:	013ba223          	sw	s3,4(s7)
    54be:	43d8                	lw	a4,4(a5)
    54c0:	00176713          	ori	a4,a4,1
    54c4:	c3d8                	sw	a4,4(a5)
    54c6:	bb41                	j	5256 <_realloc_r+0x12a>

000054c8 <_sbrk_r>:
    54c8:	1141                	addi	sp,sp,-16
    54ca:	c422                	sw	s0,8(sp)
    54cc:	c226                	sw	s1,4(sp)
    54ce:	84aa                	mv	s1,a0
    54d0:	852e                	mv	a0,a1
    54d2:	c606                	sw	ra,12(sp)
    54d4:	2001a223          	sw	zero,516(gp) # d1ec <errno>
    54d8:	ee3fa0ef          	jal	ra,3ba <sbrk>
    54dc:	57fd                	li	a5,-1
    54de:	00f51663          	bne	a0,a5,54ea <_sbrk_r+0x22>
    54e2:	2041a783          	lw	a5,516(gp) # d1ec <errno>
    54e6:	c391                	beqz	a5,54ea <_sbrk_r+0x22>
    54e8:	c09c                	sw	a5,0(s1)
    54ea:	40b2                	lw	ra,12(sp)
    54ec:	4422                	lw	s0,8(sp)
    54ee:	4492                	lw	s1,4(sp)
    54f0:	0141                	addi	sp,sp,16
    54f2:	8082                	ret

000054f4 <frexp>:
    54f4:	1141                	addi	sp,sp,-16
    54f6:	c226                	sw	s1,4(sp)
    54f8:	800004b7          	lui	s1,0x80000
    54fc:	c422                	sw	s0,8(sp)
    54fe:	c606                	sw	ra,12(sp)
    5500:	fff4c493          	not	s1,s1
    5504:	00b4f733          	and	a4,s1,a1
    5508:	00062023          	sw	zero,0(a2)
    550c:	7ff00837          	lui	a6,0x7ff00
    5510:	86aa                	mv	a3,a0
    5512:	87ae                	mv	a5,a1
    5514:	8432                	mv	s0,a2
    5516:	05075763          	bge	a4,a6,5564 <frexp+0x70>
    551a:	00a76833          	or	a6,a4,a0
    551e:	04080363          	beqz	a6,5564 <frexp+0x70>
    5522:	001007b7          	lui	a5,0x100
    5526:	862e                	mv	a2,a1
    5528:	02f75163          	bge	a4,a5,554a <frexp+0x56>
    552c:	0000d7b7          	lui	a5,0xd
    5530:	19878793          	addi	a5,a5,408 # d198 <__SDATA_BEGIN__+0x10>
    5534:	4390                	lw	a2,0(a5)
    5536:	43d4                	lw	a3,4(a5)
    5538:	513030ef          	jal	ra,924a <__muldf3>
    553c:	fca00793          	li	a5,-54
    5540:	86aa                	mv	a3,a0
    5542:	862e                	mv	a2,a1
    5544:	00b4f733          	and	a4,s1,a1
    5548:	c01c                	sw	a5,0(s0)
    554a:	401c                	lw	a5,0(s0)
    554c:	8751                	srai	a4,a4,0x14
    554e:	c0270713          	addi	a4,a4,-1022 # ffeffc02 <pulp__FC+0xffeffc03>
    5552:	973e                	add	a4,a4,a5
    5554:	801007b7          	lui	a5,0x80100
    5558:	17fd                	addi	a5,a5,-1
    555a:	8e7d                	and	a2,a2,a5
    555c:	3fe007b7          	lui	a5,0x3fe00
    5560:	c018                	sw	a4,0(s0)
    5562:	8fd1                	or	a5,a5,a2
    5564:	40b2                	lw	ra,12(sp)
    5566:	4422                	lw	s0,8(sp)
    5568:	4492                	lw	s1,4(sp)
    556a:	8536                	mv	a0,a3
    556c:	85be                	mv	a1,a5
    556e:	0141                	addi	sp,sp,16
    5570:	8082                	ret

00005572 <_sprintf_r>:
    5572:	7135                	addi	sp,sp,-160
    5574:	cb3e                	sw	a5,148(sp)
    5576:	800007b7          	lui	a5,0x80000
    557a:	fff7c793          	not	a5,a5
    557e:	ce3e                	sw	a5,28(sp)
    5580:	c83e                	sw	a5,16(sp)
    5582:	77c1                	lui	a5,0xffff0
    5584:	c736                	sw	a3,140(sp)
    5586:	c42e                	sw	a1,8(sp)
    5588:	cc2e                	sw	a1,24(sp)
    558a:	20878793          	addi	a5,a5,520 # ffff0208 <pulp__FC+0xffff0209>
    558e:	0174                	addi	a3,sp,140
    5590:	002c                	addi	a1,sp,8
    5592:	de86                	sw	ra,124(sp)
    5594:	ca3e                	sw	a5,20(sp)
    5596:	c93a                	sw	a4,144(sp)
    5598:	cd42                	sw	a6,152(sp)
    559a:	cf46                	sw	a7,156(sp)
    559c:	c236                	sw	a3,4(sp)
    559e:	2ca5                	jal	5816 <_svfprintf_r>
    55a0:	47a2                	lw	a5,8(sp)
    55a2:	00078023          	sb	zero,0(a5)
    55a6:	50f6                	lw	ra,124(sp)
    55a8:	610d                	addi	sp,sp,160
    55aa:	8082                	ret

000055ac <sprintf>:
    55ac:	7135                	addi	sp,sp,-160
    55ae:	cb3e                	sw	a5,148(sp)
    55b0:	800007b7          	lui	a5,0x80000
    55b4:	fff7c793          	not	a5,a5
    55b8:	ce3e                	sw	a5,28(sp)
    55ba:	c83e                	sw	a5,16(sp)
    55bc:	77c1                	lui	a5,0xffff0
    55be:	20878793          	addi	a5,a5,520 # ffff0208 <pulp__FC+0xffff0209>
    55c2:	ca3e                	sw	a5,20(sp)
    55c4:	c42a                	sw	a0,8(sp)
    55c6:	cc2a                	sw	a0,24(sp)
    55c8:	1c01a503          	lw	a0,448(gp) # d1a8 <_impure_ptr>
    55cc:	c532                	sw	a2,136(sp)
    55ce:	c736                	sw	a3,140(sp)
    55d0:	862e                	mv	a2,a1
    55d2:	0134                	addi	a3,sp,136
    55d4:	002c                	addi	a1,sp,8
    55d6:	de86                	sw	ra,124(sp)
    55d8:	c93a                	sw	a4,144(sp)
    55da:	cd42                	sw	a6,152(sp)
    55dc:	cf46                	sw	a7,156(sp)
    55de:	c236                	sw	a3,4(sp)
    55e0:	2c1d                	jal	5816 <_svfprintf_r>
    55e2:	47a2                	lw	a5,8(sp)
    55e4:	00078023          	sb	zero,0(a5)
    55e8:	50f6                	lw	ra,124(sp)
    55ea:	610d                	addi	sp,sp,160
    55ec:	8082                	ret

000055ee <__sread>:
    55ee:	1141                	addi	sp,sp,-16
    55f0:	c422                	sw	s0,8(sp)
    55f2:	842e                	mv	s0,a1
    55f4:	00e59583          	lh	a1,14(a1)
    55f8:	c606                	sw	ra,12(sp)
    55fa:	576020ef          	jal	ra,7b70 <_read_r>
    55fe:	00054963          	bltz	a0,5610 <__sread+0x22>
    5602:	483c                	lw	a5,80(s0)
    5604:	97aa                	add	a5,a5,a0
    5606:	c83c                	sw	a5,80(s0)
    5608:	40b2                	lw	ra,12(sp)
    560a:	4422                	lw	s0,8(sp)
    560c:	0141                	addi	sp,sp,16
    560e:	8082                	ret
    5610:	00c45783          	lhu	a5,12(s0)
    5614:	777d                	lui	a4,0xfffff
    5616:	177d                	addi	a4,a4,-1
    5618:	8ff9                	and	a5,a5,a4
    561a:	00f41623          	sh	a5,12(s0)
    561e:	b7ed                	j	5608 <__sread+0x1a>

00005620 <__seofread>:
    5620:	4501                	li	a0,0
    5622:	8082                	ret

00005624 <__swrite>:
    5624:	00c5d783          	lhu	a5,12(a1)
    5628:	1101                	addi	sp,sp,-32
    562a:	cc22                	sw	s0,24(sp)
    562c:	ca26                	sw	s1,20(sp)
    562e:	c84a                	sw	s2,16(sp)
    5630:	c64e                	sw	s3,12(sp)
    5632:	ce06                	sw	ra,28(sp)
    5634:	1007f793          	andi	a5,a5,256
    5638:	84aa                	mv	s1,a0
    563a:	842e                	mv	s0,a1
    563c:	8932                	mv	s2,a2
    563e:	89b6                	mv	s3,a3
    5640:	c799                	beqz	a5,564e <__swrite+0x2a>
    5642:	00e59583          	lh	a1,14(a1)
    5646:	4689                	li	a3,2
    5648:	4601                	li	a2,0
    564a:	4f6020ef          	jal	ra,7b40 <_lseek_r>
    564e:	00c45783          	lhu	a5,12(s0)
    5652:	777d                	lui	a4,0xfffff
    5654:	177d                	addi	a4,a4,-1
    5656:	8ff9                	and	a5,a5,a4
    5658:	00f41623          	sh	a5,12(s0)
    565c:	00e41583          	lh	a1,14(s0)
    5660:	4462                	lw	s0,24(sp)
    5662:	40f2                	lw	ra,28(sp)
    5664:	86ce                	mv	a3,s3
    5666:	864a                	mv	a2,s2
    5668:	49b2                	lw	s3,12(sp)
    566a:	4942                	lw	s2,16(sp)
    566c:	8526                	mv	a0,s1
    566e:	44d2                	lw	s1,20(sp)
    5670:	6105                	addi	sp,sp,32
    5672:	2060206f          	j	7878 <_write_r>

00005676 <__sseek>:
    5676:	1141                	addi	sp,sp,-16
    5678:	c422                	sw	s0,8(sp)
    567a:	842e                	mv	s0,a1
    567c:	00e59583          	lh	a1,14(a1)
    5680:	c606                	sw	ra,12(sp)
    5682:	4be020ef          	jal	ra,7b40 <_lseek_r>
    5686:	57fd                	li	a5,-1
    5688:	00c45703          	lhu	a4,12(s0)
    568c:	00f51b63          	bne	a0,a5,56a2 <__sseek+0x2c>
    5690:	77fd                	lui	a5,0xfffff
    5692:	17fd                	addi	a5,a5,-1
    5694:	8ff9                	and	a5,a5,a4
    5696:	00f41623          	sh	a5,12(s0)
    569a:	40b2                	lw	ra,12(sp)
    569c:	4422                	lw	s0,8(sp)
    569e:	0141                	addi	sp,sp,16
    56a0:	8082                	ret
    56a2:	6785                	lui	a5,0x1
    56a4:	8fd9                	or	a5,a5,a4
    56a6:	00f41623          	sh	a5,12(s0)
    56aa:	c828                	sw	a0,80(s0)
    56ac:	b7fd                	j	569a <__sseek+0x24>

000056ae <__sclose>:
    56ae:	00e59583          	lh	a1,14(a1)
    56b2:	26e0206f          	j	7920 <_close_r>

000056b6 <strcmp>:
    56b6:	00b56733          	or	a4,a0,a1
    56ba:	53fd                	li	t2,-1
    56bc:	8b0d                	andi	a4,a4,3
    56be:	e779                	bnez	a4,578c <strcmp+0xd6>
    56c0:	7f7f8e37          	lui	t3,0x7f7f8
    56c4:	f7fe0e13          	addi	t3,t3,-129 # 7f7f7f7f <_sp+0x7f7e8d8f>
    56c8:	4110                	lw	a2,0(a0)
    56ca:	4194                	lw	a3,0(a1)
    56cc:	01c672b3          	and	t0,a2,t3
    56d0:	01c66333          	or	t1,a2,t3
    56d4:	92f2                	add	t0,t0,t3
    56d6:	0062e2b3          	or	t0,t0,t1
    56da:	0c729763          	bne	t0,t2,57a8 <strcmp+0xf2>
    56de:	06d61863          	bne	a2,a3,574e <strcmp+0x98>
    56e2:	4150                	lw	a2,4(a0)
    56e4:	41d4                	lw	a3,4(a1)
    56e6:	01c672b3          	and	t0,a2,t3
    56ea:	01c66333          	or	t1,a2,t3
    56ee:	92f2                	add	t0,t0,t3
    56f0:	0062e2b3          	or	t0,t0,t1
    56f4:	0a729863          	bne	t0,t2,57a4 <strcmp+0xee>
    56f8:	04d61b63          	bne	a2,a3,574e <strcmp+0x98>
    56fc:	4510                	lw	a2,8(a0)
    56fe:	4594                	lw	a3,8(a1)
    5700:	01c672b3          	and	t0,a2,t3
    5704:	01c66333          	or	t1,a2,t3
    5708:	92f2                	add	t0,t0,t3
    570a:	0062e2b3          	or	t0,t0,t1
    570e:	0a729163          	bne	t0,t2,57b0 <strcmp+0xfa>
    5712:	02d61e63          	bne	a2,a3,574e <strcmp+0x98>
    5716:	4550                	lw	a2,12(a0)
    5718:	45d4                	lw	a3,12(a1)
    571a:	01c672b3          	and	t0,a2,t3
    571e:	01c66333          	or	t1,a2,t3
    5722:	92f2                	add	t0,t0,t3
    5724:	0062e2b3          	or	t0,t0,t1
    5728:	08729a63          	bne	t0,t2,57bc <strcmp+0x106>
    572c:	02d61163          	bne	a2,a3,574e <strcmp+0x98>
    5730:	4910                	lw	a2,16(a0)
    5732:	4994                	lw	a3,16(a1)
    5734:	01c672b3          	and	t0,a2,t3
    5738:	01c66333          	or	t1,a2,t3
    573c:	92f2                	add	t0,t0,t3
    573e:	0062e2b3          	or	t0,t0,t1
    5742:	08729363          	bne	t0,t2,57c8 <strcmp+0x112>
    5746:	0551                	addi	a0,a0,20
    5748:	05d1                	addi	a1,a1,20
    574a:	f6d60fe3          	beq	a2,a3,56c8 <strcmp+0x12>
    574e:	01061713          	slli	a4,a2,0x10
    5752:	01069793          	slli	a5,a3,0x10
    5756:	00f71c63          	bne	a4,a5,576e <strcmp+0xb8>
    575a:	01065713          	srli	a4,a2,0x10
    575e:	0106d793          	srli	a5,a3,0x10
    5762:	40f70533          	sub	a0,a4,a5
    5766:	0ff57593          	zext.b	a1,a0
    576a:	e991                	bnez	a1,577e <strcmp+0xc8>
    576c:	8082                	ret
    576e:	8341                	srli	a4,a4,0x10
    5770:	83c1                	srli	a5,a5,0x10
    5772:	40f70533          	sub	a0,a4,a5
    5776:	0ff57593          	zext.b	a1,a0
    577a:	e191                	bnez	a1,577e <strcmp+0xc8>
    577c:	8082                	ret
    577e:	0ff77713          	zext.b	a4,a4
    5782:	0ff7f793          	zext.b	a5,a5
    5786:	40f70533          	sub	a0,a4,a5
    578a:	8082                	ret
    578c:	00054603          	lbu	a2,0(a0)
    5790:	0005c683          	lbu	a3,0(a1)
    5794:	0505                	addi	a0,a0,1
    5796:	0585                	addi	a1,a1,1
    5798:	00d61363          	bne	a2,a3,579e <strcmp+0xe8>
    579c:	fa65                	bnez	a2,578c <strcmp+0xd6>
    579e:	40d60533          	sub	a0,a2,a3
    57a2:	8082                	ret
    57a4:	0511                	addi	a0,a0,4
    57a6:	0591                	addi	a1,a1,4
    57a8:	fed612e3          	bne	a2,a3,578c <strcmp+0xd6>
    57ac:	4501                	li	a0,0
    57ae:	8082                	ret
    57b0:	0521                	addi	a0,a0,8
    57b2:	05a1                	addi	a1,a1,8
    57b4:	fcd61ce3          	bne	a2,a3,578c <strcmp+0xd6>
    57b8:	4501                	li	a0,0
    57ba:	8082                	ret
    57bc:	0531                	addi	a0,a0,12
    57be:	05b1                	addi	a1,a1,12
    57c0:	fcd616e3          	bne	a2,a3,578c <strcmp+0xd6>
    57c4:	4501                	li	a0,0
    57c6:	8082                	ret
    57c8:	0541                	addi	a0,a0,16
    57ca:	05c1                	addi	a1,a1,16
    57cc:	fcd610e3          	bne	a2,a3,578c <strcmp+0xd6>
    57d0:	4501                	li	a0,0
    57d2:	8082                	ret

000057d4 <strcpy>:
    57d4:	87aa                	mv	a5,a0
    57d6:	0005c703          	lbu	a4,0(a1)
    57da:	0785                	addi	a5,a5,1
    57dc:	fee78fa3          	sb	a4,-1(a5) # fff <_vfprintf_r+0x875>
    57e0:	0585                	addi	a1,a1,1
    57e2:	fb75                	bnez	a4,57d6 <strcpy+0x2>
    57e4:	8082                	ret

000057e6 <strncpy>:
    57e6:	872a                	mv	a4,a0
    57e8:	e211                	bnez	a2,57ec <strncpy+0x6>
    57ea:	8082                	ret
    57ec:	0585                	addi	a1,a1,1
    57ee:	fff5c683          	lbu	a3,-1(a1)
    57f2:	00170793          	addi	a5,a4,1 # fffff001 <pulp__FC+0xfffff002>
    57f6:	fed78fa3          	sb	a3,-1(a5)
    57fa:	fff60813          	addi	a6,a2,-1
    57fe:	e689                	bnez	a3,5808 <strncpy+0x22>
    5800:	9732                	add	a4,a4,a2
    5802:	00e79663          	bne	a5,a4,580e <strncpy+0x28>
    5806:	8082                	ret
    5808:	873e                	mv	a4,a5
    580a:	8642                	mv	a2,a6
    580c:	bff1                	j	57e8 <strncpy+0x2>
    580e:	0785                	addi	a5,a5,1
    5810:	fe078fa3          	sb	zero,-1(a5)
    5814:	b7fd                	j	5802 <strncpy+0x1c>

00005816 <_svfprintf_r>:
    5816:	7105                	addi	sp,sp,-480
    5818:	1c112e23          	sw	ra,476(sp)
    581c:	1c912a23          	sw	s1,468(sp)
    5820:	1d212823          	sw	s2,464(sp)
    5824:	84b2                	mv	s1,a2
    5826:	1d312623          	sw	s3,460(sp)
    582a:	1d512223          	sw	s5,452(sp)
    582e:	89ae                	mv	s3,a1
    5830:	8ab6                	mv	s5,a3
    5832:	1c812c23          	sw	s0,472(sp)
    5836:	1d412423          	sw	s4,456(sp)
    583a:	1d612023          	sw	s6,448(sp)
    583e:	1b712e23          	sw	s7,444(sp)
    5842:	1b812c23          	sw	s8,440(sp)
    5846:	1b912a23          	sw	s9,436(sp)
    584a:	1ba12823          	sw	s10,432(sp)
    584e:	1bb12623          	sw	s11,428(sp)
    5852:	892a                	mv	s2,a0
    5854:	801fe0ef          	jal	ra,4054 <_localeconv_r>
    5858:	4108                	lw	a0,0(a0)
    585a:	c4aa                	sw	a0,72(sp)
    585c:	f1dfa0ef          	jal	ra,778 <strlen>
    5860:	dc2a                	sw	a0,56(sp)
    5862:	4641                	li	a2,16
    5864:	4581                	li	a1,0
    5866:	1188                	addi	a0,sp,224
    5868:	cdffa0ef          	jal	ra,546 <memset>
    586c:	00c9d783          	lhu	a5,12(s3)
    5870:	0807f793          	andi	a5,a5,128
    5874:	cb85                	beqz	a5,58a4 <_svfprintf_r+0x8e>
    5876:	0109a783          	lw	a5,16(s3)
    587a:	e78d                	bnez	a5,58a4 <_svfprintf_r+0x8e>
    587c:	04000593          	li	a1,64
    5880:	854a                	mv	a0,s2
    5882:	97dfe0ef          	jal	ra,41fe <_malloc_r>
    5886:	00a9a023          	sw	a0,0(s3)
    588a:	00a9a823          	sw	a0,16(s3)
    588e:	e519                	bnez	a0,589c <_svfprintf_r+0x86>
    5890:	47b1                	li	a5,12
    5892:	00f92023          	sw	a5,0(s2)
    5896:	55fd                	li	a1,-1
    5898:	de2e                	sw	a1,60(sp)
    589a:	a101                	j	5c9a <_svfprintf_r+0x484>
    589c:	04000793          	li	a5,64
    58a0:	00f9aa23          	sw	a5,20(s3)
    58a4:	0fc10893          	addi	a7,sp,252
    58a8:	cbc6                	sw	a7,212(sp)
    58aa:	cf82                	sw	zero,220(sp)
    58ac:	cd82                	sw	zero,216(sp)
    58ae:	4a01                	li	s4,0
    58b0:	cc82                	sw	zero,88(sp)
    58b2:	ca82                	sw	zero,84(sp)
    58b4:	d402                	sw	zero,40(sp)
    58b6:	c282                	sw	zero,68(sp)
    58b8:	c882                	sw	zero,80(sp)
    58ba:	de02                	sw	zero,60(sp)
    58bc:	8426                	mv	s0,s1
    58be:	02500713          	li	a4,37
    58c2:	00044783          	lbu	a5,0(s0)
    58c6:	c399                	beqz	a5,58cc <_svfprintf_r+0xb6>
    58c8:	08e79263          	bne	a5,a4,594c <_svfprintf_r+0x136>
    58cc:	40940b33          	sub	s6,s0,s1
    58d0:	020b0c63          	beqz	s6,5908 <_svfprintf_r+0xf2>
    58d4:	47fe                	lw	a5,220(sp)
    58d6:	0098a023          	sw	s1,0(a7)
    58da:	97da                	add	a5,a5,s6
    58dc:	cfbe                	sw	a5,220(sp)
    58de:	47ee                	lw	a5,216(sp)
    58e0:	0168a223          	sw	s6,4(a7)
    58e4:	0785                	addi	a5,a5,1
    58e6:	cdbe                	sw	a5,216(sp)
    58e8:	471d                	li	a4,7
    58ea:	08a1                	addi	a7,a7,8
    58ec:	00f75b63          	bge	a4,a5,5902 <_svfprintf_r+0xec>
    58f0:	09d0                	addi	a2,sp,212
    58f2:	85ce                	mv	a1,s3
    58f4:	854a                	mv	a0,s2
    58f6:	2aa020ef          	jal	ra,7ba0 <__ssprint_r>
    58fa:	38051a63          	bnez	a0,5c8e <_svfprintf_r+0x478>
    58fe:	0fc10893          	addi	a7,sp,252
    5902:	5672                	lw	a2,60(sp)
    5904:	965a                	add	a2,a2,s6
    5906:	de32                	sw	a2,60(sp)
    5908:	00044783          	lbu	a5,0(s0)
    590c:	e399                	bnez	a5,5912 <_svfprintf_r+0xfc>
    590e:	5140106f          	j	6e22 <_svfprintf_r+0x160c>
    5912:	0405                	addi	s0,s0,1
    5914:	d822                	sw	s0,48(sp)
    5916:	0a010ba3          	sb	zero,183(sp)
    591a:	5b7d                	li	s6,-1
    591c:	c082                	sw	zero,64(sp)
    591e:	4401                	li	s0,0
    5920:	4c29                	li	s8,10
    5922:	02a00b93          	li	s7,42
    5926:	05a00613          	li	a2,90
    592a:	4725                	li	a4,9
    592c:	56c2                	lw	a3,48(sp)
    592e:	0006cd03          	lbu	s10,0(a3)
    5932:	0685                	addi	a3,a3,1
    5934:	d836                	sw	a3,48(sp)
    5936:	fe0d0793          	addi	a5,s10,-32 # fe0 <_vfprintf_r+0x856>
    593a:	56f661e3          	bltu	a2,a5,669c <_svfprintf_r+0xe86>
    593e:	65b1                	lui	a1,0xc
    5940:	078a                	slli	a5,a5,0x2
    5942:	05058593          	addi	a1,a1,80 # c050 <__mprec_bigtens+0x28>
    5946:	97ae                	add	a5,a5,a1
    5948:	439c                	lw	a5,0(a5)
    594a:	8782                	jr	a5
    594c:	0405                	addi	s0,s0,1
    594e:	bf95                	j	58c2 <_svfprintf_r+0xac>
    5950:	0000c7b7          	lui	a5,0xc
    5954:	c8478793          	addi	a5,a5,-892 # bc84 <zeroes.4384+0x68>
    5958:	ccbe                	sw	a5,88(sp)
    595a:	02047793          	andi	a5,s0,32
    595e:	3e0783e3          	beqz	a5,6544 <_svfprintf_r+0xd2e>
    5962:	0a9d                	addi	s5,s5,7
    5964:	ff8afa93          	andi	s5,s5,-8
    5968:	008a8793          	addi	a5,s5,8
    596c:	000aac03          	lw	s8,0(s5)
    5970:	004aac83          	lw	s9,4(s5)
    5974:	d63e                	sw	a5,44(sp)
    5976:	00147793          	andi	a5,s0,1
    597a:	cf89                	beqz	a5,5994 <_svfprintf_r+0x17e>
    597c:	019c67b3          	or	a5,s8,s9
    5980:	cb91                	beqz	a5,5994 <_svfprintf_r+0x17e>
    5982:	03000793          	li	a5,48
    5986:	0af10c23          	sb	a5,184(sp)
    598a:	87ea                	mv	a5,s10
    598c:	0af10ca3          	sb	a5,185(sp)
    5990:	00246413          	ori	s0,s0,2
    5994:	bff47413          	andi	s0,s0,-1025
    5998:	4789                	li	a5,2
    599a:	0d10006f          	j	626a <_svfprintf_r+0xa54>
    599e:	854a                	mv	a0,s2
    59a0:	c246                	sw	a7,4(sp)
    59a2:	eb2fe0ef          	jal	ra,4054 <_localeconv_r>
    59a6:	4148                	lw	a0,4(a0)
    59a8:	c8aa                	sw	a0,80(sp)
    59aa:	dcffa0ef          	jal	ra,778 <strlen>
    59ae:	c2aa                	sw	a0,68(sp)
    59b0:	854a                	mv	a0,s2
    59b2:	ea2fe0ef          	jal	ra,4054 <_localeconv_r>
    59b6:	4508                	lw	a0,8(a0)
    59b8:	4616                	lw	a2,68(sp)
    59ba:	d42a                	sw	a0,40(sp)
    59bc:	4892                	lw	a7,4(sp)
    59be:	d625                	beqz	a2,5926 <_svfprintf_r+0x110>
    59c0:	d13d                	beqz	a0,5926 <_svfprintf_r+0x110>
    59c2:	00054783          	lbu	a5,0(a0)
    59c6:	d3a5                	beqz	a5,5926 <_svfprintf_r+0x110>
    59c8:	40046413          	ori	s0,s0,1024
    59cc:	bfa9                	j	5926 <_svfprintf_r+0x110>
    59ce:	0b714783          	lbu	a5,183(sp)
    59d2:	fbb1                	bnez	a5,5926 <_svfprintf_r+0x110>
    59d4:	02000793          	li	a5,32
    59d8:	0af10ba3          	sb	a5,183(sp)
    59dc:	b7a9                	j	5926 <_svfprintf_r+0x110>
    59de:	00146413          	ori	s0,s0,1
    59e2:	b791                	j	5926 <_svfprintf_r+0x110>
    59e4:	000aa683          	lw	a3,0(s5)
    59e8:	0a91                	addi	s5,s5,4
    59ea:	c0b6                	sw	a3,64(sp)
    59ec:	f206dde3          	bgez	a3,5926 <_svfprintf_r+0x110>
    59f0:	40d006b3          	neg	a3,a3
    59f4:	c0b6                	sw	a3,64(sp)
    59f6:	00446413          	ori	s0,s0,4
    59fa:	b735                	j	5926 <_svfprintf_r+0x110>
    59fc:	02b00793          	li	a5,43
    5a00:	bfe1                	j	59d8 <_svfprintf_r+0x1c2>
    5a02:	55c2                	lw	a1,48(sp)
    5a04:	0005cd03          	lbu	s10,0(a1)
    5a08:	00158793          	addi	a5,a1,1
    5a0c:	037d1963          	bne	s10,s7,5a3e <_svfprintf_r+0x228>
    5a10:	000aab03          	lw	s6,0(s5)
    5a14:	004a8713          	addi	a4,s5,4
    5a18:	000b5363          	bgez	s6,5a1e <_svfprintf_r+0x208>
    5a1c:	5b7d                	li	s6,-1
    5a1e:	8aba                	mv	s5,a4
    5a20:	d83e                	sw	a5,48(sp)
    5a22:	b711                	j	5926 <_svfprintf_r+0x110>
    5a24:	0785                	addi	a5,a5,1
    5a26:	038b0333          	mul	t1,s6,s8
    5a2a:	fff7cd03          	lbu	s10,-1(a5)
    5a2e:	00d30b33          	add	s6,t1,a3
    5a32:	fd0d0693          	addi	a3,s10,-48
    5a36:	fed777e3          	bgeu	a4,a3,5a24 <_svfprintf_r+0x20e>
    5a3a:	d83e                	sw	a5,48(sp)
    5a3c:	bded                	j	5936 <_svfprintf_r+0x120>
    5a3e:	4b01                	li	s6,0
    5a40:	bfcd                	j	5a32 <_svfprintf_r+0x21c>
    5a42:	08046413          	ori	s0,s0,128
    5a46:	b5c5                	j	5926 <_svfprintf_r+0x110>
    5a48:	57c2                	lw	a5,48(sp)
    5a4a:	c082                	sw	zero,64(sp)
    5a4c:	4586                	lw	a1,64(sp)
    5a4e:	fd0d0d13          	addi	s10,s10,-48
    5a52:	038586b3          	mul	a3,a1,s8
    5a56:	9d36                	add	s10,s10,a3
    5a58:	0785                	addi	a5,a5,1
    5a5a:	c0ea                	sw	s10,64(sp)
    5a5c:	fff7cd03          	lbu	s10,-1(a5)
    5a60:	fd0d0693          	addi	a3,s10,-48
    5a64:	fed774e3          	bgeu	a4,a3,5a4c <_svfprintf_r+0x236>
    5a68:	bfc9                	j	5a3a <_svfprintf_r+0x224>
    5a6a:	00846413          	ori	s0,s0,8
    5a6e:	bd65                	j	5926 <_svfprintf_r+0x110>
    5a70:	5642                	lw	a2,48(sp)
    5a72:	06800793          	li	a5,104
    5a76:	00064703          	lbu	a4,0(a2)
    5a7a:	00f71763          	bne	a4,a5,5a88 <_svfprintf_r+0x272>
    5a7e:	0605                	addi	a2,a2,1
    5a80:	d832                	sw	a2,48(sp)
    5a82:	20046413          	ori	s0,s0,512
    5a86:	b545                	j	5926 <_svfprintf_r+0x110>
    5a88:	04046413          	ori	s0,s0,64
    5a8c:	bd69                	j	5926 <_svfprintf_r+0x110>
    5a8e:	56c2                	lw	a3,48(sp)
    5a90:	06c00793          	li	a5,108
    5a94:	0006c703          	lbu	a4,0(a3)
    5a98:	00f71763          	bne	a4,a5,5aa6 <_svfprintf_r+0x290>
    5a9c:	0685                	addi	a3,a3,1
    5a9e:	d836                	sw	a3,48(sp)
    5aa0:	02046413          	ori	s0,s0,32
    5aa4:	b549                	j	5926 <_svfprintf_r+0x110>
    5aa6:	01046413          	ori	s0,s0,16
    5aaa:	bdb5                	j	5926 <_svfprintf_r+0x110>
    5aac:	000aa783          	lw	a5,0(s5)
    5ab0:	004a8713          	addi	a4,s5,4
    5ab4:	d63a                	sw	a4,44(sp)
    5ab6:	12f10e23          	sb	a5,316(sp)
    5aba:	0a010ba3          	sb	zero,183(sp)
    5abe:	d202                	sw	zero,36(sp)
    5ac0:	4b05                	li	s6,1
    5ac2:	4a81                	li	s5,0
    5ac4:	4c01                	li	s8,0
    5ac6:	4b81                	li	s7,0
    5ac8:	4c81                	li	s9,0
    5aca:	1a64                	addi	s1,sp,316
    5acc:	0610006f          	j	632c <_svfprintf_r+0xb16>
    5ad0:	01046413          	ori	s0,s0,16
    5ad4:	02047793          	andi	a5,s0,32
    5ad8:	cba9                	beqz	a5,5b2a <_svfprintf_r+0x314>
    5ada:	0a9d                	addi	s5,s5,7
    5adc:	ff8afa93          	andi	s5,s5,-8
    5ae0:	008a8793          	addi	a5,s5,8
    5ae4:	000aac03          	lw	s8,0(s5)
    5ae8:	004aac83          	lw	s9,4(s5)
    5aec:	d63e                	sw	a5,44(sp)
    5aee:	000cde63          	bgez	s9,5b0a <_svfprintf_r+0x2f4>
    5af2:	41800c33          	neg	s8,s8
    5af6:	018037b3          	snez	a5,s8
    5afa:	41900cb3          	neg	s9,s9
    5afe:	40fc8cb3          	sub	s9,s9,a5
    5b02:	02d00793          	li	a5,45
    5b06:	0af10ba3          	sb	a5,183(sp)
    5b0a:	57fd                	li	a5,-1
    5b0c:	26fb13e3          	bne	s6,a5,6572 <_svfprintf_r+0xd5c>
    5b10:	2c0c94e3          	bnez	s9,65d8 <_svfprintf_r+0xdc2>
    5b14:	47a5                	li	a5,9
    5b16:	2d87e1e3          	bltu	a5,s8,65d8 <_svfprintf_r+0xdc2>
    5b1a:	030c0c13          	addi	s8,s8,48
    5b1e:	19810fa3          	sb	s8,415(sp)
    5b22:	19f10493          	addi	s1,sp,415
    5b26:	29d0006f          	j	65c2 <_svfprintf_r+0xdac>
    5b2a:	004a8593          	addi	a1,s5,4
    5b2e:	d62e                	sw	a1,44(sp)
    5b30:	01047793          	andi	a5,s0,16
    5b34:	c791                	beqz	a5,5b40 <_svfprintf_r+0x32a>
    5b36:	000aac03          	lw	s8,0(s5)
    5b3a:	41fc5c93          	srai	s9,s8,0x1f
    5b3e:	bf45                	j	5aee <_svfprintf_r+0x2d8>
    5b40:	04047793          	andi	a5,s0,64
    5b44:	000aac03          	lw	s8,0(s5)
    5b48:	c789                	beqz	a5,5b52 <_svfprintf_r+0x33c>
    5b4a:	0c42                	slli	s8,s8,0x10
    5b4c:	410c5c13          	srai	s8,s8,0x10
    5b50:	b7ed                	j	5b3a <_svfprintf_r+0x324>
    5b52:	20047793          	andi	a5,s0,512
    5b56:	d3f5                	beqz	a5,5b3a <_svfprintf_r+0x324>
    5b58:	0c62                	slli	s8,s8,0x18
    5b5a:	418c5c13          	srai	s8,s8,0x18
    5b5e:	bff1                	j	5b3a <_svfprintf_r+0x324>
    5b60:	00847793          	andi	a5,s0,8
    5b64:	cfad                	beqz	a5,5bde <_svfprintf_r+0x3c8>
    5b66:	000aa783          	lw	a5,0(s5)
    5b6a:	004a8613          	addi	a2,s5,4
    5b6e:	43d4                	lw	a3,4(a5)
    5b70:	4798                	lw	a4,8(a5)
    5b72:	d632                	sw	a2,44(sp)
    5b74:	4390                	lw	a2,0(a5)
    5b76:	47dc                	lw	a5,12(a5)
    5b78:	d1b2                	sw	a2,224(sp)
    5b7a:	d3b6                	sw	a3,228(sp)
    5b7c:	d5ba                	sw	a4,232(sp)
    5b7e:	d7be                	sw	a5,236(sp)
    5b80:	1188                	addi	a0,sp,224
    5b82:	c246                	sw	a7,4(sp)
    5b84:	c8cfe0ef          	jal	ra,4010 <_ldcheck>
    5b88:	df2a                	sw	a0,188(sp)
    5b8a:	4789                	li	a5,2
    5b8c:	4892                	lw	a7,4(sp)
    5b8e:	08f51563          	bne	a0,a5,5c18 <_svfprintf_r+0x402>
    5b92:	578e                	lw	a5,224(sp)
    5b94:	090c                	addi	a1,sp,144
    5b96:	d13e                	sw	a5,160(sp)
    5b98:	579e                	lw	a5,228(sp)
    5b9a:	1108                	addi	a0,sp,160
    5b9c:	d33e                	sw	a5,164(sp)
    5b9e:	57ae                	lw	a5,232(sp)
    5ba0:	c902                	sw	zero,144(sp)
    5ba2:	d53e                	sw	a5,168(sp)
    5ba4:	57be                	lw	a5,236(sp)
    5ba6:	cb02                	sw	zero,148(sp)
    5ba8:	d73e                	sw	a5,172(sp)
    5baa:	cd02                	sw	zero,152(sp)
    5bac:	cf02                	sw	zero,156(sp)
    5bae:	4c1030ef          	jal	ra,986e <__letf2>
    5bb2:	4892                	lw	a7,4(sp)
    5bb4:	00055663          	bgez	a0,5bc0 <_svfprintf_r+0x3aa>
    5bb8:	02d00793          	li	a5,45
    5bbc:	0af10ba3          	sb	a5,183(sp)
    5bc0:	04700793          	li	a5,71
    5bc4:	05a7c563          	blt	a5,s10,5c0e <_svfprintf_r+0x3f8>
    5bc8:	0000c4b7          	lui	s1,0xc
    5bcc:	c6048493          	addi	s1,s1,-928 # bc60 <zeroes.4384+0x44>
    5bd0:	f7f47413          	andi	s0,s0,-129
    5bd4:	d202                	sw	zero,36(sp)
    5bd6:	4b0d                	li	s6,3
    5bd8:	4a81                	li	s5,0
    5bda:	1f30006f          	j	65cc <_svfprintf_r+0xdb6>
    5bde:	0a9d                	addi	s5,s5,7
    5be0:	ff8afa93          	andi	s5,s5,-8
    5be4:	000aa583          	lw	a1,0(s5)
    5be8:	004aa603          	lw	a2,4(s5)
    5bec:	008a8693          	addi	a3,s5,8
    5bf0:	1108                	addi	a0,sp,160
    5bf2:	c246                	sw	a7,4(sp)
    5bf4:	d636                	sw	a3,44(sp)
    5bf6:	1db050ef          	jal	ra,b5d0 <__extenddftf2>
    5bfa:	578a                	lw	a5,160(sp)
    5bfc:	4892                	lw	a7,4(sp)
    5bfe:	d1be                	sw	a5,224(sp)
    5c00:	579a                	lw	a5,164(sp)
    5c02:	d3be                	sw	a5,228(sp)
    5c04:	57aa                	lw	a5,168(sp)
    5c06:	d5be                	sw	a5,232(sp)
    5c08:	57ba                	lw	a5,172(sp)
    5c0a:	d7be                	sw	a5,236(sp)
    5c0c:	bf95                	j	5b80 <_svfprintf_r+0x36a>
    5c0e:	0000c4b7          	lui	s1,0xc
    5c12:	c6448493          	addi	s1,s1,-924 # bc64 <zeroes.4384+0x48>
    5c16:	bf6d                	j	5bd0 <_svfprintf_r+0x3ba>
    5c18:	4785                	li	a5,1
    5c1a:	02f51063          	bne	a0,a5,5c3a <_svfprintf_r+0x424>
    5c1e:	04700793          	li	a5,71
    5c22:	01a7c763          	blt	a5,s10,5c30 <_svfprintf_r+0x41a>
    5c26:	0000c4b7          	lui	s1,0xc
    5c2a:	c6848493          	addi	s1,s1,-920 # bc68 <zeroes.4384+0x4c>
    5c2e:	b74d                	j	5bd0 <_svfprintf_r+0x3ba>
    5c30:	0000c4b7          	lui	s1,0xc
    5c34:	c6c48493          	addi	s1,s1,-916 # bc6c <zeroes.4384+0x50>
    5c38:	bf61                	j	5bd0 <_svfprintf_r+0x3ba>
    5c3a:	fdfd7b93          	andi	s7,s10,-33
    5c3e:	04100793          	li	a5,65
    5c42:	08fb9963          	bne	s7,a5,5cd4 <_svfprintf_r+0x4be>
    5c46:	03000793          	li	a5,48
    5c4a:	0af10c23          	sb	a5,184(sp)
    5c4e:	06100713          	li	a4,97
    5c52:	05800793          	li	a5,88
    5c56:	00ed1463          	bne	s10,a4,5c5e <_svfprintf_r+0x448>
    5c5a:	07800793          	li	a5,120
    5c5e:	0af10ca3          	sb	a5,185(sp)
    5c62:	06300793          	li	a5,99
    5c66:	00246413          	ori	s0,s0,2
    5c6a:	3967d563          	bge	a5,s6,5ff4 <_svfprintf_r+0x7de>
    5c6e:	001b0593          	addi	a1,s6,1
    5c72:	854a                	mv	a0,s2
    5c74:	c246                	sw	a7,4(sp)
    5c76:	d88fe0ef          	jal	ra,41fe <_malloc_r>
    5c7a:	84aa                	mv	s1,a0
    5c7c:	4892                	lw	a7,4(sp)
    5c7e:	36051e63          	bnez	a0,5ffa <_svfprintf_r+0x7e4>
    5c82:	00c9d783          	lhu	a5,12(s3)
    5c86:	0407e793          	ori	a5,a5,64
    5c8a:	00f99623          	sh	a5,12(s3)
    5c8e:	00c9d783          	lhu	a5,12(s3)
    5c92:	0407f793          	andi	a5,a5,64
    5c96:	c00790e3          	bnez	a5,5896 <_svfprintf_r+0x80>
    5c9a:	1dc12083          	lw	ra,476(sp)
    5c9e:	1d812403          	lw	s0,472(sp)
    5ca2:	5572                	lw	a0,60(sp)
    5ca4:	1d412483          	lw	s1,468(sp)
    5ca8:	1d012903          	lw	s2,464(sp)
    5cac:	1cc12983          	lw	s3,460(sp)
    5cb0:	1c812a03          	lw	s4,456(sp)
    5cb4:	1c412a83          	lw	s5,452(sp)
    5cb8:	1c012b03          	lw	s6,448(sp)
    5cbc:	1bc12b83          	lw	s7,444(sp)
    5cc0:	1b812c03          	lw	s8,440(sp)
    5cc4:	1b412c83          	lw	s9,436(sp)
    5cc8:	1b012d03          	lw	s10,432(sp)
    5ccc:	1ac12d83          	lw	s11,428(sp)
    5cd0:	613d                	addi	sp,sp,480
    5cd2:	8082                	ret
    5cd4:	57fd                	li	a5,-1
    5cd6:	32fb0463          	beq	s6,a5,5ffe <_svfprintf_r+0x7e8>
    5cda:	04700793          	li	a5,71
    5cde:	d202                	sw	zero,36(sp)
    5ce0:	00fb9463          	bne	s7,a5,5ce8 <_svfprintf_r+0x4d2>
    5ce4:	320b0063          	beqz	s6,6004 <_svfprintf_r+0x7ee>
    5ce8:	10046713          	ori	a4,s0,256
    5cec:	5abe                	lw	s5,236(sp)
    5cee:	da3a                	sw	a4,52(sp)
    5cf0:	c682                	sw	zero,76(sp)
    5cf2:	5e0e                	lw	t3,224(sp)
    5cf4:	5d9e                	lw	s11,228(sp)
    5cf6:	5cae                	lw	s9,232(sp)
    5cf8:	000ad963          	bgez	s5,5d0a <_svfprintf_r+0x4f4>
    5cfc:	800007b7          	lui	a5,0x80000
    5d00:	0157cab3          	xor	s5,a5,s5
    5d04:	02d00793          	li	a5,45
    5d08:	c6be                	sw	a5,76(sp)
    5d0a:	04100793          	li	a5,65
    5d0e:	32fb9863          	bne	s7,a5,603e <_svfprintf_r+0x828>
    5d12:	1108                	addi	a0,sp,160
    5d14:	c246                	sw	a7,4(sp)
    5d16:	d172                	sw	t3,160(sp)
    5d18:	d36e                	sw	s11,164(sp)
    5d1a:	d566                	sw	s9,168(sp)
    5d1c:	d756                	sw	s5,172(sp)
    5d1e:	21d050ef          	jal	ra,b73a <__trunctfdf2>
    5d22:	1970                	addi	a2,sp,188
    5d24:	fd0ff0ef          	jal	ra,54f4 <frexp>
    5d28:	862e                	mv	a2,a1
    5d2a:	85aa                	mv	a1,a0
    5d2c:	1108                	addi	a0,sp,160
    5d2e:	0a3050ef          	jal	ra,b5d0 <__extenddftf2>
    5d32:	558a                	lw	a1,160(sp)
    5d34:	0000c7b7          	lui	a5,0xc
    5d38:	c12e                	sw	a1,128(sp)
    5d3a:	559a                	lw	a1,164(sp)
    5d3c:	c3078793          	addi	a5,a5,-976 # bc30 <zeroes.4384+0x14>
    5d40:	c32e                	sw	a1,132(sp)
    5d42:	55aa                	lw	a1,168(sp)
    5d44:	4390                	lw	a2,0(a5)
    5d46:	c52e                	sw	a1,136(sp)
    5d48:	55ba                	lw	a1,172(sp)
    5d4a:	43d4                	lw	a3,4(a5)
    5d4c:	4798                	lw	a4,8(a5)
    5d4e:	47dc                	lw	a5,12(a5)
    5d50:	c72e                	sw	a1,140(sp)
    5d52:	d8b2                	sw	a2,112(sp)
    5d54:	010c                	addi	a1,sp,128
    5d56:	1890                	addi	a2,sp,112
    5d58:	0908                	addi	a0,sp,144
    5d5a:	dab6                	sw	a3,116(sp)
    5d5c:	dcba                	sw	a4,120(sp)
    5d5e:	debe                	sw	a5,124(sp)
    5d60:	421030ef          	jal	ra,9980 <__multf3>
    5d64:	43ca                	lw	t2,144(sp)
    5d66:	485a                	lw	a6,148(sp)
    5d68:	4dea                	lw	s11,152(sp)
    5d6a:	4cfa                	lw	s9,156(sp)
    5d6c:	090c                	addi	a1,sp,144
    5d6e:	1108                	addi	a0,sp,160
    5d70:	d11e                	sw	t2,160(sp)
    5d72:	d342                	sw	a6,164(sp)
    5d74:	d01e                	sw	t2,32(sp)
    5d76:	cc42                	sw	a6,24(sp)
    5d78:	d56e                	sw	s11,168(sp)
    5d7a:	d766                	sw	s9,172(sp)
    5d7c:	c902                	sw	zero,144(sp)
    5d7e:	cb02                	sw	zero,148(sp)
    5d80:	cd02                	sw	zero,152(sp)
    5d82:	cf02                	sw	zero,156(sp)
    5d84:	133030ef          	jal	ra,96b6 <__eqtf2>
    5d88:	5382                	lw	t2,32(sp)
    5d8a:	4862                	lw	a6,24(sp)
    5d8c:	4892                	lw	a7,4(sp)
    5d8e:	e119                	bnez	a0,5d94 <_svfprintf_r+0x57e>
    5d90:	4785                	li	a5,1
    5d92:	df3e                	sw	a5,188(sp)
    5d94:	06100793          	li	a5,97
    5d98:	26fd1963          	bne	s10,a5,600a <_svfprintf_r+0x7f4>
    5d9c:	0000ca37          	lui	s4,0xc
    5da0:	c70a0a13          	addi	s4,s4,-912 # bc70 <zeroes.4384+0x54>
    5da4:	0000c737          	lui	a4,0xc
    5da8:	c4070713          	addi	a4,a4,-960 # bc40 <zeroes.4384+0x24>
    5dac:	4314                	lw	a3,0(a4)
    5dae:	435c                	lw	a5,4(a4)
    5db0:	d0b6                	sw	a3,96(sp)
    5db2:	4714                	lw	a3,8(a4)
    5db4:	4758                	lw	a4,12(a4)
    5db6:	fffb0e13          	addi	t3,s6,-1
    5dba:	8c26                	mv	s8,s1
    5dbc:	d2be                	sw	a5,100(sp)
    5dbe:	d4b6                	sw	a3,104(sp)
    5dc0:	d6ba                	sw	a4,108(sp)
    5dc2:	5706                	lw	a4,96(sp)
    5dc4:	5796                	lw	a5,100(sp)
    5dc6:	56a6                	lw	a3,104(sp)
    5dc8:	c13a                	sw	a4,128(sp)
    5dca:	5736                	lw	a4,108(sp)
    5dcc:	090c                	addi	a1,sp,144
    5dce:	0110                	addi	a2,sp,128
    5dd0:	1108                	addi	a0,sp,160
    5dd2:	c246                	sw	a7,4(sp)
    5dd4:	c472                	sw	t3,8(sp)
    5dd6:	c91e                	sw	t2,144(sp)
    5dd8:	cb42                	sw	a6,148(sp)
    5dda:	c33e                	sw	a5,132(sp)
    5ddc:	c73a                	sw	a4,140(sp)
    5dde:	cd6e                	sw	s11,152(sp)
    5de0:	cf66                	sw	s9,156(sp)
    5de2:	c536                	sw	a3,136(sp)
    5de4:	39d030ef          	jal	ra,9980 <__multf3>
    5de8:	560a                	lw	a2,160(sp)
    5dea:	569a                	lw	a3,164(sp)
    5dec:	1108                	addi	a0,sp,160
    5dee:	d032                	sw	a2,32(sp)
    5df0:	cc36                	sw	a3,24(sp)
    5df2:	5fa050ef          	jal	ra,b3ec <__fixtfsi>
    5df6:	85aa                	mv	a1,a0
    5df8:	8aaa                	mv	s5,a0
    5dfa:	1108                	addi	a0,sp,160
    5dfc:	5daa                	lw	s11,168(sp)
    5dfe:	5cba                	lw	s9,172(sp)
    5e00:	6e2050ef          	jal	ra,b4e2 <__floatsitf>
    5e04:	570a                	lw	a4,160(sp)
    5e06:	5602                	lw	a2,32(sp)
    5e08:	d8ba                	sw	a4,112(sp)
    5e0a:	571a                	lw	a4,164(sp)
    5e0c:	46e2                	lw	a3,24(sp)
    5e0e:	daba                	sw	a4,116(sp)
    5e10:	572a                	lw	a4,168(sp)
    5e12:	c132                	sw	a2,128(sp)
    5e14:	dcba                	sw	a4,120(sp)
    5e16:	573a                	lw	a4,172(sp)
    5e18:	1890                	addi	a2,sp,112
    5e1a:	010c                	addi	a1,sp,128
    5e1c:	0908                	addi	a0,sp,144
    5e1e:	c56e                	sw	s11,136(sp)
    5e20:	c766                	sw	s9,140(sp)
    5e22:	deba                	sw	a4,124(sp)
    5e24:	c336                	sw	a3,132(sp)
    5e26:	72e040ef          	jal	ra,a554 <__subtf3>
    5e2a:	015a0733          	add	a4,s4,s5
    5e2e:	00074703          	lbu	a4,0(a4)
    5e32:	0c05                	addi	s8,s8,1
    5e34:	4f6a                	lw	t5,152(sp)
    5e36:	4efa                	lw	t4,156(sp)
    5e38:	42ca                	lw	t0,144(sp)
    5e3a:	4fda                	lw	t6,148(sp)
    5e3c:	feec0fa3          	sb	a4,-1(s8)
    5e40:	4e22                	lw	t3,8(sp)
    5e42:	577d                	li	a4,-1
    5e44:	cef2                	sw	t3,92(sp)
    5e46:	8dfa                	mv	s11,t5
    5e48:	8cf6                	mv	s9,t4
    5e4a:	4892                	lw	a7,4(sp)
    5e4c:	02ee0f63          	beq	t3,a4,5e8a <_svfprintf_r+0x674>
    5e50:	1e7d                	addi	t3,t3,-1
    5e52:	090c                	addi	a1,sp,144
    5e54:	1108                	addi	a0,sp,160
    5e56:	d116                	sw	t0,160(sp)
    5e58:	d37e                	sw	t6,164(sp)
    5e5a:	d57a                	sw	t5,168(sp)
    5e5c:	d776                	sw	t4,172(sp)
    5e5e:	ce16                	sw	t0,28(sp)
    5e60:	d016                	sw	t0,32(sp)
    5e62:	cc7e                	sw	t6,24(sp)
    5e64:	c472                	sw	t3,8(sp)
    5e66:	c676                	sw	t4,12(sp)
    5e68:	c87a                	sw	t5,16(sp)
    5e6a:	ca7e                	sw	t6,20(sp)
    5e6c:	c902                	sw	zero,144(sp)
    5e6e:	cb02                	sw	zero,148(sp)
    5e70:	cd02                	sw	zero,152(sp)
    5e72:	cf02                	sw	zero,156(sp)
    5e74:	043030ef          	jal	ra,96b6 <__eqtf2>
    5e78:	42f2                	lw	t0,28(sp)
    5e7a:	5382                	lw	t2,32(sp)
    5e7c:	4862                	lw	a6,24(sp)
    5e7e:	4892                	lw	a7,4(sp)
    5e80:	4e22                	lw	t3,8(sp)
    5e82:	4eb2                	lw	t4,12(sp)
    5e84:	4f42                	lw	t5,16(sp)
    5e86:	4fd2                	lw	t6,20(sp)
    5e88:	fd0d                	bnez	a0,5dc2 <_svfprintf_r+0x5ac>
    5e8a:	0000c737          	lui	a4,0xc
    5e8e:	c5070713          	addi	a4,a4,-944 # bc50 <zeroes.4384+0x34>
    5e92:	4310                	lw	a2,0(a4)
    5e94:	4354                	lw	a3,4(a4)
    5e96:	00872d83          	lw	s11,8(a4)
    5e9a:	00c72c83          	lw	s9,12(a4)
    5e9e:	090c                	addi	a1,sp,144
    5ea0:	1108                	addi	a0,sp,160
    5ea2:	d116                	sw	t0,160(sp)
    5ea4:	d37e                	sw	t6,164(sp)
    5ea6:	d57a                	sw	t5,168(sp)
    5ea8:	d776                	sw	t4,172(sp)
    5eaa:	c932                	sw	a2,144(sp)
    5eac:	cb36                	sw	a3,148(sp)
    5eae:	ce16                	sw	t0,28(sp)
    5eb0:	d032                	sw	a2,32(sp)
    5eb2:	cc36                	sw	a3,24(sp)
    5eb4:	c246                	sw	a7,4(sp)
    5eb6:	c676                	sw	t4,12(sp)
    5eb8:	c87a                	sw	t5,16(sp)
    5eba:	ca7e                	sw	t6,20(sp)
    5ebc:	cd6e                	sw	s11,152(sp)
    5ebe:	cf66                	sw	s9,156(sp)
    5ec0:	09d030ef          	jal	ra,975c <__getf2>
    5ec4:	42f2                	lw	t0,28(sp)
    5ec6:	5602                	lw	a2,32(sp)
    5ec8:	46e2                	lw	a3,24(sp)
    5eca:	4892                	lw	a7,4(sp)
    5ecc:	4eb2                	lw	t4,12(sp)
    5ece:	4f42                	lw	t5,16(sp)
    5ed0:	4fd2                	lw	t6,20(sp)
    5ed2:	02a04563          	bgtz	a0,5efc <_svfprintf_r+0x6e6>
    5ed6:	090c                	addi	a1,sp,144
    5ed8:	1108                	addi	a0,sp,160
    5eda:	d116                	sw	t0,160(sp)
    5edc:	d37e                	sw	t6,164(sp)
    5ede:	d57a                	sw	t5,168(sp)
    5ee0:	d776                	sw	t4,172(sp)
    5ee2:	c932                	sw	a2,144(sp)
    5ee4:	cb36                	sw	a3,148(sp)
    5ee6:	cd6e                	sw	s11,152(sp)
    5ee8:	cf66                	sw	s9,156(sp)
    5eea:	7cc030ef          	jal	ra,96b6 <__eqtf2>
    5eee:	4892                	lw	a7,4(sp)
    5ef0:	14051163          	bnez	a0,6032 <_svfprintf_r+0x81c>
    5ef4:	001afa93          	andi	s5,s5,1
    5ef8:	120a8d63          	beqz	s5,6032 <_svfprintf_r+0x81c>
    5efc:	00fa4603          	lbu	a2,15(s4)
    5f00:	c7e2                	sw	s8,204(sp)
    5f02:	03000593          	li	a1,48
    5f06:	46be                	lw	a3,204(sp)
    5f08:	fff68713          	addi	a4,a3,-1
    5f0c:	c7ba                	sw	a4,204(sp)
    5f0e:	fff6c703          	lbu	a4,-1(a3)
    5f12:	10c70163          	beq	a4,a2,6014 <_svfprintf_r+0x7fe>
    5f16:	03900613          	li	a2,57
    5f1a:	10c71063          	bne	a4,a2,601a <_svfprintf_r+0x804>
    5f1e:	00aa4703          	lbu	a4,10(s4)
    5f22:	fee68fa3          	sb	a4,-1(a3)
    5f26:	8a62                	mv	s4,s8
    5f28:	04700713          	li	a4,71
    5f2c:	409a0a33          	sub	s4,s4,s1
    5f30:	5cfa                	lw	s9,188(sp)
    5f32:	1ceb9e63          	bne	s7,a4,610e <_svfprintf_r+0x8f8>
    5f36:	5775                	li	a4,-3
    5f38:	00ecc463          	blt	s9,a4,5f40 <_svfprintf_r+0x72a>
    5f3c:	239b5d63          	bge	s6,s9,6176 <_svfprintf_r+0x960>
    5f40:	1d79                	addi	s10,s10,-2
    5f42:	fffc8693          	addi	a3,s9,-1
    5f46:	df36                	sw	a3,188(sp)
    5f48:	fdfd7613          	andi	a2,s10,-33
    5f4c:	04100513          	li	a0,65
    5f50:	0ffd7713          	zext.b	a4,s10
    5f54:	4581                	li	a1,0
    5f56:	00a61663          	bne	a2,a0,5f62 <_svfprintf_r+0x74c>
    5f5a:	073d                	addi	a4,a4,15
    5f5c:	0ff77713          	zext.b	a4,a4
    5f60:	4585                	li	a1,1
    5f62:	0ce10223          	sb	a4,196(sp)
    5f66:	02b00793          	li	a5,43
    5f6a:	0006d763          	bgez	a3,5f78 <_svfprintf_r+0x762>
    5f6e:	4685                	li	a3,1
    5f70:	419686b3          	sub	a3,a3,s9
    5f74:	02d00793          	li	a5,45
    5f78:	0cf102a3          	sb	a5,197(sp)
    5f7c:	47a5                	li	a5,9
    5f7e:	1cd7d363          	bge	a5,a3,6144 <_svfprintf_r+0x92e>
    5f82:	0d310713          	addi	a4,sp,211
    5f86:	853a                	mv	a0,a4
    5f88:	45a9                	li	a1,10
    5f8a:	4825                	li	a6,9
    5f8c:	02b6e7b3          	rem	a5,a3,a1
    5f90:	02b6c6b3          	div	a3,a3,a1
    5f94:	03078793          	addi	a5,a5,48
    5f98:	fef70fa3          	sb	a5,-1(a4)
    5f9c:	fff70613          	addi	a2,a4,-1
    5fa0:	18d84963          	blt	a6,a3,6132 <_svfprintf_r+0x91c>
    5fa4:	03068793          	addi	a5,a3,48
    5fa8:	fef60fa3          	sb	a5,-1(a2)
    5fac:	1779                	addi	a4,a4,-2
    5fae:	0c610613          	addi	a2,sp,198
    5fb2:	18a76263          	bltu	a4,a0,6136 <_svfprintf_r+0x920>
    5fb6:	01dc                	addi	a5,sp,196
    5fb8:	40f607b3          	sub	a5,a2,a5
    5fbc:	cabe                	sw	a5,84(sp)
    5fbe:	01478b33          	add	s6,a5,s4
    5fc2:	4785                	li	a5,1
    5fc4:	0147c563          	blt	a5,s4,5fce <_svfprintf_r+0x7b8>
    5fc8:	00147793          	andi	a5,s0,1
    5fcc:	c399                	beqz	a5,5fd2 <_svfprintf_r+0x7bc>
    5fce:	55e2                	lw	a1,56(sp)
    5fd0:	9b2e                	add	s6,s6,a1
    5fd2:	bff47413          	andi	s0,s0,-1025
    5fd6:	10046413          	ori	s0,s0,256
    5fda:	da22                	sw	s0,52(sp)
    5fdc:	4c01                	li	s8,0
    5fde:	4b81                	li	s7,0
    5fe0:	4c81                	li	s9,0
    5fe2:	4736                	lw	a4,76(sp)
    5fe4:	c709                	beqz	a4,5fee <_svfprintf_r+0x7d8>
    5fe6:	02d00713          	li	a4,45
    5fea:	0ae10ba3          	sb	a4,183(sp)
    5fee:	5452                	lw	s0,52(sp)
    5ff0:	4a81                	li	s5,0
    5ff2:	ae2d                	j	632c <_svfprintf_r+0xb16>
    5ff4:	d202                	sw	zero,36(sp)
    5ff6:	1a64                	addi	s1,sp,316
    5ff8:	b9c5                	j	5ce8 <_svfprintf_r+0x4d2>
    5ffa:	d22a                	sw	a0,36(sp)
    5ffc:	b1f5                	j	5ce8 <_svfprintf_r+0x4d2>
    5ffe:	d202                	sw	zero,36(sp)
    6000:	4b19                	li	s6,6
    6002:	b1dd                	j	5ce8 <_svfprintf_r+0x4d2>
    6004:	d25a                	sw	s6,36(sp)
    6006:	4b05                	li	s6,1
    6008:	b1c5                	j	5ce8 <_svfprintf_r+0x4d2>
    600a:	0000ca37          	lui	s4,0xc
    600e:	c84a0a13          	addi	s4,s4,-892 # bc84 <zeroes.4384+0x68>
    6012:	bb49                	j	5da4 <_svfprintf_r+0x58e>
    6014:	feb68fa3          	sb	a1,-1(a3)
    6018:	b5fd                	j	5f06 <_svfprintf_r+0x6f0>
    601a:	0705                	addi	a4,a4,1
    601c:	0ff77713          	zext.b	a4,a4
    6020:	b709                	j	5f22 <_svfprintf_r+0x70c>
    6022:	0a05                	addi	s4,s4,1
    6024:	feea0fa3          	sb	a4,-1(s4)
    6028:	414c07b3          	sub	a5,s8,s4
    602c:	fe07dbe3          	bgez	a5,6022 <_svfprintf_r+0x80c>
    6030:	bde5                	j	5f28 <_svfprintf_r+0x712>
    6032:	47f6                	lw	a5,92(sp)
    6034:	8a62                	mv	s4,s8
    6036:	03000713          	li	a4,48
    603a:	9c3e                	add	s8,s8,a5
    603c:	b7f5                	j	6028 <_svfprintf_r+0x812>
    603e:	04600793          	li	a5,70
    6042:	00fb8b63          	beq	s7,a5,6058 <_svfprintf_r+0x842>
    6046:	04500793          	li	a5,69
    604a:	001b0c13          	addi	s8,s6,1
    604e:	00fb8363          	beq	s7,a5,6054 <_svfprintf_r+0x83e>
    6052:	8c5a                	mv	s8,s6
    6054:	4609                	li	a2,2
    6056:	a019                	j	605c <_svfprintf_r+0x846>
    6058:	8c5a                	mv	s8,s6
    605a:	460d                	li	a2,3
    605c:	019c                	addi	a5,sp,192
    605e:	0cc10813          	addi	a6,sp,204
    6062:	1978                	addi	a4,sp,188
    6064:	86e2                	mv	a3,s8
    6066:	110c                	addi	a1,sp,160
    6068:	854a                	mv	a0,s2
    606a:	d172                	sw	t3,160(sp)
    606c:	c246                	sw	a7,4(sp)
    606e:	c472                	sw	t3,8(sp)
    6070:	d36e                	sw	s11,164(sp)
    6072:	d566                	sw	s9,168(sp)
    6074:	d756                	sw	s5,172(sp)
    6076:	e92fd0ef          	jal	ra,3708 <_ldtoa_r>
    607a:	04700793          	li	a5,71
    607e:	84aa                	mv	s1,a0
    6080:	4892                	lw	a7,4(sp)
    6082:	4e22                	lw	t3,8(sp)
    6084:	00fb9563          	bne	s7,a5,608e <_svfprintf_r+0x878>
    6088:	00147793          	andi	a5,s0,1
    608c:	c7b5                	beqz	a5,60f8 <_svfprintf_r+0x8e2>
    608e:	04600793          	li	a5,70
    6092:	01848a33          	add	s4,s1,s8
    6096:	02fb9f63          	bne	s7,a5,60d4 <_svfprintf_r+0x8be>
    609a:	0004c703          	lbu	a4,0(s1)
    609e:	03000793          	li	a5,48
    60a2:	02f71763          	bne	a4,a5,60d0 <_svfprintf_r+0x8ba>
    60a6:	090c                	addi	a1,sp,144
    60a8:	1108                	addi	a0,sp,160
    60aa:	d172                	sw	t3,160(sp)
    60ac:	c246                	sw	a7,4(sp)
    60ae:	c472                	sw	t3,8(sp)
    60b0:	d36e                	sw	s11,164(sp)
    60b2:	d566                	sw	s9,168(sp)
    60b4:	d756                	sw	s5,172(sp)
    60b6:	c902                	sw	zero,144(sp)
    60b8:	cb02                	sw	zero,148(sp)
    60ba:	cd02                	sw	zero,152(sp)
    60bc:	cf02                	sw	zero,156(sp)
    60be:	5f8030ef          	jal	ra,96b6 <__eqtf2>
    60c2:	4892                	lw	a7,4(sp)
    60c4:	4e22                	lw	t3,8(sp)
    60c6:	c509                	beqz	a0,60d0 <_svfprintf_r+0x8ba>
    60c8:	4785                	li	a5,1
    60ca:	41878c33          	sub	s8,a5,s8
    60ce:	df62                	sw	s8,188(sp)
    60d0:	57fa                	lw	a5,188(sp)
    60d2:	9a3e                	add	s4,s4,a5
    60d4:	090c                	addi	a1,sp,144
    60d6:	1108                	addi	a0,sp,160
    60d8:	c246                	sw	a7,4(sp)
    60da:	d172                	sw	t3,160(sp)
    60dc:	d36e                	sw	s11,164(sp)
    60de:	d566                	sw	s9,168(sp)
    60e0:	d756                	sw	s5,172(sp)
    60e2:	c902                	sw	zero,144(sp)
    60e4:	cb02                	sw	zero,148(sp)
    60e6:	cd02                	sw	zero,152(sp)
    60e8:	cf02                	sw	zero,156(sp)
    60ea:	5cc030ef          	jal	ra,96b6 <__eqtf2>
    60ee:	4892                	lw	a7,4(sp)
    60f0:	03000713          	li	a4,48
    60f4:	e909                	bnez	a0,6106 <_svfprintf_r+0x8f0>
    60f6:	c7d2                	sw	s4,204(sp)
    60f8:	4a3e                	lw	s4,204(sp)
    60fa:	b53d                	j	5f28 <_svfprintf_r+0x712>
    60fc:	00178693          	addi	a3,a5,1
    6100:	c7b6                	sw	a3,204(sp)
    6102:	00e78023          	sb	a4,0(a5)
    6106:	47be                	lw	a5,204(sp)
    6108:	ff47eae3          	bltu	a5,s4,60fc <_svfprintf_r+0x8e6>
    610c:	b7f5                	j	60f8 <_svfprintf_r+0x8e2>
    610e:	04600713          	li	a4,70
    6112:	e2eb98e3          	bne	s7,a4,5f42 <_svfprintf_r+0x72c>
    6116:	05905763          	blez	s9,6164 <_svfprintf_r+0x94e>
    611a:	000b1563          	bnez	s6,6124 <_svfprintf_r+0x90e>
    611e:	00147713          	andi	a4,s0,1
    6122:	cf41                	beqz	a4,61ba <_svfprintf_r+0x9a4>
    6124:	5662                	lw	a2,56(sp)
    6126:	00cc8733          	add	a4,s9,a2
    612a:	9b3a                	add	s6,s6,a4
    612c:	06600d13          	li	s10,102
    6130:	a895                	j	61a4 <_svfprintf_r+0x98e>
    6132:	8732                	mv	a4,a2
    6134:	bda1                	j	5f8c <_svfprintf_r+0x776>
    6136:	0705                	addi	a4,a4,1
    6138:	fff74783          	lbu	a5,-1(a4)
    613c:	0605                	addi	a2,a2,1
    613e:	fef60fa3          	sb	a5,-1(a2)
    6142:	bd85                	j	5fb2 <_svfprintf_r+0x79c>
    6144:	0c610713          	addi	a4,sp,198
    6148:	e599                	bnez	a1,6156 <_svfprintf_r+0x940>
    614a:	03000793          	li	a5,48
    614e:	0cf10323          	sb	a5,198(sp)
    6152:	0c710713          	addi	a4,sp,199
    6156:	03068793          	addi	a5,a3,48
    615a:	00170613          	addi	a2,a4,1
    615e:	00f70023          	sb	a5,0(a4)
    6162:	bd91                	j	5fb6 <_svfprintf_r+0x7a0>
    6164:	000b1563          	bnez	s6,616e <_svfprintf_r+0x958>
    6168:	00147713          	andi	a4,s0,1
    616c:	cb29                	beqz	a4,61be <_svfprintf_r+0x9a8>
    616e:	56e2                	lw	a3,56(sp)
    6170:	00168713          	addi	a4,a3,1
    6174:	bf5d                	j	612a <_svfprintf_r+0x914>
    6176:	014ccc63          	blt	s9,s4,618e <_svfprintf_r+0x978>
    617a:	00147713          	andi	a4,s0,1
    617e:	8b66                	mv	s6,s9
    6180:	c701                	beqz	a4,6188 <_svfprintf_r+0x972>
    6182:	5762                	lw	a4,56(sp)
    6184:	00ec8b33          	add	s6,s9,a4
    6188:	06700d13          	li	s10,103
    618c:	a821                	j	61a4 <_svfprintf_r+0x98e>
    618e:	57e2                	lw	a5,56(sp)
    6190:	06700d13          	li	s10,103
    6194:	00fa0b33          	add	s6,s4,a5
    6198:	01904663          	bgtz	s9,61a4 <_svfprintf_r+0x98e>
    619c:	419b0333          	sub	t1,s6,s9
    61a0:	00130b13          	addi	s6,t1,1
    61a4:	40047b93          	andi	s7,s0,1024
    61a8:	4c01                	li	s8,0
    61aa:	e20b8ce3          	beqz	s7,5fe2 <_svfprintf_r+0x7cc>
    61ae:	4b81                	li	s7,0
    61b0:	e39059e3          	blez	s9,5fe2 <_svfprintf_r+0x7cc>
    61b4:	0ff00693          	li	a3,255
    61b8:	a015                	j	61dc <_svfprintf_r+0x9c6>
    61ba:	8b66                	mv	s6,s9
    61bc:	bf85                	j	612c <_svfprintf_r+0x916>
    61be:	06600d13          	li	s10,102
    61c2:	4b05                	li	s6,1
    61c4:	b7c5                	j	61a4 <_svfprintf_r+0x98e>
    61c6:	03975063          	bge	a4,s9,61e6 <_svfprintf_r+0x9d0>
    61ca:	55a2                	lw	a1,40(sp)
    61cc:	40ec8cb3          	sub	s9,s9,a4
    61d0:	0015c703          	lbu	a4,1(a1)
    61d4:	c305                	beqz	a4,61f4 <_svfprintf_r+0x9de>
    61d6:	0585                	addi	a1,a1,1
    61d8:	0b85                	addi	s7,s7,1
    61da:	d42e                	sw	a1,40(sp)
    61dc:	5622                	lw	a2,40(sp)
    61de:	00064703          	lbu	a4,0(a2)
    61e2:	fed712e3          	bne	a4,a3,61c6 <_svfprintf_r+0x9b0>
    61e6:	4696                	lw	a3,68(sp)
    61e8:	018b8733          	add	a4,s7,s8
    61ec:	02d70733          	mul	a4,a4,a3
    61f0:	9b3a                	add	s6,s6,a4
    61f2:	bbc5                	j	5fe2 <_svfprintf_r+0x7cc>
    61f4:	0c05                	addi	s8,s8,1
    61f6:	b7dd                	j	61dc <_svfprintf_r+0x9c6>
    61f8:	000aa783          	lw	a5,0(s5)
    61fc:	0a91                	addi	s5,s5,4
    61fe:	d656                	sw	s5,44(sp)
    6200:	02047713          	andi	a4,s0,32
    6204:	cb11                	beqz	a4,6218 <_svfprintf_r+0xa02>
    6206:	55f2                	lw	a1,60(sp)
    6208:	41f5d713          	srai	a4,a1,0x1f
    620c:	c38c                	sw	a1,0(a5)
    620e:	c3d8                	sw	a4,4(a5)
    6210:	5ab2                	lw	s5,44(sp)
    6212:	54c2                	lw	s1,48(sp)
    6214:	ea8ff06f          	j	58bc <_svfprintf_r+0xa6>
    6218:	01047713          	andi	a4,s0,16
    621c:	c701                	beqz	a4,6224 <_svfprintf_r+0xa0e>
    621e:	5672                	lw	a2,60(sp)
    6220:	c390                	sw	a2,0(a5)
    6222:	b7fd                	j	6210 <_svfprintf_r+0x9fa>
    6224:	04047713          	andi	a4,s0,64
    6228:	c709                	beqz	a4,6232 <_svfprintf_r+0xa1c>
    622a:	5772                	lw	a4,60(sp)
    622c:	00e79023          	sh	a4,0(a5)
    6230:	b7c5                	j	6210 <_svfprintf_r+0x9fa>
    6232:	20047413          	andi	s0,s0,512
    6236:	c409                	beqz	s0,6240 <_svfprintf_r+0xa2a>
    6238:	5772                	lw	a4,60(sp)
    623a:	00e78023          	sb	a4,0(a5)
    623e:	bfc9                	j	6210 <_svfprintf_r+0x9fa>
    6240:	56f2                	lw	a3,60(sp)
    6242:	c394                	sw	a3,0(a5)
    6244:	b7f1                	j	6210 <_svfprintf_r+0x9fa>
    6246:	01046413          	ori	s0,s0,16
    624a:	02047793          	andi	a5,s0,32
    624e:	c3a1                	beqz	a5,628e <_svfprintf_r+0xa78>
    6250:	0a9d                	addi	s5,s5,7
    6252:	ff8afa93          	andi	s5,s5,-8
    6256:	008a8713          	addi	a4,s5,8
    625a:	000aac03          	lw	s8,0(s5)
    625e:	004aac83          	lw	s9,4(s5)
    6262:	d63a                	sw	a4,44(sp)
    6264:	bff47413          	andi	s0,s0,-1025
    6268:	4781                	li	a5,0
    626a:	0a010ba3          	sb	zero,183(sp)
    626e:	577d                	li	a4,-1
    6270:	30eb0463          	beq	s6,a4,6578 <_svfprintf_r+0xd62>
    6274:	8722                	mv	a4,s0
    6276:	019c66b3          	or	a3,s8,s9
    627a:	f7f47413          	andi	s0,s0,-129
    627e:	2e069d63          	bnez	a3,6578 <_svfprintf_r+0xd62>
    6282:	400b0363          	beqz	s6,6688 <_svfprintf_r+0xe72>
    6286:	4705                	li	a4,1
    6288:	2ee79b63          	bne	a5,a4,657e <_svfprintf_r+0xd68>
    628c:	b079                	j	5b1a <_svfprintf_r+0x304>
    628e:	004a8793          	addi	a5,s5,4
    6292:	d63e                	sw	a5,44(sp)
    6294:	01047793          	andi	a5,s0,16
    6298:	c781                	beqz	a5,62a0 <_svfprintf_r+0xa8a>
    629a:	000aac03          	lw	s8,0(s5)
    629e:	a031                	j	62aa <_svfprintf_r+0xa94>
    62a0:	04047793          	andi	a5,s0,64
    62a4:	c789                	beqz	a5,62ae <_svfprintf_r+0xa98>
    62a6:	000adc03          	lhu	s8,0(s5)
    62aa:	4c81                	li	s9,0
    62ac:	bf65                	j	6264 <_svfprintf_r+0xa4e>
    62ae:	20047793          	andi	a5,s0,512
    62b2:	d7e5                	beqz	a5,629a <_svfprintf_r+0xa84>
    62b4:	000acc03          	lbu	s8,0(s5)
    62b8:	bfcd                	j	62aa <_svfprintf_r+0xa94>
    62ba:	77e1                	lui	a5,0xffff8
    62bc:	8307c793          	xori	a5,a5,-2000
    62c0:	0af11c23          	sh	a5,184(sp)
    62c4:	0000c7b7          	lui	a5,0xc
    62c8:	c7078793          	addi	a5,a5,-912 # bc70 <zeroes.4384+0x54>
    62cc:	004a8593          	addi	a1,s5,4
    62d0:	ccbe                	sw	a5,88(sp)
    62d2:	d62e                	sw	a1,44(sp)
    62d4:	000aac03          	lw	s8,0(s5)
    62d8:	4c81                	li	s9,0
    62da:	00246413          	ori	s0,s0,2
    62de:	4789                	li	a5,2
    62e0:	07800d13          	li	s10,120
    62e4:	b759                	j	626a <_svfprintf_r+0xa54>
    62e6:	004a8613          	addi	a2,s5,4
    62ea:	d632                	sw	a2,44(sp)
    62ec:	0a010ba3          	sb	zero,183(sp)
    62f0:	57fd                	li	a5,-1
    62f2:	000aa483          	lw	s1,0(s5)
    62f6:	02fb0063          	beq	s6,a5,6316 <_svfprintf_r+0xb00>
    62fa:	865a                	mv	a2,s6
    62fc:	4581                	li	a1,0
    62fe:	8526                	mv	a0,s1
    6300:	c246                	sw	a7,4(sp)
    6302:	bd8fe0ef          	jal	ra,46da <memchr>
    6306:	d22a                	sw	a0,36(sp)
    6308:	4892                	lw	a7,4(sp)
    630a:	8c0507e3          	beqz	a0,5bd8 <_svfprintf_r+0x3c2>
    630e:	40950b33          	sub	s6,a0,s1
    6312:	d202                	sw	zero,36(sp)
    6314:	b0d1                	j	5bd8 <_svfprintf_r+0x3c2>
    6316:	8526                	mv	a0,s1
    6318:	c246                	sw	a7,4(sp)
    631a:	c5efa0ef          	jal	ra,778 <strlen>
    631e:	4892                	lw	a7,4(sp)
    6320:	8b2a                	mv	s6,a0
    6322:	d202                	sw	zero,36(sp)
    6324:	4a81                	li	s5,0
    6326:	4c01                	li	s8,0
    6328:	4b81                	li	s7,0
    632a:	4c81                	li	s9,0
    632c:	da56                	sw	s5,52(sp)
    632e:	016ad363          	bge	s5,s6,6334 <_svfprintf_r+0xb1e>
    6332:	da5a                	sw	s6,52(sp)
    6334:	0b714703          	lbu	a4,183(sp)
    6338:	c701                	beqz	a4,6340 <_svfprintf_r+0xb2a>
    633a:	5752                	lw	a4,52(sp)
    633c:	0705                	addi	a4,a4,1
    633e:	da3a                	sw	a4,52(sp)
    6340:	00247d93          	andi	s11,s0,2
    6344:	000d8563          	beqz	s11,634e <_svfprintf_r+0xb38>
    6348:	57d2                	lw	a5,52(sp)
    634a:	0789                	addi	a5,a5,2
    634c:	da3e                	sw	a5,52(sp)
    634e:	08447693          	andi	a3,s0,132
    6352:	c6b6                	sw	a3,76(sp)
    6354:	e6b9                	bnez	a3,63a2 <_svfprintf_r+0xb8c>
    6356:	4706                	lw	a4,64(sp)
    6358:	57d2                	lw	a5,52(sp)
    635a:	40f70e33          	sub	t3,a4,a5
    635e:	05c05263          	blez	t3,63a2 <_svfprintf_r+0xb8c>
    6362:	6eb1                	lui	t4,0xc
    6364:	4f41                	li	t5,16
    6366:	1bce8e93          	addi	t4,t4,444 # c1bc <blanks.4368>
    636a:	4f9d                	li	t6,7
    636c:	46ee                	lw	a3,216(sp)
    636e:	01d8a023          	sw	t4,0(a7)
    6372:	477e                	lw	a4,220(sp)
    6374:	0685                	addi	a3,a3,1
    6376:	00888613          	addi	a2,a7,8
    637a:	33cf4b63          	blt	t5,t3,66b0 <_svfprintf_r+0xe9a>
    637e:	9772                	add	a4,a4,t3
    6380:	01c8a223          	sw	t3,4(a7)
    6384:	cfba                	sw	a4,220(sp)
    6386:	cdb6                	sw	a3,216(sp)
    6388:	471d                	li	a4,7
    638a:	88b2                	mv	a7,a2
    638c:	00d75b63          	bge	a4,a3,63a2 <_svfprintf_r+0xb8c>
    6390:	09d0                	addi	a2,sp,212
    6392:	85ce                	mv	a1,s3
    6394:	854a                	mv	a0,s2
    6396:	00b010ef          	jal	ra,7ba0 <__ssprint_r>
    639a:	240513e3          	bnez	a0,6de0 <_svfprintf_r+0x15ca>
    639e:	0fc10893          	addi	a7,sp,252
    63a2:	0b714703          	lbu	a4,183(sp)
    63a6:	cb1d                	beqz	a4,63dc <_svfprintf_r+0xbc6>
    63a8:	0b710713          	addi	a4,sp,183
    63ac:	00e8a023          	sw	a4,0(a7)
    63b0:	4705                	li	a4,1
    63b2:	00e8a223          	sw	a4,4(a7)
    63b6:	477e                	lw	a4,220(sp)
    63b8:	469d                	li	a3,7
    63ba:	0705                	addi	a4,a4,1
    63bc:	cfba                	sw	a4,220(sp)
    63be:	476e                	lw	a4,216(sp)
    63c0:	08a1                	addi	a7,a7,8
    63c2:	0705                	addi	a4,a4,1
    63c4:	cdba                	sw	a4,216(sp)
    63c6:	00e6db63          	bge	a3,a4,63dc <_svfprintf_r+0xbc6>
    63ca:	09d0                	addi	a2,sp,212
    63cc:	85ce                	mv	a1,s3
    63ce:	854a                	mv	a0,s2
    63d0:	7d0010ef          	jal	ra,7ba0 <__ssprint_r>
    63d4:	200516e3          	bnez	a0,6de0 <_svfprintf_r+0x15ca>
    63d8:	0fc10893          	addi	a7,sp,252
    63dc:	020d8b63          	beqz	s11,6412 <_svfprintf_r+0xbfc>
    63e0:	1938                	addi	a4,sp,184
    63e2:	00e8a023          	sw	a4,0(a7)
    63e6:	4709                	li	a4,2
    63e8:	00e8a223          	sw	a4,4(a7)
    63ec:	477e                	lw	a4,220(sp)
    63ee:	469d                	li	a3,7
    63f0:	0709                	addi	a4,a4,2
    63f2:	cfba                	sw	a4,220(sp)
    63f4:	476e                	lw	a4,216(sp)
    63f6:	08a1                	addi	a7,a7,8
    63f8:	0705                	addi	a4,a4,1
    63fa:	cdba                	sw	a4,216(sp)
    63fc:	00e6db63          	bge	a3,a4,6412 <_svfprintf_r+0xbfc>
    6400:	09d0                	addi	a2,sp,212
    6402:	85ce                	mv	a1,s3
    6404:	854a                	mv	a0,s2
    6406:	79a010ef          	jal	ra,7ba0 <__ssprint_r>
    640a:	1c051be3          	bnez	a0,6de0 <_svfprintf_r+0x15ca>
    640e:	0fc10893          	addi	a7,sp,252
    6412:	46b6                	lw	a3,76(sp)
    6414:	08000713          	li	a4,128
    6418:	04e69863          	bne	a3,a4,6468 <_svfprintf_r+0xc52>
    641c:	4706                	lw	a4,64(sp)
    641e:	57d2                	lw	a5,52(sp)
    6420:	40f70db3          	sub	s11,a4,a5
    6424:	05b05263          	blez	s11,6468 <_svfprintf_r+0xc52>
    6428:	47c1                	li	a5,16
    642a:	4e1d                	li	t3,7
    642c:	476e                	lw	a4,216(sp)
    642e:	46fe                	lw	a3,220(sp)
    6430:	0705                	addi	a4,a4,1
    6432:	00888613          	addi	a2,a7,8
    6436:	2bb7c763          	blt	a5,s11,66e4 <_svfprintf_r+0xece>
    643a:	67b1                	lui	a5,0xc
    643c:	01b8a223          	sw	s11,4(a7)
    6440:	1cc78793          	addi	a5,a5,460 # c1cc <zeroes.4369>
    6444:	9db6                	add	s11,s11,a3
    6446:	00f8a023          	sw	a5,0(a7)
    644a:	cfee                	sw	s11,220(sp)
    644c:	cdba                	sw	a4,216(sp)
    644e:	469d                	li	a3,7
    6450:	88b2                	mv	a7,a2
    6452:	00e6db63          	bge	a3,a4,6468 <_svfprintf_r+0xc52>
    6456:	09d0                	addi	a2,sp,212
    6458:	85ce                	mv	a1,s3
    645a:	854a                	mv	a0,s2
    645c:	744010ef          	jal	ra,7ba0 <__ssprint_r>
    6460:	180510e3          	bnez	a0,6de0 <_svfprintf_r+0x15ca>
    6464:	0fc10893          	addi	a7,sp,252
    6468:	416a8ab3          	sub	s5,s5,s6
    646c:	05505263          	blez	s5,64b0 <_svfprintf_r+0xc9a>
    6470:	4dc1                	li	s11,16
    6472:	481d                	li	a6,7
    6474:	476e                	lw	a4,216(sp)
    6476:	46fe                	lw	a3,220(sp)
    6478:	0705                	addi	a4,a4,1
    647a:	00888613          	addi	a2,a7,8
    647e:	295dce63          	blt	s11,s5,671a <_svfprintf_r+0xf04>
    6482:	67b1                	lui	a5,0xc
    6484:	0158a223          	sw	s5,4(a7)
    6488:	1cc78793          	addi	a5,a5,460 # c1cc <zeroes.4369>
    648c:	9ab6                	add	s5,s5,a3
    648e:	00f8a023          	sw	a5,0(a7)
    6492:	cfd6                	sw	s5,220(sp)
    6494:	cdba                	sw	a4,216(sp)
    6496:	469d                	li	a3,7
    6498:	88b2                	mv	a7,a2
    649a:	00e6db63          	bge	a3,a4,64b0 <_svfprintf_r+0xc9a>
    649e:	09d0                	addi	a2,sp,212
    64a0:	85ce                	mv	a1,s3
    64a2:	854a                	mv	a0,s2
    64a4:	6fc010ef          	jal	ra,7ba0 <__ssprint_r>
    64a8:	12051ce3          	bnez	a0,6de0 <_svfprintf_r+0x15ca>
    64ac:	0fc10893          	addi	a7,sp,252
    64b0:	10047713          	andi	a4,s0,256
    64b4:	4dfe                	lw	s11,220(sp)
    64b6:	28071b63          	bnez	a4,674c <_svfprintf_r+0xf36>
    64ba:	01bb0333          	add	t1,s6,s11
    64be:	0098a023          	sw	s1,0(a7)
    64c2:	0168a223          	sw	s6,4(a7)
    64c6:	cf9a                	sw	t1,220(sp)
    64c8:	47ee                	lw	a5,216(sp)
    64ca:	471d                	li	a4,7
    64cc:	0785                	addi	a5,a5,1
    64ce:	cdbe                	sw	a5,216(sp)
    64d0:	08a1                	addi	a7,a7,8
    64d2:	34f75a63          	bge	a4,a5,6826 <_svfprintf_r+0x1010>
    64d6:	09d0                	addi	a2,sp,212
    64d8:	85ce                	mv	a1,s3
    64da:	854a                	mv	a0,s2
    64dc:	6c4010ef          	jal	ra,7ba0 <__ssprint_r>
    64e0:	100510e3          	bnez	a0,6de0 <_svfprintf_r+0x15ca>
    64e4:	0fc10893          	addi	a7,sp,252
    64e8:	ae3d                	j	6826 <_svfprintf_r+0x1010>
    64ea:	01046413          	ori	s0,s0,16
    64ee:	02047793          	andi	a5,s0,32
    64f2:	cf89                	beqz	a5,650c <_svfprintf_r+0xcf6>
    64f4:	0a9d                	addi	s5,s5,7
    64f6:	ff8afa93          	andi	s5,s5,-8
    64fa:	008a8693          	addi	a3,s5,8
    64fe:	000aac03          	lw	s8,0(s5)
    6502:	004aac83          	lw	s9,4(s5)
    6506:	d636                	sw	a3,44(sp)
    6508:	4785                	li	a5,1
    650a:	b385                	j	626a <_svfprintf_r+0xa54>
    650c:	004a8713          	addi	a4,s5,4
    6510:	d63a                	sw	a4,44(sp)
    6512:	01047793          	andi	a5,s0,16
    6516:	c781                	beqz	a5,651e <_svfprintf_r+0xd08>
    6518:	000aac03          	lw	s8,0(s5)
    651c:	a031                	j	6528 <_svfprintf_r+0xd12>
    651e:	04047793          	andi	a5,s0,64
    6522:	c789                	beqz	a5,652c <_svfprintf_r+0xd16>
    6524:	000adc03          	lhu	s8,0(s5)
    6528:	4c81                	li	s9,0
    652a:	bff9                	j	6508 <_svfprintf_r+0xcf2>
    652c:	20047793          	andi	a5,s0,512
    6530:	d7e5                	beqz	a5,6518 <_svfprintf_r+0xd02>
    6532:	000acc03          	lbu	s8,0(s5)
    6536:	bfcd                	j	6528 <_svfprintf_r+0xd12>
    6538:	0000c7b7          	lui	a5,0xc
    653c:	c7078793          	addi	a5,a5,-912 # bc70 <zeroes.4384+0x54>
    6540:	c18ff06f          	j	5958 <_svfprintf_r+0x142>
    6544:	004a8593          	addi	a1,s5,4
    6548:	d62e                	sw	a1,44(sp)
    654a:	01047793          	andi	a5,s0,16
    654e:	c781                	beqz	a5,6556 <_svfprintf_r+0xd40>
    6550:	000aac03          	lw	s8,0(s5)
    6554:	a031                	j	6560 <_svfprintf_r+0xd4a>
    6556:	04047793          	andi	a5,s0,64
    655a:	c791                	beqz	a5,6566 <_svfprintf_r+0xd50>
    655c:	000adc03          	lhu	s8,0(s5)
    6560:	4c81                	li	s9,0
    6562:	c14ff06f          	j	5976 <_svfprintf_r+0x160>
    6566:	20047793          	andi	a5,s0,512
    656a:	d3fd                	beqz	a5,6550 <_svfprintf_r+0xd3a>
    656c:	000acc03          	lbu	s8,0(s5)
    6570:	bfc5                	j	6560 <_svfprintf_r+0xd4a>
    6572:	8722                	mv	a4,s0
    6574:	4785                	li	a5,1
    6576:	b301                	j	6276 <_svfprintf_r+0xa60>
    6578:	4705                	li	a4,1
    657a:	d8e78b63          	beq	a5,a4,5b10 <_svfprintf_r+0x2fa>
    657e:	4709                	li	a4,2
    6580:	0ce78e63          	beq	a5,a4,665c <_svfprintf_r+0xe46>
    6584:	131c                	addi	a5,sp,416
    6586:	01dc9693          	slli	a3,s9,0x1d
    658a:	007c7713          	andi	a4,s8,7
    658e:	003c5c13          	srli	s8,s8,0x3
    6592:	03070713          	addi	a4,a4,48
    6596:	0186ec33          	or	s8,a3,s8
    659a:	003cdc93          	srli	s9,s9,0x3
    659e:	fee78fa3          	sb	a4,-1(a5)
    65a2:	019c66b3          	or	a3,s8,s9
    65a6:	fff78493          	addi	s1,a5,-1
    65aa:	e68d                	bnez	a3,65d4 <_svfprintf_r+0xdbe>
    65ac:	00147693          	andi	a3,s0,1
    65b0:	ca89                	beqz	a3,65c2 <_svfprintf_r+0xdac>
    65b2:	03000693          	li	a3,48
    65b6:	00d70663          	beq	a4,a3,65c2 <_svfprintf_r+0xdac>
    65ba:	fed48fa3          	sb	a3,-1(s1)
    65be:	ffe78493          	addi	s1,a5,-2
    65c2:	1314                	addi	a3,sp,416
    65c4:	8ada                	mv	s5,s6
    65c6:	d202                	sw	zero,36(sp)
    65c8:	40968b33          	sub	s6,a3,s1
    65cc:	4c01                	li	s8,0
    65ce:	4b81                	li	s7,0
    65d0:	4c81                	li	s9,0
    65d2:	bba9                	j	632c <_svfprintf_r+0xb16>
    65d4:	87a6                	mv	a5,s1
    65d6:	bf45                	j	6586 <_svfprintf_r+0xd70>
    65d8:	4a01                	li	s4,0
    65da:	1a010d93          	addi	s11,sp,416
    65de:	40047a93          	andi	s5,s0,1024
    65e2:	4ba5                	li	s7,9
    65e4:	4629                	li	a2,10
    65e6:	4681                	li	a3,0
    65e8:	8562                	mv	a0,s8
    65ea:	85e6                	mv	a1,s9
    65ec:	c246                	sw	a7,4(sp)
    65ee:	3e0020ef          	jal	ra,89ce <__umoddi3>
    65f2:	03050513          	addi	a0,a0,48
    65f6:	fead8fa3          	sb	a0,-1(s11)
    65fa:	fffd8493          	addi	s1,s11,-1
    65fe:	0a05                	addi	s4,s4,1
    6600:	4892                	lw	a7,4(sp)
    6602:	020a8f63          	beqz	s5,6640 <_svfprintf_r+0xe2a>
    6606:	5622                	lw	a2,40(sp)
    6608:	00064783          	lbu	a5,0(a2)
    660c:	02fa1a63          	bne	s4,a5,6640 <_svfprintf_r+0xe2a>
    6610:	0ff00693          	li	a3,255
    6614:	02da0663          	beq	s4,a3,6640 <_svfprintf_r+0xe2a>
    6618:	000c9463          	bnez	s9,6620 <_svfprintf_r+0xe0a>
    661c:	038bf263          	bgeu	s7,s8,6640 <_svfprintf_r+0xe2a>
    6620:	4716                	lw	a4,68(sp)
    6622:	45c6                	lw	a1,80(sp)
    6624:	8c99                	sub	s1,s1,a4
    6626:	863a                	mv	a2,a4
    6628:	8526                	mv	a0,s1
    662a:	c246                	sw	a7,4(sp)
    662c:	9baff0ef          	jal	ra,57e6 <strncpy>
    6630:	55a2                	lw	a1,40(sp)
    6632:	4a01                	li	s4,0
    6634:	0015c783          	lbu	a5,1(a1)
    6638:	4892                	lw	a7,4(sp)
    663a:	c399                	beqz	a5,6640 <_svfprintf_r+0xe2a>
    663c:	0585                	addi	a1,a1,1
    663e:	d42e                	sw	a1,40(sp)
    6640:	8562                	mv	a0,s8
    6642:	85e6                	mv	a1,s9
    6644:	4629                	li	a2,10
    6646:	4681                	li	a3,0
    6648:	c246                	sw	a7,4(sp)
    664a:	02a020ef          	jal	ra,8674 <__udivdi3>
    664e:	8cae                	mv	s9,a1
    6650:	8dc9                	or	a1,a1,a0
    6652:	8c2a                	mv	s8,a0
    6654:	4892                	lw	a7,4(sp)
    6656:	d5b5                	beqz	a1,65c2 <_svfprintf_r+0xdac>
    6658:	8da6                	mv	s11,s1
    665a:	b769                	j	65e4 <_svfprintf_r+0xdce>
    665c:	1304                	addi	s1,sp,416
    665e:	4666                	lw	a2,88(sp)
    6660:	00fc7793          	andi	a5,s8,15
    6664:	97b2                	add	a5,a5,a2
    6666:	0007c783          	lbu	a5,0(a5)
    666a:	14fd                	addi	s1,s1,-1
    666c:	00f48023          	sb	a5,0(s1)
    6670:	004c5c13          	srli	s8,s8,0x4
    6674:	01cc9793          	slli	a5,s9,0x1c
    6678:	0187ec33          	or	s8,a5,s8
    667c:	004cdc93          	srli	s9,s9,0x4
    6680:	019c67b3          	or	a5,s8,s9
    6684:	ffe9                	bnez	a5,665e <_svfprintf_r+0xe48>
    6686:	bf35                	j	65c2 <_svfprintf_r+0xdac>
    6688:	1304                	addi	s1,sp,416
    668a:	ff85                	bnez	a5,65c2 <_svfprintf_r+0xdac>
    668c:	8b05                	andi	a4,a4,1
    668e:	db15                	beqz	a4,65c2 <_svfprintf_r+0xdac>
    6690:	03000793          	li	a5,48
    6694:	18f10fa3          	sb	a5,415(sp)
    6698:	c8aff06f          	j	5b22 <_svfprintf_r+0x30c>
    669c:	780d0363          	beqz	s10,6e22 <_svfprintf_r+0x160c>
    66a0:	87ea                	mv	a5,s10
    66a2:	12f10e23          	sb	a5,316(sp)
    66a6:	0a010ba3          	sb	zero,183(sp)
    66aa:	d656                	sw	s5,44(sp)
    66ac:	c12ff06f          	j	5abe <_svfprintf_r+0x2a8>
    66b0:	0741                	addi	a4,a4,16
    66b2:	01e8a223          	sw	t5,4(a7)
    66b6:	cfba                	sw	a4,220(sp)
    66b8:	cdb6                	sw	a3,216(sp)
    66ba:	02dfd263          	bge	t6,a3,66de <_svfprintf_r+0xec8>
    66be:	09d0                	addi	a2,sp,212
    66c0:	85ce                	mv	a1,s3
    66c2:	854a                	mv	a0,s2
    66c4:	c472                	sw	t3,8(sp)
    66c6:	c676                	sw	t4,12(sp)
    66c8:	c87a                	sw	t5,16(sp)
    66ca:	ca7e                	sw	t6,20(sp)
    66cc:	4d4010ef          	jal	ra,7ba0 <__ssprint_r>
    66d0:	4e22                	lw	t3,8(sp)
    66d2:	4eb2                	lw	t4,12(sp)
    66d4:	4f42                	lw	t5,16(sp)
    66d6:	4fd2                	lw	t6,20(sp)
    66d8:	70051463          	bnez	a0,6de0 <_svfprintf_r+0x15ca>
    66dc:	19f0                	addi	a2,sp,252
    66de:	1e41                	addi	t3,t3,-16
    66e0:	88b2                	mv	a7,a2
    66e2:	b169                	j	636c <_svfprintf_r+0xb56>
    66e4:	65b1                	lui	a1,0xc
    66e6:	1cc58593          	addi	a1,a1,460 # c1cc <zeroes.4369>
    66ea:	06c1                	addi	a3,a3,16
    66ec:	00b8a023          	sw	a1,0(a7)
    66f0:	00f8a223          	sw	a5,4(a7)
    66f4:	cfb6                	sw	a3,220(sp)
    66f6:	cdba                	sw	a4,216(sp)
    66f8:	00ee5e63          	bge	t3,a4,6714 <_svfprintf_r+0xefe>
    66fc:	09d0                	addi	a2,sp,212
    66fe:	85ce                	mv	a1,s3
    6700:	854a                	mv	a0,s2
    6702:	d03e                	sw	a5,32(sp)
    6704:	c472                	sw	t3,8(sp)
    6706:	49a010ef          	jal	ra,7ba0 <__ssprint_r>
    670a:	5782                	lw	a5,32(sp)
    670c:	4e22                	lw	t3,8(sp)
    670e:	6c051963          	bnez	a0,6de0 <_svfprintf_r+0x15ca>
    6712:	19f0                	addi	a2,sp,252
    6714:	1dc1                	addi	s11,s11,-16
    6716:	88b2                	mv	a7,a2
    6718:	bb11                	j	642c <_svfprintf_r+0xc16>
    671a:	65b1                	lui	a1,0xc
    671c:	1cc58593          	addi	a1,a1,460 # c1cc <zeroes.4369>
    6720:	06c1                	addi	a3,a3,16
    6722:	00b8a023          	sw	a1,0(a7)
    6726:	01b8a223          	sw	s11,4(a7)
    672a:	cfb6                	sw	a3,220(sp)
    672c:	cdba                	sw	a4,216(sp)
    672e:	00e85c63          	bge	a6,a4,6746 <_svfprintf_r+0xf30>
    6732:	09d0                	addi	a2,sp,212
    6734:	85ce                	mv	a1,s3
    6736:	854a                	mv	a0,s2
    6738:	cc42                	sw	a6,24(sp)
    673a:	466010ef          	jal	ra,7ba0 <__ssprint_r>
    673e:	4862                	lw	a6,24(sp)
    6740:	6a051063          	bnez	a0,6de0 <_svfprintf_r+0x15ca>
    6744:	19f0                	addi	a2,sp,252
    6746:	1ac1                	addi	s5,s5,-16
    6748:	88b2                	mv	a7,a2
    674a:	b32d                	j	6474 <_svfprintf_r+0xc5e>
    674c:	06500713          	li	a4,101
    6750:	4fa75b63          	bge	a4,s10,6c46 <_svfprintf_r+0x1430>
    6754:	570e                	lw	a4,224(sp)
    6756:	090c                	addi	a1,sp,144
    6758:	d13a                	sw	a4,160(sp)
    675a:	571e                	lw	a4,228(sp)
    675c:	1108                	addi	a0,sp,160
    675e:	d33a                	sw	a4,164(sp)
    6760:	572e                	lw	a4,232(sp)
    6762:	c246                	sw	a7,4(sp)
    6764:	d53a                	sw	a4,168(sp)
    6766:	573e                	lw	a4,236(sp)
    6768:	c902                	sw	zero,144(sp)
    676a:	d73a                	sw	a4,172(sp)
    676c:	cb02                	sw	zero,148(sp)
    676e:	cd02                	sw	zero,152(sp)
    6770:	cf02                	sw	zero,156(sp)
    6772:	745020ef          	jal	ra,96b6 <__eqtf2>
    6776:	4892                	lw	a7,4(sp)
    6778:	10051963          	bnez	a0,688a <_svfprintf_r+0x1074>
    677c:	0000c7b7          	lui	a5,0xc
    6780:	c9878793          	addi	a5,a5,-872 # bc98 <zeroes.4384+0x7c>
    6784:	00f8a023          	sw	a5,0(a7)
    6788:	4785                	li	a5,1
    678a:	00f8a223          	sw	a5,4(a7)
    678e:	47ee                	lw	a5,216(sp)
    6790:	0d85                	addi	s11,s11,1
    6792:	0785                	addi	a5,a5,1
    6794:	cfee                	sw	s11,220(sp)
    6796:	cdbe                	sw	a5,216(sp)
    6798:	471d                	li	a4,7
    679a:	08a1                	addi	a7,a7,8
    679c:	00f75b63          	bge	a4,a5,67b2 <_svfprintf_r+0xf9c>
    67a0:	09d0                	addi	a2,sp,212
    67a2:	85ce                	mv	a1,s3
    67a4:	854a                	mv	a0,s2
    67a6:	3fa010ef          	jal	ra,7ba0 <__ssprint_r>
    67aa:	62051b63          	bnez	a0,6de0 <_svfprintf_r+0x15ca>
    67ae:	0fc10893          	addi	a7,sp,252
    67b2:	57fa                	lw	a5,188(sp)
    67b4:	0147c563          	blt	a5,s4,67be <_svfprintf_r+0xfa8>
    67b8:	00147793          	andi	a5,s0,1
    67bc:	c7ad                	beqz	a5,6826 <_svfprintf_r+0x1010>
    67be:	5662                	lw	a2,56(sp)
    67c0:	47fe                	lw	a5,220(sp)
    67c2:	45a6                	lw	a1,72(sp)
    67c4:	97b2                	add	a5,a5,a2
    67c6:	cfbe                	sw	a5,220(sp)
    67c8:	47ee                	lw	a5,216(sp)
    67ca:	00b8a023          	sw	a1,0(a7)
    67ce:	0785                	addi	a5,a5,1
    67d0:	00c8a223          	sw	a2,4(a7)
    67d4:	cdbe                	sw	a5,216(sp)
    67d6:	471d                	li	a4,7
    67d8:	08a1                	addi	a7,a7,8
    67da:	00f75b63          	bge	a4,a5,67f0 <_svfprintf_r+0xfda>
    67de:	09d0                	addi	a2,sp,212
    67e0:	85ce                	mv	a1,s3
    67e2:	854a                	mv	a0,s2
    67e4:	3bc010ef          	jal	ra,7ba0 <__ssprint_r>
    67e8:	5e051c63          	bnez	a0,6de0 <_svfprintf_r+0x15ca>
    67ec:	0fc10893          	addi	a7,sp,252
    67f0:	fffa0493          	addi	s1,s4,-1
    67f4:	02905963          	blez	s1,6826 <_svfprintf_r+0x1010>
    67f8:	4ac1                	li	s5,16
    67fa:	4b9d                	li	s7,7
    67fc:	47ee                	lw	a5,216(sp)
    67fe:	477e                	lw	a4,220(sp)
    6800:	0785                	addi	a5,a5,1
    6802:	00888693          	addi	a3,a7,8
    6806:	049acb63          	blt	s5,s1,685c <_svfprintf_r+0x1046>
    680a:	6631                	lui	a2,0xc
    680c:	1cc60613          	addi	a2,a2,460 # c1cc <zeroes.4369>
    6810:	0098a223          	sw	s1,4(a7)
    6814:	00c8a023          	sw	a2,0(a7)
    6818:	94ba                	add	s1,s1,a4
    681a:	cfa6                	sw	s1,220(sp)
    681c:	cdbe                	sw	a5,216(sp)
    681e:	471d                	li	a4,7
    6820:	88b6                	mv	a7,a3
    6822:	caf74ae3          	blt	a4,a5,64d6 <_svfprintf_r+0xcc0>
    6826:	8811                	andi	s0,s0,4
    6828:	56041b63          	bnez	s0,6d9e <_svfprintf_r+0x1588>
    682c:	4d06                	lw	s10,64(sp)
    682e:	5752                	lw	a4,52(sp)
    6830:	00ed5363          	bge	s10,a4,6836 <_svfprintf_r+0x1020>
    6834:	8d3a                	mv	s10,a4
    6836:	57f2                	lw	a5,60(sp)
    6838:	97ea                	add	a5,a5,s10
    683a:	de3e                	sw	a5,60(sp)
    683c:	47fe                	lw	a5,220(sp)
    683e:	cb81                	beqz	a5,684e <_svfprintf_r+0x1038>
    6840:	09d0                	addi	a2,sp,212
    6842:	85ce                	mv	a1,s3
    6844:	854a                	mv	a0,s2
    6846:	35a010ef          	jal	ra,7ba0 <__ssprint_r>
    684a:	58051b63          	bnez	a0,6de0 <_svfprintf_r+0x15ca>
    684e:	5712                	lw	a4,36(sp)
    6850:	cd82                	sw	zero,216(sp)
    6852:	5c071363          	bnez	a4,6e18 <_svfprintf_r+0x1602>
    6856:	0fc10893          	addi	a7,sp,252
    685a:	ba5d                	j	6210 <_svfprintf_r+0x9fa>
    685c:	65b1                	lui	a1,0xc
    685e:	1cc58593          	addi	a1,a1,460 # c1cc <zeroes.4369>
    6862:	0741                	addi	a4,a4,16
    6864:	00b8a023          	sw	a1,0(a7)
    6868:	0158a223          	sw	s5,4(a7)
    686c:	cfba                	sw	a4,220(sp)
    686e:	cdbe                	sw	a5,216(sp)
    6870:	00fbda63          	bge	s7,a5,6884 <_svfprintf_r+0x106e>
    6874:	09d0                	addi	a2,sp,212
    6876:	85ce                	mv	a1,s3
    6878:	854a                	mv	a0,s2
    687a:	326010ef          	jal	ra,7ba0 <__ssprint_r>
    687e:	56051163          	bnez	a0,6de0 <_svfprintf_r+0x15ca>
    6882:	19f4                	addi	a3,sp,252
    6884:	14c1                	addi	s1,s1,-16
    6886:	88b6                	mv	a7,a3
    6888:	bf95                	j	67fc <_svfprintf_r+0xfe6>
    688a:	577a                	lw	a4,188(sp)
    688c:	0ee04f63          	bgtz	a4,698a <_svfprintf_r+0x1174>
    6890:	0000c7b7          	lui	a5,0xc
    6894:	c9878793          	addi	a5,a5,-872 # bc98 <zeroes.4384+0x7c>
    6898:	00f8a023          	sw	a5,0(a7)
    689c:	4785                	li	a5,1
    689e:	00f8a223          	sw	a5,4(a7)
    68a2:	47ee                	lw	a5,216(sp)
    68a4:	0d85                	addi	s11,s11,1
    68a6:	0785                	addi	a5,a5,1
    68a8:	cfee                	sw	s11,220(sp)
    68aa:	cdbe                	sw	a5,216(sp)
    68ac:	471d                	li	a4,7
    68ae:	08a1                	addi	a7,a7,8
    68b0:	00f75b63          	bge	a4,a5,68c6 <_svfprintf_r+0x10b0>
    68b4:	09d0                	addi	a2,sp,212
    68b6:	85ce                	mv	a1,s3
    68b8:	854a                	mv	a0,s2
    68ba:	2e6010ef          	jal	ra,7ba0 <__ssprint_r>
    68be:	52051163          	bnez	a0,6de0 <_svfprintf_r+0x15ca>
    68c2:	0fc10893          	addi	a7,sp,252
    68c6:	57fa                	lw	a5,188(sp)
    68c8:	e791                	bnez	a5,68d4 <_svfprintf_r+0x10be>
    68ca:	000a1563          	bnez	s4,68d4 <_svfprintf_r+0x10be>
    68ce:	00147793          	andi	a5,s0,1
    68d2:	dbb1                	beqz	a5,6826 <_svfprintf_r+0x1010>
    68d4:	5762                	lw	a4,56(sp)
    68d6:	47fe                	lw	a5,220(sp)
    68d8:	46a6                	lw	a3,72(sp)
    68da:	97ba                	add	a5,a5,a4
    68dc:	cfbe                	sw	a5,220(sp)
    68de:	47ee                	lw	a5,216(sp)
    68e0:	00e8a223          	sw	a4,4(a7)
    68e4:	0785                	addi	a5,a5,1
    68e6:	00d8a023          	sw	a3,0(a7)
    68ea:	cdbe                	sw	a5,216(sp)
    68ec:	471d                	li	a4,7
    68ee:	08a1                	addi	a7,a7,8
    68f0:	00f75b63          	bge	a4,a5,6906 <_svfprintf_r+0x10f0>
    68f4:	09d0                	addi	a2,sp,212
    68f6:	85ce                	mv	a1,s3
    68f8:	854a                	mv	a0,s2
    68fa:	2a6010ef          	jal	ra,7ba0 <__ssprint_r>
    68fe:	4e051163          	bnez	a0,6de0 <_svfprintf_r+0x15ca>
    6902:	0fc10893          	addi	a7,sp,252
    6906:	5afa                	lw	s5,188(sp)
    6908:	040ad263          	bgez	s5,694c <_svfprintf_r+0x1136>
    690c:	41500ab3          	neg	s5,s5
    6910:	8746                	mv	a4,a7
    6912:	4bc1                	li	s7,16
    6914:	4c1d                	li	s8,7
    6916:	47ee                	lw	a5,216(sp)
    6918:	46fe                	lw	a3,220(sp)
    691a:	0785                	addi	a5,a5,1
    691c:	08a1                	addi	a7,a7,8
    691e:	035bcf63          	blt	s7,s5,695c <_svfprintf_r+0x1146>
    6922:	6631                	lui	a2,0xc
    6924:	01572223          	sw	s5,4(a4)
    6928:	1cc60613          	addi	a2,a2,460 # c1cc <zeroes.4369>
    692c:	9ab6                	add	s5,s5,a3
    692e:	c310                	sw	a2,0(a4)
    6930:	cfd6                	sw	s5,220(sp)
    6932:	cdbe                	sw	a5,216(sp)
    6934:	471d                	li	a4,7
    6936:	00f75b63          	bge	a4,a5,694c <_svfprintf_r+0x1136>
    693a:	09d0                	addi	a2,sp,212
    693c:	85ce                	mv	a1,s3
    693e:	854a                	mv	a0,s2
    6940:	260010ef          	jal	ra,7ba0 <__ssprint_r>
    6944:	48051e63          	bnez	a0,6de0 <_svfprintf_r+0x15ca>
    6948:	0fc10893          	addi	a7,sp,252
    694c:	47fe                	lw	a5,220(sp)
    694e:	0098a023          	sw	s1,0(a7)
    6952:	97d2                	add	a5,a5,s4
    6954:	0148a223          	sw	s4,4(a7)
    6958:	cfbe                	sw	a5,220(sp)
    695a:	b6bd                	j	64c8 <_svfprintf_r+0xcb2>
    695c:	65b1                	lui	a1,0xc
    695e:	1cc58593          	addi	a1,a1,460 # c1cc <zeroes.4369>
    6962:	06c1                	addi	a3,a3,16
    6964:	c30c                	sw	a1,0(a4)
    6966:	01772223          	sw	s7,4(a4)
    696a:	cfb6                	sw	a3,220(sp)
    696c:	cdbe                	sw	a5,216(sp)
    696e:	00fc5b63          	bge	s8,a5,6984 <_svfprintf_r+0x116e>
    6972:	09d0                	addi	a2,sp,212
    6974:	85ce                	mv	a1,s3
    6976:	854a                	mv	a0,s2
    6978:	228010ef          	jal	ra,7ba0 <__ssprint_r>
    697c:	46051263          	bnez	a0,6de0 <_svfprintf_r+0x15ca>
    6980:	0fc10893          	addi	a7,sp,252
    6984:	1ac1                	addi	s5,s5,-16
    6986:	8746                	mv	a4,a7
    6988:	b779                	j	6916 <_svfprintf_r+0x1100>
    698a:	8ae6                	mv	s5,s9
    698c:	019a5363          	bge	s4,s9,6992 <_svfprintf_r+0x117c>
    6990:	8ad2                	mv	s5,s4
    6992:	03505863          	blez	s5,69c2 <_svfprintf_r+0x11ac>
    6996:	476e                	lw	a4,216(sp)
    6998:	9dd6                	add	s11,s11,s5
    699a:	0705                	addi	a4,a4,1
    699c:	0098a023          	sw	s1,0(a7)
    69a0:	0158a223          	sw	s5,4(a7)
    69a4:	cfee                	sw	s11,220(sp)
    69a6:	cdba                	sw	a4,216(sp)
    69a8:	469d                	li	a3,7
    69aa:	08a1                	addi	a7,a7,8
    69ac:	00e6db63          	bge	a3,a4,69c2 <_svfprintf_r+0x11ac>
    69b0:	09d0                	addi	a2,sp,212
    69b2:	85ce                	mv	a1,s3
    69b4:	854a                	mv	a0,s2
    69b6:	1ea010ef          	jal	ra,7ba0 <__ssprint_r>
    69ba:	42051363          	bnez	a0,6de0 <_svfprintf_r+0x15ca>
    69be:	0fc10893          	addi	a7,sp,252
    69c2:	000ad363          	bgez	s5,69c8 <_svfprintf_r+0x11b2>
    69c6:	4a81                	li	s5,0
    69c8:	415c8ab3          	sub	s5,s9,s5
    69cc:	05505263          	blez	s5,6a10 <_svfprintf_r+0x11fa>
    69d0:	4d41                	li	s10,16
    69d2:	4d9d                	li	s11,7
    69d4:	476e                	lw	a4,216(sp)
    69d6:	46fe                	lw	a3,220(sp)
    69d8:	0705                	addi	a4,a4,1
    69da:	00888613          	addi	a2,a7,8
    69de:	135d4563          	blt	s10,s5,6b08 <_svfprintf_r+0x12f2>
    69e2:	65b1                	lui	a1,0xc
    69e4:	0158a223          	sw	s5,4(a7)
    69e8:	1cc58593          	addi	a1,a1,460 # c1cc <zeroes.4369>
    69ec:	9ab6                	add	s5,s5,a3
    69ee:	00b8a023          	sw	a1,0(a7)
    69f2:	cfd6                	sw	s5,220(sp)
    69f4:	cdba                	sw	a4,216(sp)
    69f6:	469d                	li	a3,7
    69f8:	88b2                	mv	a7,a2
    69fa:	00e6db63          	bge	a3,a4,6a10 <_svfprintf_r+0x11fa>
    69fe:	09d0                	addi	a2,sp,212
    6a00:	85ce                	mv	a1,s3
    6a02:	854a                	mv	a0,s2
    6a04:	19c010ef          	jal	ra,7ba0 <__ssprint_r>
    6a08:	3c051c63          	bnez	a0,6de0 <_svfprintf_r+0x15ca>
    6a0c:	0fc10893          	addi	a7,sp,252
    6a10:	40047793          	andi	a5,s0,1024
    6a14:	01948ab3          	add	s5,s1,s9
    6a18:	cf89                	beqz	a5,6a32 <_svfprintf_r+0x121c>
    6a1a:	4d1d                	li	s10,7
    6a1c:	01448db3          	add	s11,s1,s4
    6a20:	100b9b63          	bnez	s7,6b36 <_svfprintf_r+0x1320>
    6a24:	100c1b63          	bnez	s8,6b3a <_svfprintf_r+0x1324>
    6a28:	014487b3          	add	a5,s1,s4
    6a2c:	0157f363          	bgeu	a5,s5,6a32 <_svfprintf_r+0x121c>
    6a30:	8abe                	mv	s5,a5
    6a32:	57fa                	lw	a5,188(sp)
    6a34:	0147c563          	blt	a5,s4,6a3e <_svfprintf_r+0x1228>
    6a38:	00147793          	andi	a5,s0,1
    6a3c:	cb95                	beqz	a5,6a70 <_svfprintf_r+0x125a>
    6a3e:	5762                	lw	a4,56(sp)
    6a40:	47fe                	lw	a5,220(sp)
    6a42:	46a6                	lw	a3,72(sp)
    6a44:	97ba                	add	a5,a5,a4
    6a46:	cfbe                	sw	a5,220(sp)
    6a48:	47ee                	lw	a5,216(sp)
    6a4a:	00e8a223          	sw	a4,4(a7)
    6a4e:	0785                	addi	a5,a5,1
    6a50:	00d8a023          	sw	a3,0(a7)
    6a54:	cdbe                	sw	a5,216(sp)
    6a56:	471d                	li	a4,7
    6a58:	08a1                	addi	a7,a7,8
    6a5a:	00f75b63          	bge	a4,a5,6a70 <_svfprintf_r+0x125a>
    6a5e:	09d0                	addi	a2,sp,212
    6a60:	85ce                	mv	a1,s3
    6a62:	854a                	mv	a0,s2
    6a64:	13c010ef          	jal	ra,7ba0 <__ssprint_r>
    6a68:	36051c63          	bnez	a0,6de0 <_svfprintf_r+0x15ca>
    6a6c:	0fc10893          	addi	a7,sp,252
    6a70:	94d2                	add	s1,s1,s4
    6a72:	415487b3          	sub	a5,s1,s5
    6a76:	54fa                	lw	s1,188(sp)
    6a78:	409a04b3          	sub	s1,s4,s1
    6a7c:	0097d363          	bge	a5,s1,6a82 <_svfprintf_r+0x126c>
    6a80:	84be                	mv	s1,a5
    6a82:	02905963          	blez	s1,6ab4 <_svfprintf_r+0x129e>
    6a86:	47fe                	lw	a5,220(sp)
    6a88:	0158a023          	sw	s5,0(a7)
    6a8c:	97a6                	add	a5,a5,s1
    6a8e:	cfbe                	sw	a5,220(sp)
    6a90:	47ee                	lw	a5,216(sp)
    6a92:	0098a223          	sw	s1,4(a7)
    6a96:	0785                	addi	a5,a5,1
    6a98:	cdbe                	sw	a5,216(sp)
    6a9a:	471d                	li	a4,7
    6a9c:	08a1                	addi	a7,a7,8
    6a9e:	00f75b63          	bge	a4,a5,6ab4 <_svfprintf_r+0x129e>
    6aa2:	09d0                	addi	a2,sp,212
    6aa4:	85ce                	mv	a1,s3
    6aa6:	854a                	mv	a0,s2
    6aa8:	0f8010ef          	jal	ra,7ba0 <__ssprint_r>
    6aac:	32051a63          	bnez	a0,6de0 <_svfprintf_r+0x15ca>
    6ab0:	0fc10893          	addi	a7,sp,252
    6ab4:	87a6                	mv	a5,s1
    6ab6:	0004d363          	bgez	s1,6abc <_svfprintf_r+0x12a6>
    6aba:	4781                	li	a5,0
    6abc:	54fa                	lw	s1,188(sp)
    6abe:	409a04b3          	sub	s1,s4,s1
    6ac2:	8c9d                	sub	s1,s1,a5
    6ac4:	d69051e3          	blez	s1,6826 <_svfprintf_r+0x1010>
    6ac8:	4ac1                	li	s5,16
    6aca:	4b9d                	li	s7,7
    6acc:	47ee                	lw	a5,216(sp)
    6ace:	477e                	lw	a4,220(sp)
    6ad0:	0785                	addi	a5,a5,1
    6ad2:	00888693          	addi	a3,a7,8
    6ad6:	d29adae3          	bge	s5,s1,680a <_svfprintf_r+0xff4>
    6ada:	65b1                	lui	a1,0xc
    6adc:	1cc58593          	addi	a1,a1,460 # c1cc <zeroes.4369>
    6ae0:	0741                	addi	a4,a4,16
    6ae2:	00b8a023          	sw	a1,0(a7)
    6ae6:	0158a223          	sw	s5,4(a7)
    6aea:	cfba                	sw	a4,220(sp)
    6aec:	cdbe                	sw	a5,216(sp)
    6aee:	00fbda63          	bge	s7,a5,6b02 <_svfprintf_r+0x12ec>
    6af2:	09d0                	addi	a2,sp,212
    6af4:	85ce                	mv	a1,s3
    6af6:	854a                	mv	a0,s2
    6af8:	0a8010ef          	jal	ra,7ba0 <__ssprint_r>
    6afc:	2e051263          	bnez	a0,6de0 <_svfprintf_r+0x15ca>
    6b00:	19f4                	addi	a3,sp,252
    6b02:	14c1                	addi	s1,s1,-16
    6b04:	88b6                	mv	a7,a3
    6b06:	b7d9                	j	6acc <_svfprintf_r+0x12b6>
    6b08:	67b1                	lui	a5,0xc
    6b0a:	1cc78793          	addi	a5,a5,460 # c1cc <zeroes.4369>
    6b0e:	06c1                	addi	a3,a3,16
    6b10:	00f8a023          	sw	a5,0(a7)
    6b14:	01a8a223          	sw	s10,4(a7)
    6b18:	cfb6                	sw	a3,220(sp)
    6b1a:	cdba                	sw	a4,216(sp)
    6b1c:	00edda63          	bge	s11,a4,6b30 <_svfprintf_r+0x131a>
    6b20:	09d0                	addi	a2,sp,212
    6b22:	85ce                	mv	a1,s3
    6b24:	854a                	mv	a0,s2
    6b26:	07a010ef          	jal	ra,7ba0 <__ssprint_r>
    6b2a:	2a051b63          	bnez	a0,6de0 <_svfprintf_r+0x15ca>
    6b2e:	19f0                	addi	a2,sp,252
    6b30:	1ac1                	addi	s5,s5,-16
    6b32:	88b2                	mv	a7,a2
    6b34:	b545                	j	69d4 <_svfprintf_r+0x11be>
    6b36:	080c0c63          	beqz	s8,6bce <_svfprintf_r+0x13b8>
    6b3a:	1c7d                	addi	s8,s8,-1
    6b3c:	4716                	lw	a4,68(sp)
    6b3e:	47fe                	lw	a5,220(sp)
    6b40:	46c6                	lw	a3,80(sp)
    6b42:	97ba                	add	a5,a5,a4
    6b44:	cfbe                	sw	a5,220(sp)
    6b46:	47ee                	lw	a5,216(sp)
    6b48:	00d8a023          	sw	a3,0(a7)
    6b4c:	0785                	addi	a5,a5,1
    6b4e:	00e8a223          	sw	a4,4(a7)
    6b52:	cdbe                	sw	a5,216(sp)
    6b54:	08a1                	addi	a7,a7,8
    6b56:	00fd5b63          	bge	s10,a5,6b6c <_svfprintf_r+0x1356>
    6b5a:	09d0                	addi	a2,sp,212
    6b5c:	85ce                	mv	a1,s3
    6b5e:	854a                	mv	a0,s2
    6b60:	040010ef          	jal	ra,7ba0 <__ssprint_r>
    6b64:	26051e63          	bnez	a0,6de0 <_svfprintf_r+0x15ca>
    6b68:	0fc10893          	addi	a7,sp,252
    6b6c:	57a2                	lw	a5,40(sp)
    6b6e:	415d8733          	sub	a4,s11,s5
    6b72:	0007cb03          	lbu	s6,0(a5)
    6b76:	01675363          	bge	a4,s6,6b7c <_svfprintf_r+0x1366>
    6b7a:	8b3a                	mv	s6,a4
    6b7c:	03605863          	blez	s6,6bac <_svfprintf_r+0x1396>
    6b80:	477e                	lw	a4,220(sp)
    6b82:	0158a023          	sw	s5,0(a7)
    6b86:	975a                	add	a4,a4,s6
    6b88:	cfba                	sw	a4,220(sp)
    6b8a:	476e                	lw	a4,216(sp)
    6b8c:	0168a223          	sw	s6,4(a7)
    6b90:	0705                	addi	a4,a4,1
    6b92:	cdba                	sw	a4,216(sp)
    6b94:	08a1                	addi	a7,a7,8
    6b96:	00ed5b63          	bge	s10,a4,6bac <_svfprintf_r+0x1396>
    6b9a:	09d0                	addi	a2,sp,212
    6b9c:	85ce                	mv	a1,s3
    6b9e:	854a                	mv	a0,s2
    6ba0:	000010ef          	jal	ra,7ba0 <__ssprint_r>
    6ba4:	22051e63          	bnez	a0,6de0 <_svfprintf_r+0x15ca>
    6ba8:	0fc10893          	addi	a7,sp,252
    6bac:	875a                	mv	a4,s6
    6bae:	000b5363          	bgez	s6,6bb4 <_svfprintf_r+0x139e>
    6bb2:	4701                	li	a4,0
    6bb4:	55a2                	lw	a1,40(sp)
    6bb6:	4841                	li	a6,16
    6bb8:	0005c783          	lbu	a5,0(a1)
    6bbc:	40e78b33          	sub	s6,a5,a4
    6bc0:	05604463          	bgtz	s6,6c08 <_svfprintf_r+0x13f2>
    6bc4:	5622                	lw	a2,40(sp)
    6bc6:	00064783          	lbu	a5,0(a2)
    6bca:	9abe                	add	s5,s5,a5
    6bcc:	bd91                	j	6a20 <_svfprintf_r+0x120a>
    6bce:	5622                	lw	a2,40(sp)
    6bd0:	1bfd                	addi	s7,s7,-1
    6bd2:	167d                	addi	a2,a2,-1
    6bd4:	d432                	sw	a2,40(sp)
    6bd6:	b79d                	j	6b3c <_svfprintf_r+0x1326>
    6bd8:	67b1                	lui	a5,0xc
    6bda:	1cc78793          	addi	a5,a5,460 # c1cc <zeroes.4369>
    6bde:	06c1                	addi	a3,a3,16
    6be0:	00f8a023          	sw	a5,0(a7)
    6be4:	0108a223          	sw	a6,4(a7)
    6be8:	cfb6                	sw	a3,220(sp)
    6bea:	cdba                	sw	a4,216(sp)
    6bec:	00ed5c63          	bge	s10,a4,6c04 <_svfprintf_r+0x13ee>
    6bf0:	09d0                	addi	a2,sp,212
    6bf2:	85ce                	mv	a1,s3
    6bf4:	854a                	mv	a0,s2
    6bf6:	cc42                	sw	a6,24(sp)
    6bf8:	7a9000ef          	jal	ra,7ba0 <__ssprint_r>
    6bfc:	4862                	lw	a6,24(sp)
    6bfe:	1e051163          	bnez	a0,6de0 <_svfprintf_r+0x15ca>
    6c02:	19f0                	addi	a2,sp,252
    6c04:	1b41                	addi	s6,s6,-16
    6c06:	88b2                	mv	a7,a2
    6c08:	476e                	lw	a4,216(sp)
    6c0a:	46fe                	lw	a3,220(sp)
    6c0c:	0705                	addi	a4,a4,1
    6c0e:	00888613          	addi	a2,a7,8
    6c12:	fd6843e3          	blt	a6,s6,6bd8 <_svfprintf_r+0x13c2>
    6c16:	65b1                	lui	a1,0xc
    6c18:	1cc58593          	addi	a1,a1,460 # c1cc <zeroes.4369>
    6c1c:	00db07b3          	add	a5,s6,a3
    6c20:	00b8a023          	sw	a1,0(a7)
    6c24:	0168a223          	sw	s6,4(a7)
    6c28:	cfbe                	sw	a5,220(sp)
    6c2a:	cdba                	sw	a4,216(sp)
    6c2c:	88b2                	mv	a7,a2
    6c2e:	f8ed5be3          	bge	s10,a4,6bc4 <_svfprintf_r+0x13ae>
    6c32:	09d0                	addi	a2,sp,212
    6c34:	85ce                	mv	a1,s3
    6c36:	854a                	mv	a0,s2
    6c38:	769000ef          	jal	ra,7ba0 <__ssprint_r>
    6c3c:	1a051263          	bnez	a0,6de0 <_svfprintf_r+0x15ca>
    6c40:	0fc10893          	addi	a7,sp,252
    6c44:	b741                	j	6bc4 <_svfprintf_r+0x13ae>
    6c46:	47ee                	lw	a5,216(sp)
    6c48:	4705                	li	a4,1
    6c4a:	0098a023          	sw	s1,0(a7)
    6c4e:	0d85                	addi	s11,s11,1
    6c50:	0785                	addi	a5,a5,1
    6c52:	00888b93          	addi	s7,a7,8
    6c56:	01474663          	blt	a4,s4,6c62 <_svfprintf_r+0x144c>
    6c5a:	00147693          	andi	a3,s0,1
    6c5e:	12068863          	beqz	a3,6d8e <_svfprintf_r+0x1578>
    6c62:	4705                	li	a4,1
    6c64:	00e8a223          	sw	a4,4(a7)
    6c68:	cfee                	sw	s11,220(sp)
    6c6a:	cdbe                	sw	a5,216(sp)
    6c6c:	471d                	li	a4,7
    6c6e:	00f75b63          	bge	a4,a5,6c84 <_svfprintf_r+0x146e>
    6c72:	09d0                	addi	a2,sp,212
    6c74:	85ce                	mv	a1,s3
    6c76:	854a                	mv	a0,s2
    6c78:	729000ef          	jal	ra,7ba0 <__ssprint_r>
    6c7c:	16051263          	bnez	a0,6de0 <_svfprintf_r+0x15ca>
    6c80:	0fc10b93          	addi	s7,sp,252
    6c84:	5762                	lw	a4,56(sp)
    6c86:	47fe                	lw	a5,220(sp)
    6c88:	46a6                	lw	a3,72(sp)
    6c8a:	97ba                	add	a5,a5,a4
    6c8c:	cfbe                	sw	a5,220(sp)
    6c8e:	47ee                	lw	a5,216(sp)
    6c90:	00eba223          	sw	a4,4(s7)
    6c94:	0785                	addi	a5,a5,1
    6c96:	00dba023          	sw	a3,0(s7)
    6c9a:	cdbe                	sw	a5,216(sp)
    6c9c:	471d                	li	a4,7
    6c9e:	0ba1                	addi	s7,s7,8
    6ca0:	00f75b63          	bge	a4,a5,6cb6 <_svfprintf_r+0x14a0>
    6ca4:	09d0                	addi	a2,sp,212
    6ca6:	85ce                	mv	a1,s3
    6ca8:	854a                	mv	a0,s2
    6caa:	6f7000ef          	jal	ra,7ba0 <__ssprint_r>
    6cae:	12051963          	bnez	a0,6de0 <_svfprintf_r+0x15ca>
    6cb2:	0fc10b93          	addi	s7,sp,252
    6cb6:	578e                	lw	a5,224(sp)
    6cb8:	090c                	addi	a1,sp,144
    6cba:	d13e                	sw	a5,160(sp)
    6cbc:	579e                	lw	a5,228(sp)
    6cbe:	1108                	addi	a0,sp,160
    6cc0:	d33e                	sw	a5,164(sp)
    6cc2:	57ae                	lw	a5,232(sp)
    6cc4:	fffa0a93          	addi	s5,s4,-1
    6cc8:	d53e                	sw	a5,168(sp)
    6cca:	57be                	lw	a5,236(sp)
    6ccc:	c902                	sw	zero,144(sp)
    6cce:	d73e                	sw	a5,172(sp)
    6cd0:	cb02                	sw	zero,148(sp)
    6cd2:	cd02                	sw	zero,152(sp)
    6cd4:	cf02                	sw	zero,156(sp)
    6cd6:	1e1020ef          	jal	ra,96b6 <__eqtf2>
    6cda:	cd21                	beqz	a0,6d32 <_svfprintf_r+0x151c>
    6cdc:	47fe                	lw	a5,220(sp)
    6cde:	476e                	lw	a4,216(sp)
    6ce0:	17fd                	addi	a5,a5,-1
    6ce2:	97d2                	add	a5,a5,s4
    6ce4:	0705                	addi	a4,a4,1
    6ce6:	0485                	addi	s1,s1,1
    6ce8:	009ba023          	sw	s1,0(s7)
    6cec:	015ba223          	sw	s5,4(s7)
    6cf0:	cfbe                	sw	a5,220(sp)
    6cf2:	cdba                	sw	a4,216(sp)
    6cf4:	479d                	li	a5,7
    6cf6:	0ba1                	addi	s7,s7,8
    6cf8:	00e7da63          	bge	a5,a4,6d0c <_svfprintf_r+0x14f6>
    6cfc:	09d0                	addi	a2,sp,212
    6cfe:	85ce                	mv	a1,s3
    6d00:	854a                	mv	a0,s2
    6d02:	69f000ef          	jal	ra,7ba0 <__ssprint_r>
    6d06:	ed69                	bnez	a0,6de0 <_svfprintf_r+0x15ca>
    6d08:	0fc10b93          	addi	s7,sp,252
    6d0c:	01dc                	addi	a5,sp,196
    6d0e:	46d6                	lw	a3,84(sp)
    6d10:	00fba023          	sw	a5,0(s7)
    6d14:	47fe                	lw	a5,220(sp)
    6d16:	00dba223          	sw	a3,4(s7)
    6d1a:	97b6                	add	a5,a5,a3
    6d1c:	cfbe                	sw	a5,220(sp)
    6d1e:	47ee                	lw	a5,216(sp)
    6d20:	471d                	li	a4,7
    6d22:	0785                	addi	a5,a5,1
    6d24:	cdbe                	sw	a5,216(sp)
    6d26:	008b8893          	addi	a7,s7,8
    6d2a:	aef75ee3          	bge	a4,a5,6826 <_svfprintf_r+0x1010>
    6d2e:	fa8ff06f          	j	64d6 <_svfprintf_r+0xcc0>
    6d32:	fd505de3          	blez	s5,6d0c <_svfprintf_r+0x14f6>
    6d36:	44c1                	li	s1,16
    6d38:	4c1d                	li	s8,7
    6d3a:	476e                	lw	a4,216(sp)
    6d3c:	47fe                	lw	a5,220(sp)
    6d3e:	0705                	addi	a4,a4,1
    6d40:	008b8693          	addi	a3,s7,8
    6d44:	0154cf63          	blt	s1,s5,6d62 <_svfprintf_r+0x154c>
    6d48:	6631                	lui	a2,0xc
    6d4a:	97d6                	add	a5,a5,s5
    6d4c:	1cc60613          	addi	a2,a2,460 # c1cc <zeroes.4369>
    6d50:	00cba023          	sw	a2,0(s7)
    6d54:	015ba223          	sw	s5,4(s7)
    6d58:	cfbe                	sw	a5,220(sp)
    6d5a:	cdba                	sw	a4,216(sp)
    6d5c:	479d                	li	a5,7
    6d5e:	8bb6                	mv	s7,a3
    6d60:	bf61                	j	6cf8 <_svfprintf_r+0x14e2>
    6d62:	65b1                	lui	a1,0xc
    6d64:	1cc58593          	addi	a1,a1,460 # c1cc <zeroes.4369>
    6d68:	07c1                	addi	a5,a5,16
    6d6a:	00bba023          	sw	a1,0(s7)
    6d6e:	009ba223          	sw	s1,4(s7)
    6d72:	cfbe                	sw	a5,220(sp)
    6d74:	cdba                	sw	a4,216(sp)
    6d76:	00ec5963          	bge	s8,a4,6d88 <_svfprintf_r+0x1572>
    6d7a:	09d0                	addi	a2,sp,212
    6d7c:	85ce                	mv	a1,s3
    6d7e:	854a                	mv	a0,s2
    6d80:	621000ef          	jal	ra,7ba0 <__ssprint_r>
    6d84:	ed31                	bnez	a0,6de0 <_svfprintf_r+0x15ca>
    6d86:	19f4                	addi	a3,sp,252
    6d88:	1ac1                	addi	s5,s5,-16
    6d8a:	8bb6                	mv	s7,a3
    6d8c:	b77d                	j	6d3a <_svfprintf_r+0x1524>
    6d8e:	00e8a223          	sw	a4,4(a7)
    6d92:	cfee                	sw	s11,220(sp)
    6d94:	cdbe                	sw	a5,216(sp)
    6d96:	471d                	li	a4,7
    6d98:	f6f75ae3          	bge	a4,a5,6d0c <_svfprintf_r+0x14f6>
    6d9c:	b785                	j	6cfc <_svfprintf_r+0x14e6>
    6d9e:	4586                	lw	a1,64(sp)
    6da0:	56d2                	lw	a3,52(sp)
    6da2:	40d58433          	sub	s0,a1,a3
    6da6:	a88053e3          	blez	s0,682c <_svfprintf_r+0x1016>
    6daa:	64b1                	lui	s1,0xc
    6dac:	4ac1                	li	s5,16
    6dae:	1bc48493          	addi	s1,s1,444 # c1bc <blanks.4368>
    6db2:	4b9d                	li	s7,7
    6db4:	47ee                	lw	a5,216(sp)
    6db6:	0098a023          	sw	s1,0(a7)
    6dba:	477e                	lw	a4,220(sp)
    6dbc:	0785                	addi	a5,a5,1
    6dbe:	028acb63          	blt	s5,s0,6df4 <_svfprintf_r+0x15de>
    6dc2:	0088a223          	sw	s0,4(a7)
    6dc6:	943a                	add	s0,s0,a4
    6dc8:	cfa2                	sw	s0,220(sp)
    6dca:	cdbe                	sw	a5,216(sp)
    6dcc:	471d                	li	a4,7
    6dce:	a4f75fe3          	bge	a4,a5,682c <_svfprintf_r+0x1016>
    6dd2:	09d0                	addi	a2,sp,212
    6dd4:	85ce                	mv	a1,s3
    6dd6:	854a                	mv	a0,s2
    6dd8:	5c9000ef          	jal	ra,7ba0 <__ssprint_r>
    6ddc:	a40508e3          	beqz	a0,682c <_svfprintf_r+0x1016>
    6de0:	5792                	lw	a5,36(sp)
    6de2:	e399                	bnez	a5,6de8 <_svfprintf_r+0x15d2>
    6de4:	eabfe06f          	j	5c8e <_svfprintf_r+0x478>
    6de8:	85be                	mv	a1,a5
    6dea:	854a                	mv	a0,s2
    6dec:	ea0fb0ef          	jal	ra,248c <_free_r>
    6df0:	e9ffe06f          	j	5c8e <_svfprintf_r+0x478>
    6df4:	0741                	addi	a4,a4,16
    6df6:	0158a223          	sw	s5,4(a7)
    6dfa:	cfba                	sw	a4,220(sp)
    6dfc:	cdbe                	sw	a5,216(sp)
    6dfe:	08a1                	addi	a7,a7,8
    6e00:	00fbda63          	bge	s7,a5,6e14 <_svfprintf_r+0x15fe>
    6e04:	09d0                	addi	a2,sp,212
    6e06:	85ce                	mv	a1,s3
    6e08:	854a                	mv	a0,s2
    6e0a:	597000ef          	jal	ra,7ba0 <__ssprint_r>
    6e0e:	f969                	bnez	a0,6de0 <_svfprintf_r+0x15ca>
    6e10:	0fc10893          	addi	a7,sp,252
    6e14:	1441                	addi	s0,s0,-16
    6e16:	bf79                	j	6db4 <_svfprintf_r+0x159e>
    6e18:	5592                	lw	a1,36(sp)
    6e1a:	854a                	mv	a0,s2
    6e1c:	e70fb0ef          	jal	ra,248c <_free_r>
    6e20:	bc1d                	j	6856 <_svfprintf_r+0x1040>
    6e22:	47fe                	lw	a5,220(sp)
    6e24:	e399                	bnez	a5,6e2a <_svfprintf_r+0x1614>
    6e26:	e69fe06f          	j	5c8e <_svfprintf_r+0x478>
    6e2a:	09d0                	addi	a2,sp,212
    6e2c:	85ce                	mv	a1,s3
    6e2e:	854a                	mv	a0,s2
    6e30:	571000ef          	jal	ra,7ba0 <__ssprint_r>
    6e34:	e5bfe06f          	j	5c8e <_svfprintf_r+0x478>

00006e38 <__sprint_r>:
    6e38:	7179                	addi	sp,sp,-48
    6e3a:	461c                	lw	a5,8(a2)
    6e3c:	d422                	sw	s0,40(sp)
    6e3e:	d606                	sw	ra,44(sp)
    6e40:	d226                	sw	s1,36(sp)
    6e42:	d04a                	sw	s2,32(sp)
    6e44:	ce4e                	sw	s3,28(sp)
    6e46:	cc52                	sw	s4,24(sp)
    6e48:	ca56                	sw	s5,20(sp)
    6e4a:	c85a                	sw	s6,16(sp)
    6e4c:	c65e                	sw	s7,12(sp)
    6e4e:	c462                	sw	s8,8(sp)
    6e50:	8432                	mv	s0,a2
    6e52:	e385                	bnez	a5,6e72 <__sprint_r+0x3a>
    6e54:	00062223          	sw	zero,4(a2)
    6e58:	4501                	li	a0,0
    6e5a:	50b2                	lw	ra,44(sp)
    6e5c:	5422                	lw	s0,40(sp)
    6e5e:	5492                	lw	s1,36(sp)
    6e60:	5902                	lw	s2,32(sp)
    6e62:	49f2                	lw	s3,28(sp)
    6e64:	4a62                	lw	s4,24(sp)
    6e66:	4ad2                	lw	s5,20(sp)
    6e68:	4b42                	lw	s6,16(sp)
    6e6a:	4bb2                	lw	s7,12(sp)
    6e6c:	4c22                	lw	s8,8(sp)
    6e6e:	6145                	addi	sp,sp,48
    6e70:	8082                	ret
    6e72:	51fc                	lw	a5,100(a1)
    6e74:	892e                	mv	s2,a1
    6e76:	01279713          	slli	a4,a5,0x12
    6e7a:	04075a63          	bgez	a4,6ece <__sprint_r+0x96>
    6e7e:	4204                	lw	s1,0(a2)
    6e80:	8a2a                	mv	s4,a0
    6e82:	5bfd                	li	s7,-1
    6e84:	441c                	lw	a5,8(s0)
    6e86:	e799                	bnez	a5,6e94 <__sprint_r+0x5c>
    6e88:	4501                	li	a0,0
    6e8a:	00042423          	sw	zero,8(s0)
    6e8e:	00042223          	sw	zero,4(s0)
    6e92:	b7e1                	j	6e5a <__sprint_r+0x22>
    6e94:	0044a983          	lw	s3,4(s1)
    6e98:	0004ab03          	lw	s6,0(s1)
    6e9c:	0029dc13          	srli	s8,s3,0x2
    6ea0:	4a81                	li	s5,0
    6ea2:	018acb63          	blt	s5,s8,6eb8 <__sprint_r+0x80>
    6ea6:	441c                	lw	a5,8(s0)
    6ea8:	ffc9f993          	andi	s3,s3,-4
    6eac:	413789b3          	sub	s3,a5,s3
    6eb0:	01342423          	sw	s3,8(s0)
    6eb4:	04a1                	addi	s1,s1,8
    6eb6:	b7f9                	j	6e84 <__sprint_r+0x4c>
    6eb8:	000b2583          	lw	a1,0(s6)
    6ebc:	864a                	mv	a2,s2
    6ebe:	8552                	mv	a0,s4
    6ec0:	3db000ef          	jal	ra,7a9a <_fputwc_r>
    6ec4:	0b11                	addi	s6,s6,4
    6ec6:	01750763          	beq	a0,s7,6ed4 <__sprint_r+0x9c>
    6eca:	0a85                	addi	s5,s5,1
    6ecc:	bfd9                	j	6ea2 <__sprint_r+0x6a>
    6ece:	f5cfb0ef          	jal	ra,262a <__sfvwrite_r>
    6ed2:	bf65                	j	6e8a <__sprint_r+0x52>
    6ed4:	557d                	li	a0,-1
    6ed6:	bf55                	j	6e8a <__sprint_r+0x52>

00006ed8 <_vfiprintf_r>:
    6ed8:	7169                	addi	sp,sp,-304
    6eda:	12812423          	sw	s0,296(sp)
    6ede:	13212023          	sw	s2,288(sp)
    6ee2:	11312e23          	sw	s3,284(sp)
    6ee6:	11412c23          	sw	s4,280(sp)
    6eea:	12112623          	sw	ra,300(sp)
    6eee:	12912223          	sw	s1,292(sp)
    6ef2:	11512a23          	sw	s5,276(sp)
    6ef6:	11612823          	sw	s6,272(sp)
    6efa:	11712623          	sw	s7,268(sp)
    6efe:	11812423          	sw	s8,264(sp)
    6f02:	11912223          	sw	s9,260(sp)
    6f06:	11a12023          	sw	s10,256(sp)
    6f0a:	dfee                	sw	s11,252(sp)
    6f0c:	89aa                	mv	s3,a0
    6f0e:	842e                	mv	s0,a1
    6f10:	8a32                	mv	s4,a2
    6f12:	8936                	mv	s2,a3
    6f14:	c509                	beqz	a0,6f1e <_vfiprintf_r+0x46>
    6f16:	5d1c                	lw	a5,56(a0)
    6f18:	e399                	bnez	a5,6f1e <_vfiprintf_r+0x46>
    6f1a:	baefb0ef          	jal	ra,22c8 <__sinit>
    6f1e:	00c41783          	lh	a5,12(s0)
    6f22:	01279713          	slli	a4,a5,0x12
    6f26:	00074b63          	bltz	a4,6f3c <_vfiprintf_r+0x64>
    6f2a:	6689                	lui	a3,0x2
    6f2c:	8fd5                	or	a5,a5,a3
    6f2e:	5078                	lw	a4,100(s0)
    6f30:	00f41623          	sh	a5,12(s0)
    6f34:	77f9                	lui	a5,0xffffe
    6f36:	17fd                	addi	a5,a5,-1
    6f38:	8ff9                	and	a5,a5,a4
    6f3a:	d07c                	sw	a5,100(s0)
    6f3c:	00c45783          	lhu	a5,12(s0)
    6f40:	8ba1                	andi	a5,a5,8
    6f42:	c3a5                	beqz	a5,6fa2 <_vfiprintf_r+0xca>
    6f44:	481c                	lw	a5,16(s0)
    6f46:	cfb1                	beqz	a5,6fa2 <_vfiprintf_r+0xca>
    6f48:	00c45783          	lhu	a5,12(s0)
    6f4c:	4729                	li	a4,10
    6f4e:	8be9                	andi	a5,a5,26
    6f50:	06e79063          	bne	a5,a4,6fb0 <_vfiprintf_r+0xd8>
    6f54:	00e41783          	lh	a5,14(s0)
    6f58:	0407cc63          	bltz	a5,6fb0 <_vfiprintf_r+0xd8>
    6f5c:	86ca                	mv	a3,s2
    6f5e:	8652                	mv	a2,s4
    6f60:	85a2                	mv	a1,s0
    6f62:	854e                	mv	a0,s3
    6f64:	057000ef          	jal	ra,77ba <__sbprintf>
    6f68:	8baa                	mv	s7,a0
    6f6a:	12c12083          	lw	ra,300(sp)
    6f6e:	12812403          	lw	s0,296(sp)
    6f72:	855e                	mv	a0,s7
    6f74:	12412483          	lw	s1,292(sp)
    6f78:	12012903          	lw	s2,288(sp)
    6f7c:	11c12983          	lw	s3,284(sp)
    6f80:	11812a03          	lw	s4,280(sp)
    6f84:	11412a83          	lw	s5,276(sp)
    6f88:	11012b03          	lw	s6,272(sp)
    6f8c:	10c12b83          	lw	s7,268(sp)
    6f90:	10812c03          	lw	s8,264(sp)
    6f94:	10412c83          	lw	s9,260(sp)
    6f98:	10012d03          	lw	s10,256(sp)
    6f9c:	5dfe                	lw	s11,252(sp)
    6f9e:	6155                	addi	sp,sp,304
    6fa0:	8082                	ret
    6fa2:	85a2                	mv	a1,s0
    6fa4:	854e                	mv	a0,s3
    6fa6:	ed5fa0ef          	jal	ra,1e7a <__swsetup_r>
    6faa:	dd59                	beqz	a0,6f48 <_vfiprintf_r+0x70>
    6fac:	5bfd                	li	s7,-1
    6fae:	bf75                	j	6f6a <_vfiprintf_r+0x92>
    6fb0:	04c10b13          	addi	s6,sp,76
    6fb4:	c0da                	sw	s6,64(sp)
    6fb6:	c482                	sw	zero,72(sp)
    6fb8:	c282                	sw	zero,68(sp)
    6fba:	875a                	mv	a4,s6
    6fbc:	d202                	sw	zero,36(sp)
    6fbe:	ce02                	sw	zero,28(sp)
    6fc0:	d002                	sw	zero,32(sp)
    6fc2:	d402                	sw	zero,40(sp)
    6fc4:	4b81                	li	s7,0
    6fc6:	84d2                	mv	s1,s4
    6fc8:	02500693          	li	a3,37
    6fcc:	0004c783          	lbu	a5,0(s1)
    6fd0:	c399                	beqz	a5,6fd6 <_vfiprintf_r+0xfe>
    6fd2:	06d79b63          	bne	a5,a3,7048 <_vfiprintf_r+0x170>
    6fd6:	41448ab3          	sub	s5,s1,s4
    6fda:	020a8863          	beqz	s5,700a <_vfiprintf_r+0x132>
    6fde:	47a6                	lw	a5,72(sp)
    6fe0:	01472023          	sw	s4,0(a4)
    6fe4:	97d6                	add	a5,a5,s5
    6fe6:	c4be                	sw	a5,72(sp)
    6fe8:	4796                	lw	a5,68(sp)
    6fea:	01572223          	sw	s5,4(a4)
    6fee:	0785                	addi	a5,a5,1
    6ff0:	c2be                	sw	a5,68(sp)
    6ff2:	469d                	li	a3,7
    6ff4:	0721                	addi	a4,a4,8
    6ff6:	00f6d963          	bge	a3,a5,7008 <_vfiprintf_r+0x130>
    6ffa:	0090                	addi	a2,sp,64
    6ffc:	85a2                	mv	a1,s0
    6ffe:	854e                	mv	a0,s3
    7000:	3d25                	jal	6e38 <__sprint_r>
    7002:	76051463          	bnez	a0,776a <_vfiprintf_r+0x892>
    7006:	875a                	mv	a4,s6
    7008:	9bd6                	add	s7,s7,s5
    700a:	0004c783          	lbu	a5,0(s1)
    700e:	78078763          	beqz	a5,779c <_vfiprintf_r+0x8c4>
    7012:	00148a13          	addi	s4,s1,1
    7016:	02010da3          	sb	zero,59(sp)
    701a:	54fd                	li	s1,-1
    701c:	4a81                	li	s5,0
    701e:	4d01                	li	s10,0
    7020:	4c29                	li	s8,10
    7022:	02a00c93          	li	s9,42
    7026:	05a00813          	li	a6,90
    702a:	45a5                	li	a1,9
    702c:	000a4603          	lbu	a2,0(s4)
    7030:	0a05                	addi	s4,s4,1
    7032:	fe060693          	addi	a3,a2,-32
    7036:	66d86263          	bltu	a6,a3,769a <_vfiprintf_r+0x7c2>
    703a:	67b1                	lui	a5,0xc
    703c:	068a                	slli	a3,a3,0x2
    703e:	1dc78793          	addi	a5,a5,476 # c1dc <zeroes.4369+0x10>
    7042:	96be                	add	a3,a3,a5
    7044:	4294                	lw	a3,0(a3)
    7046:	8682                	jr	a3
    7048:	0485                	addi	s1,s1,1
    704a:	b749                	j	6fcc <_vfiprintf_r+0xf4>
    704c:	0000c6b7          	lui	a3,0xc
    7050:	c8468693          	addi	a3,a3,-892 # bc84 <zeroes.4384+0x68>
    7054:	d236                	sw	a3,36(sp)
    7056:	020d7693          	andi	a3,s10,32
    705a:	4e068163          	beqz	a3,753c <_vfiprintf_r+0x664>
    705e:	091d                	addi	s2,s2,7
    7060:	ff897913          	andi	s2,s2,-8
    7064:	00092883          	lw	a7,0(s2)
    7068:	00492c83          	lw	s9,4(s2)
    706c:	00890c13          	addi	s8,s2,8
    7070:	001d7693          	andi	a3,s10,1
    7074:	ce81                	beqz	a3,708c <_vfiprintf_r+0x1b4>
    7076:	0198e6b3          	or	a3,a7,s9
    707a:	ca89                	beqz	a3,708c <_vfiprintf_r+0x1b4>
    707c:	03000693          	li	a3,48
    7080:	02d10e23          	sb	a3,60(sp)
    7084:	02c10ea3          	sb	a2,61(sp)
    7088:	002d6d13          	ori	s10,s10,2
    708c:	bffd7d13          	andi	s10,s10,-1025
    7090:	a4b5                	j	72fc <_vfiprintf_r+0x424>
    7092:	854e                	mv	a0,s3
    7094:	c83a                	sw	a4,16(sp)
    7096:	fbffc0ef          	jal	ra,4054 <_localeconv_r>
    709a:	4148                	lw	a0,4(a0)
    709c:	d42a                	sw	a0,40(sp)
    709e:	edaf90ef          	jal	ra,778 <strlen>
    70a2:	d02a                	sw	a0,32(sp)
    70a4:	854e                	mv	a0,s3
    70a6:	faffc0ef          	jal	ra,4054 <_localeconv_r>
    70aa:	4508                	lw	a0,8(a0)
    70ac:	5782                	lw	a5,32(sp)
    70ae:	ce2a                	sw	a0,28(sp)
    70b0:	4742                	lw	a4,16(sp)
    70b2:	dbb5                	beqz	a5,7026 <_vfiprintf_r+0x14e>
    70b4:	d92d                	beqz	a0,7026 <_vfiprintf_r+0x14e>
    70b6:	00054683          	lbu	a3,0(a0)
    70ba:	d6b5                	beqz	a3,7026 <_vfiprintf_r+0x14e>
    70bc:	400d6d13          	ori	s10,s10,1024
    70c0:	b79d                	j	7026 <_vfiprintf_r+0x14e>
    70c2:	03b14683          	lbu	a3,59(sp)
    70c6:	f2a5                	bnez	a3,7026 <_vfiprintf_r+0x14e>
    70c8:	02000693          	li	a3,32
    70cc:	02d10da3          	sb	a3,59(sp)
    70d0:	bf99                	j	7026 <_vfiprintf_r+0x14e>
    70d2:	001d6d13          	ori	s10,s10,1
    70d6:	bf81                	j	7026 <_vfiprintf_r+0x14e>
    70d8:	00092a83          	lw	s5,0(s2)
    70dc:	0911                	addi	s2,s2,4
    70de:	f40ad4e3          	bgez	s5,7026 <_vfiprintf_r+0x14e>
    70e2:	41500ab3          	neg	s5,s5
    70e6:	004d6d13          	ori	s10,s10,4
    70ea:	bf35                	j	7026 <_vfiprintf_r+0x14e>
    70ec:	02b00693          	li	a3,43
    70f0:	bff1                	j	70cc <_vfiprintf_r+0x1f4>
    70f2:	000a4603          	lbu	a2,0(s4)
    70f6:	001a0693          	addi	a3,s4,1
    70fa:	03961863          	bne	a2,s9,712a <_vfiprintf_r+0x252>
    70fe:	00092483          	lw	s1,0(s2)
    7102:	00490613          	addi	a2,s2,4
    7106:	0004d363          	bgez	s1,710c <_vfiprintf_r+0x234>
    710a:	54fd                	li	s1,-1
    710c:	8932                	mv	s2,a2
    710e:	8a36                	mv	s4,a3
    7110:	bf19                	j	7026 <_vfiprintf_r+0x14e>
    7112:	0685                	addi	a3,a3,1
    7114:	038484b3          	mul	s1,s1,s8
    7118:	fff6c603          	lbu	a2,-1(a3)
    711c:	94aa                	add	s1,s1,a0
    711e:	fd060513          	addi	a0,a2,-48
    7122:	fea5f8e3          	bgeu	a1,a0,7112 <_vfiprintf_r+0x23a>
    7126:	8a36                	mv	s4,a3
    7128:	b729                	j	7032 <_vfiprintf_r+0x15a>
    712a:	4481                	li	s1,0
    712c:	bfcd                	j	711e <_vfiprintf_r+0x246>
    712e:	080d6d13          	ori	s10,s10,128
    7132:	bdd5                	j	7026 <_vfiprintf_r+0x14e>
    7134:	86d2                	mv	a3,s4
    7136:	4a81                	li	s5,0
    7138:	fd060613          	addi	a2,a2,-48
    713c:	038a8ab3          	mul	s5,s5,s8
    7140:	0685                	addi	a3,a3,1
    7142:	9ab2                	add	s5,s5,a2
    7144:	fff6c603          	lbu	a2,-1(a3)
    7148:	fd060513          	addi	a0,a2,-48
    714c:	fea5f6e3          	bgeu	a1,a0,7138 <_vfiprintf_r+0x260>
    7150:	bfd9                	j	7126 <_vfiprintf_r+0x24e>
    7152:	000a4603          	lbu	a2,0(s4)
    7156:	06800693          	li	a3,104
    715a:	00d61663          	bne	a2,a3,7166 <_vfiprintf_r+0x28e>
    715e:	0a05                	addi	s4,s4,1
    7160:	200d6d13          	ori	s10,s10,512
    7164:	b5c9                	j	7026 <_vfiprintf_r+0x14e>
    7166:	040d6d13          	ori	s10,s10,64
    716a:	bd75                	j	7026 <_vfiprintf_r+0x14e>
    716c:	000a4603          	lbu	a2,0(s4)
    7170:	06c00693          	li	a3,108
    7174:	00d61663          	bne	a2,a3,7180 <_vfiprintf_r+0x2a8>
    7178:	0a05                	addi	s4,s4,1
    717a:	020d6d13          	ori	s10,s10,32
    717e:	b565                	j	7026 <_vfiprintf_r+0x14e>
    7180:	010d6d13          	ori	s10,s10,16
    7184:	b54d                	j	7026 <_vfiprintf_r+0x14e>
    7186:	00092683          	lw	a3,0(s2)
    718a:	00490c13          	addi	s8,s2,4
    718e:	08d10623          	sb	a3,140(sp)
    7192:	02010da3          	sb	zero,59(sp)
    7196:	4485                	li	s1,1
    7198:	4c81                	li	s9,0
    719a:	08c10913          	addi	s2,sp,140
    719e:	a269                	j	7328 <_vfiprintf_r+0x450>
    71a0:	010d6d13          	ori	s10,s10,16
    71a4:	020d7693          	andi	a3,s10,32
    71a8:	c6b9                	beqz	a3,71f6 <_vfiprintf_r+0x31e>
    71aa:	091d                	addi	s2,s2,7
    71ac:	ff897913          	andi	s2,s2,-8
    71b0:	00092883          	lw	a7,0(s2)
    71b4:	00492c83          	lw	s9,4(s2)
    71b8:	00890c13          	addi	s8,s2,8
    71bc:	000cde63          	bgez	s9,71d8 <_vfiprintf_r+0x300>
    71c0:	411008b3          	neg	a7,a7
    71c4:	011036b3          	snez	a3,a7
    71c8:	41900333          	neg	t1,s9
    71cc:	40d30cb3          	sub	s9,t1,a3
    71d0:	02d00693          	li	a3,45
    71d4:	02d10da3          	sb	a3,59(sp)
    71d8:	56fd                	li	a3,-1
    71da:	38d49663          	bne	s1,a3,7566 <_vfiprintf_r+0x68e>
    71de:	3e0c9363          	bnez	s9,75c4 <_vfiprintf_r+0x6ec>
    71e2:	46a5                	li	a3,9
    71e4:	3f16e063          	bltu	a3,a7,75c4 <_vfiprintf_r+0x6ec>
    71e8:	03088893          	addi	a7,a7,48
    71ec:	0f1107a3          	sb	a7,239(sp)
    71f0:	0ef10913          	addi	s2,sp,239
    71f4:	a6c9                	j	75b6 <_vfiprintf_r+0x6de>
    71f6:	010d7693          	andi	a3,s10,16
    71fa:	00490c13          	addi	s8,s2,4
    71fe:	c691                	beqz	a3,720a <_vfiprintf_r+0x332>
    7200:	00092883          	lw	a7,0(s2)
    7204:	41f8dc93          	srai	s9,a7,0x1f
    7208:	bf55                	j	71bc <_vfiprintf_r+0x2e4>
    720a:	040d7693          	andi	a3,s10,64
    720e:	00092883          	lw	a7,0(s2)
    7212:	c689                	beqz	a3,721c <_vfiprintf_r+0x344>
    7214:	08c2                	slli	a7,a7,0x10
    7216:	4108d893          	srai	a7,a7,0x10
    721a:	b7ed                	j	7204 <_vfiprintf_r+0x32c>
    721c:	200d7693          	andi	a3,s10,512
    7220:	d2f5                	beqz	a3,7204 <_vfiprintf_r+0x32c>
    7222:	08e2                	slli	a7,a7,0x18
    7224:	4188d893          	srai	a7,a7,0x18
    7228:	bff1                	j	7204 <_vfiprintf_r+0x32c>
    722a:	020d7613          	andi	a2,s10,32
    722e:	00092683          	lw	a3,0(s2)
    7232:	0911                	addi	s2,s2,4
    7234:	c619                	beqz	a2,7242 <_vfiprintf_r+0x36a>
    7236:	41fbd793          	srai	a5,s7,0x1f
    723a:	0176a023          	sw	s7,0(a3)
    723e:	c2dc                	sw	a5,4(a3)
    7240:	b359                	j	6fc6 <_vfiprintf_r+0xee>
    7242:	010d7613          	andi	a2,s10,16
    7246:	c601                	beqz	a2,724e <_vfiprintf_r+0x376>
    7248:	0176a023          	sw	s7,0(a3)
    724c:	bbad                	j	6fc6 <_vfiprintf_r+0xee>
    724e:	040d7613          	andi	a2,s10,64
    7252:	c609                	beqz	a2,725c <_vfiprintf_r+0x384>
    7254:	87de                	mv	a5,s7
    7256:	00f69023          	sh	a5,0(a3)
    725a:	b3b5                	j	6fc6 <_vfiprintf_r+0xee>
    725c:	200d7793          	andi	a5,s10,512
    7260:	d7e5                	beqz	a5,7248 <_vfiprintf_r+0x370>
    7262:	87de                	mv	a5,s7
    7264:	00f68023          	sb	a5,0(a3)
    7268:	bbb9                	j	6fc6 <_vfiprintf_r+0xee>
    726a:	010d6d13          	ori	s10,s10,16
    726e:	020d7693          	andi	a3,s10,32
    7272:	ce9d                	beqz	a3,72b0 <_vfiprintf_r+0x3d8>
    7274:	091d                	addi	s2,s2,7
    7276:	ff897913          	andi	s2,s2,-8
    727a:	00092883          	lw	a7,0(s2)
    727e:	00492c83          	lw	s9,4(s2)
    7282:	00890c13          	addi	s8,s2,8
    7286:	bffd7d13          	andi	s10,s10,-1025
    728a:	4681                	li	a3,0
    728c:	02010da3          	sb	zero,59(sp)
    7290:	567d                	li	a2,-1
    7292:	2cc48d63          	beq	s1,a2,756c <_vfiprintf_r+0x694>
    7296:	866a                	mv	a2,s10
    7298:	0198e5b3          	or	a1,a7,s9
    729c:	f7fd7d13          	andi	s10,s10,-129
    72a0:	2c059663          	bnez	a1,756c <_vfiprintf_r+0x694>
    72a4:	3e048163          	beqz	s1,7686 <_vfiprintf_r+0x7ae>
    72a8:	4605                	li	a2,1
    72aa:	2cc69463          	bne	a3,a2,7572 <_vfiprintf_r+0x69a>
    72ae:	bf2d                	j	71e8 <_vfiprintf_r+0x310>
    72b0:	010d7693          	andi	a3,s10,16
    72b4:	00490c13          	addi	s8,s2,4
    72b8:	c681                	beqz	a3,72c0 <_vfiprintf_r+0x3e8>
    72ba:	00092883          	lw	a7,0(s2)
    72be:	a031                	j	72ca <_vfiprintf_r+0x3f2>
    72c0:	040d7693          	andi	a3,s10,64
    72c4:	c689                	beqz	a3,72ce <_vfiprintf_r+0x3f6>
    72c6:	00095883          	lhu	a7,0(s2)
    72ca:	4c81                	li	s9,0
    72cc:	bf6d                	j	7286 <_vfiprintf_r+0x3ae>
    72ce:	200d7693          	andi	a3,s10,512
    72d2:	d6e5                	beqz	a3,72ba <_vfiprintf_r+0x3e2>
    72d4:	00094883          	lbu	a7,0(s2)
    72d8:	bfcd                	j	72ca <_vfiprintf_r+0x3f2>
    72da:	76e1                	lui	a3,0xffff8
    72dc:	8306c693          	xori	a3,a3,-2000
    72e0:	02d11e23          	sh	a3,60(sp)
    72e4:	0000c6b7          	lui	a3,0xc
    72e8:	c7068693          	addi	a3,a3,-912 # bc70 <zeroes.4384+0x54>
    72ec:	00092883          	lw	a7,0(s2)
    72f0:	00490c13          	addi	s8,s2,4
    72f4:	4c81                	li	s9,0
    72f6:	002d6d13          	ori	s10,s10,2
    72fa:	d236                	sw	a3,36(sp)
    72fc:	4689                	li	a3,2
    72fe:	b779                	j	728c <_vfiprintf_r+0x3b4>
    7300:	02010da3          	sb	zero,59(sp)
    7304:	56fd                	li	a3,-1
    7306:	00490c13          	addi	s8,s2,4
    730a:	00092903          	lw	s2,0(s2)
    730e:	1cd48563          	beq	s1,a3,74d8 <_vfiprintf_r+0x600>
    7312:	8626                	mv	a2,s1
    7314:	4581                	li	a1,0
    7316:	854a                	mv	a0,s2
    7318:	c83a                	sw	a4,16(sp)
    731a:	bc0fd0ef          	jal	ra,46da <memchr>
    731e:	4c81                	li	s9,0
    7320:	4742                	lw	a4,16(sp)
    7322:	c119                	beqz	a0,7328 <_vfiprintf_r+0x450>
    7324:	412504b3          	sub	s1,a0,s2
    7328:	cc66                	sw	s9,24(sp)
    732a:	009cd363          	bge	s9,s1,7330 <_vfiprintf_r+0x458>
    732e:	cc26                	sw	s1,24(sp)
    7330:	03b14683          	lbu	a3,59(sp)
    7334:	c681                	beqz	a3,733c <_vfiprintf_r+0x464>
    7336:	47e2                	lw	a5,24(sp)
    7338:	0785                	addi	a5,a5,1
    733a:	cc3e                	sw	a5,24(sp)
    733c:	002d7d93          	andi	s11,s10,2
    7340:	000d8563          	beqz	s11,734a <_vfiprintf_r+0x472>
    7344:	47e2                	lw	a5,24(sp)
    7346:	0789                	addi	a5,a5,2
    7348:	cc3e                	sw	a5,24(sp)
    734a:	084d7793          	andi	a5,s10,132
    734e:	d63e                	sw	a5,44(sp)
    7350:	e3b9                	bnez	a5,7396 <_vfiprintf_r+0x4be>
    7352:	47e2                	lw	a5,24(sp)
    7354:	40fa86b3          	sub	a3,s5,a5
    7358:	02d05f63          	blez	a3,7396 <_vfiprintf_r+0x4be>
    735c:	67b1                	lui	a5,0xc
    735e:	48c1                	li	a7,16
    7360:	34878813          	addi	a6,a5,840 # c348 <blanks.4359>
    7364:	431d                	li	t1,7
    7366:	4616                	lw	a2,68(sp)
    7368:	01072023          	sw	a6,0(a4)
    736c:	45a6                	lw	a1,72(sp)
    736e:	0605                	addi	a2,a2,1
    7370:	00870513          	addi	a0,a4,8
    7374:	32d8cb63          	blt	a7,a3,76aa <_vfiprintf_r+0x7d2>
    7378:	c354                	sw	a3,4(a4)
    737a:	96ae                	add	a3,a3,a1
    737c:	c4b6                	sw	a3,72(sp)
    737e:	c2b2                	sw	a2,68(sp)
    7380:	469d                	li	a3,7
    7382:	872a                	mv	a4,a0
    7384:	00c6d963          	bge	a3,a2,7396 <_vfiprintf_r+0x4be>
    7388:	0090                	addi	a2,sp,64
    738a:	85a2                	mv	a1,s0
    738c:	854e                	mv	a0,s3
    738e:	346d                	jal	6e38 <__sprint_r>
    7390:	3c051d63          	bnez	a0,776a <_vfiprintf_r+0x892>
    7394:	875a                	mv	a4,s6
    7396:	03b14683          	lbu	a3,59(sp)
    739a:	c69d                	beqz	a3,73c8 <_vfiprintf_r+0x4f0>
    739c:	03b10613          	addi	a2,sp,59
    73a0:	c310                	sw	a2,0(a4)
    73a2:	4605                	li	a2,1
    73a4:	4696                	lw	a3,68(sp)
    73a6:	c350                	sw	a2,4(a4)
    73a8:	4626                	lw	a2,72(sp)
    73aa:	0685                	addi	a3,a3,1
    73ac:	0605                	addi	a2,a2,1
    73ae:	c4b2                	sw	a2,72(sp)
    73b0:	c2b6                	sw	a3,68(sp)
    73b2:	461d                	li	a2,7
    73b4:	0721                	addi	a4,a4,8
    73b6:	00d65963          	bge	a2,a3,73c8 <_vfiprintf_r+0x4f0>
    73ba:	0090                	addi	a2,sp,64
    73bc:	85a2                	mv	a1,s0
    73be:	854e                	mv	a0,s3
    73c0:	3ca5                	jal	6e38 <__sprint_r>
    73c2:	3a051463          	bnez	a0,776a <_vfiprintf_r+0x892>
    73c6:	875a                	mv	a4,s6
    73c8:	020d8763          	beqz	s11,73f6 <_vfiprintf_r+0x51e>
    73cc:	1870                	addi	a2,sp,60
    73ce:	c310                	sw	a2,0(a4)
    73d0:	4609                	li	a2,2
    73d2:	4696                	lw	a3,68(sp)
    73d4:	c350                	sw	a2,4(a4)
    73d6:	4626                	lw	a2,72(sp)
    73d8:	0685                	addi	a3,a3,1
    73da:	0609                	addi	a2,a2,2
    73dc:	c4b2                	sw	a2,72(sp)
    73de:	c2b6                	sw	a3,68(sp)
    73e0:	461d                	li	a2,7
    73e2:	0721                	addi	a4,a4,8
    73e4:	00d65963          	bge	a2,a3,73f6 <_vfiprintf_r+0x51e>
    73e8:	0090                	addi	a2,sp,64
    73ea:	85a2                	mv	a1,s0
    73ec:	854e                	mv	a0,s3
    73ee:	34a9                	jal	6e38 <__sprint_r>
    73f0:	36051d63          	bnez	a0,776a <_vfiprintf_r+0x892>
    73f4:	875a                	mv	a4,s6
    73f6:	57b2                	lw	a5,44(sp)
    73f8:	08000693          	li	a3,128
    73fc:	04d79463          	bne	a5,a3,7444 <_vfiprintf_r+0x56c>
    7400:	47e2                	lw	a5,24(sp)
    7402:	40fa8db3          	sub	s11,s5,a5
    7406:	03b05f63          	blez	s11,7444 <_vfiprintf_r+0x56c>
    740a:	4841                	li	a6,16
    740c:	489d                	li	a7,7
    740e:	67b1                	lui	a5,0xc
    7410:	4696                	lw	a3,68(sp)
    7412:	35878793          	addi	a5,a5,856 # c358 <zeroes.4360>
    7416:	c31c                	sw	a5,0(a4)
    7418:	4626                	lw	a2,72(sp)
    741a:	0685                	addi	a3,a3,1
    741c:	00870593          	addi	a1,a4,8
    7420:	2bb84e63          	blt	a6,s11,76dc <_vfiprintf_r+0x804>
    7424:	01b72223          	sw	s11,4(a4)
    7428:	9db2                	add	s11,s11,a2
    742a:	c4ee                	sw	s11,72(sp)
    742c:	c2b6                	sw	a3,68(sp)
    742e:	461d                	li	a2,7
    7430:	872e                	mv	a4,a1
    7432:	00d65963          	bge	a2,a3,7444 <_vfiprintf_r+0x56c>
    7436:	0090                	addi	a2,sp,64
    7438:	85a2                	mv	a1,s0
    743a:	854e                	mv	a0,s3
    743c:	3af5                	jal	6e38 <__sprint_r>
    743e:	32051663          	bnez	a0,776a <_vfiprintf_r+0x892>
    7442:	875a                	mv	a4,s6
    7444:	409c8cb3          	sub	s9,s9,s1
    7448:	03905f63          	blez	s9,7486 <_vfiprintf_r+0x5ae>
    744c:	4dc1                	li	s11,16
    744e:	481d                	li	a6,7
    7450:	67b1                	lui	a5,0xc
    7452:	4696                	lw	a3,68(sp)
    7454:	35878793          	addi	a5,a5,856 # c358 <zeroes.4360>
    7458:	c31c                	sw	a5,0(a4)
    745a:	4626                	lw	a2,72(sp)
    745c:	0685                	addi	a3,a3,1
    745e:	00870593          	addi	a1,a4,8
    7462:	2b9dc263          	blt	s11,s9,7706 <_vfiprintf_r+0x82e>
    7466:	01972223          	sw	s9,4(a4)
    746a:	9cb2                	add	s9,s9,a2
    746c:	c4e6                	sw	s9,72(sp)
    746e:	c2b6                	sw	a3,68(sp)
    7470:	461d                	li	a2,7
    7472:	872e                	mv	a4,a1
    7474:	00d65963          	bge	a2,a3,7486 <_vfiprintf_r+0x5ae>
    7478:	0090                	addi	a2,sp,64
    747a:	85a2                	mv	a1,s0
    747c:	854e                	mv	a0,s3
    747e:	3a6d                	jal	6e38 <__sprint_r>
    7480:	2e051563          	bnez	a0,776a <_vfiprintf_r+0x892>
    7484:	875a                	mv	a4,s6
    7486:	46a6                	lw	a3,72(sp)
    7488:	c344                	sw	s1,4(a4)
    748a:	94b6                	add	s1,s1,a3
    748c:	4696                	lw	a3,68(sp)
    748e:	01272023          	sw	s2,0(a4)
    7492:	0685                	addi	a3,a3,1
    7494:	c4a6                	sw	s1,72(sp)
    7496:	c2b6                	sw	a3,68(sp)
    7498:	461d                	li	a2,7
    749a:	0721                	addi	a4,a4,8
    749c:	00d65963          	bge	a2,a3,74ae <_vfiprintf_r+0x5d6>
    74a0:	0090                	addi	a2,sp,64
    74a2:	85a2                	mv	a1,s0
    74a4:	854e                	mv	a0,s3
    74a6:	3a49                	jal	6e38 <__sprint_r>
    74a8:	2c051163          	bnez	a0,776a <_vfiprintf_r+0x892>
    74ac:	875a                	mv	a4,s6
    74ae:	004d7793          	andi	a5,s10,4
    74b2:	26079d63          	bnez	a5,772c <_vfiprintf_r+0x854>
    74b6:	4762                	lw	a4,24(sp)
    74b8:	00ead363          	bge	s5,a4,74be <_vfiprintf_r+0x5e6>
    74bc:	8aba                	mv	s5,a4
    74be:	47a6                	lw	a5,72(sp)
    74c0:	9bd6                	add	s7,s7,s5
    74c2:	c799                	beqz	a5,74d0 <_vfiprintf_r+0x5f8>
    74c4:	0090                	addi	a2,sp,64
    74c6:	85a2                	mv	a1,s0
    74c8:	854e                	mv	a0,s3
    74ca:	32bd                	jal	6e38 <__sprint_r>
    74cc:	28051f63          	bnez	a0,776a <_vfiprintf_r+0x892>
    74d0:	c282                	sw	zero,68(sp)
    74d2:	8962                	mv	s2,s8
    74d4:	875a                	mv	a4,s6
    74d6:	bcc5                	j	6fc6 <_vfiprintf_r+0xee>
    74d8:	854a                	mv	a0,s2
    74da:	c83a                	sw	a4,16(sp)
    74dc:	a9cf90ef          	jal	ra,778 <strlen>
    74e0:	84aa                	mv	s1,a0
    74e2:	4c81                	li	s9,0
    74e4:	4742                	lw	a4,16(sp)
    74e6:	b589                	j	7328 <_vfiprintf_r+0x450>
    74e8:	010d6d13          	ori	s10,s10,16
    74ec:	020d7693          	andi	a3,s10,32
    74f0:	ce81                	beqz	a3,7508 <_vfiprintf_r+0x630>
    74f2:	091d                	addi	s2,s2,7
    74f4:	ff897913          	andi	s2,s2,-8
    74f8:	00092883          	lw	a7,0(s2)
    74fc:	00492c83          	lw	s9,4(s2)
    7500:	00890c13          	addi	s8,s2,8
    7504:	4685                	li	a3,1
    7506:	b359                	j	728c <_vfiprintf_r+0x3b4>
    7508:	010d7693          	andi	a3,s10,16
    750c:	00490c13          	addi	s8,s2,4
    7510:	c681                	beqz	a3,7518 <_vfiprintf_r+0x640>
    7512:	00092883          	lw	a7,0(s2)
    7516:	a031                	j	7522 <_vfiprintf_r+0x64a>
    7518:	040d7693          	andi	a3,s10,64
    751c:	c689                	beqz	a3,7526 <_vfiprintf_r+0x64e>
    751e:	00095883          	lhu	a7,0(s2)
    7522:	4c81                	li	s9,0
    7524:	b7c5                	j	7504 <_vfiprintf_r+0x62c>
    7526:	200d7693          	andi	a3,s10,512
    752a:	d6e5                	beqz	a3,7512 <_vfiprintf_r+0x63a>
    752c:	00094883          	lbu	a7,0(s2)
    7530:	bfcd                	j	7522 <_vfiprintf_r+0x64a>
    7532:	0000c6b7          	lui	a3,0xc
    7536:	c7068693          	addi	a3,a3,-912 # bc70 <zeroes.4384+0x54>
    753a:	be29                	j	7054 <_vfiprintf_r+0x17c>
    753c:	010d7693          	andi	a3,s10,16
    7540:	00490c13          	addi	s8,s2,4
    7544:	c681                	beqz	a3,754c <_vfiprintf_r+0x674>
    7546:	00092883          	lw	a7,0(s2)
    754a:	a031                	j	7556 <_vfiprintf_r+0x67e>
    754c:	040d7693          	andi	a3,s10,64
    7550:	c689                	beqz	a3,755a <_vfiprintf_r+0x682>
    7552:	00095883          	lhu	a7,0(s2)
    7556:	4c81                	li	s9,0
    7558:	be21                	j	7070 <_vfiprintf_r+0x198>
    755a:	200d7693          	andi	a3,s10,512
    755e:	d6e5                	beqz	a3,7546 <_vfiprintf_r+0x66e>
    7560:	00094883          	lbu	a7,0(s2)
    7564:	bfcd                	j	7556 <_vfiprintf_r+0x67e>
    7566:	866a                	mv	a2,s10
    7568:	4685                	li	a3,1
    756a:	b33d                	j	7298 <_vfiprintf_r+0x3c0>
    756c:	4605                	li	a2,1
    756e:	c6c688e3          	beq	a3,a2,71de <_vfiprintf_r+0x306>
    7572:	4609                	li	a2,2
    7574:	0ec68263          	beq	a3,a2,7658 <_vfiprintf_r+0x780>
    7578:	1994                	addi	a3,sp,240
    757a:	01dc9593          	slli	a1,s9,0x1d
    757e:	0078f613          	andi	a2,a7,7
    7582:	0038d893          	srli	a7,a7,0x3
    7586:	03060613          	addi	a2,a2,48
    758a:	0115e8b3          	or	a7,a1,a7
    758e:	003cdc93          	srli	s9,s9,0x3
    7592:	fec68fa3          	sb	a2,-1(a3)
    7596:	0198e5b3          	or	a1,a7,s9
    759a:	fff68913          	addi	s2,a3,-1
    759e:	e18d                	bnez	a1,75c0 <_vfiprintf_r+0x6e8>
    75a0:	001d7593          	andi	a1,s10,1
    75a4:	c989                	beqz	a1,75b6 <_vfiprintf_r+0x6de>
    75a6:	03000593          	li	a1,48
    75aa:	00b60663          	beq	a2,a1,75b6 <_vfiprintf_r+0x6de>
    75ae:	feb90fa3          	sb	a1,-1(s2)
    75b2:	ffe68913          	addi	s2,a3,-2
    75b6:	199c                	addi	a5,sp,240
    75b8:	8ca6                	mv	s9,s1
    75ba:	412784b3          	sub	s1,a5,s2
    75be:	b3ad                	j	7328 <_vfiprintf_r+0x450>
    75c0:	86ca                	mv	a3,s2
    75c2:	bf65                	j	757a <_vfiprintf_r+0x6a2>
    75c4:	400d7793          	andi	a5,s10,1024
    75c8:	4d81                	li	s11,0
    75ca:	0f010e13          	addi	t3,sp,240
    75ce:	cc3e                	sw	a5,24(sp)
    75d0:	8546                	mv	a0,a7
    75d2:	4629                	li	a2,10
    75d4:	4681                	li	a3,0
    75d6:	85e6                	mv	a1,s9
    75d8:	fffe0913          	addi	s2,t3,-1
    75dc:	c83a                	sw	a4,16(sp)
    75de:	c446                	sw	a7,8(sp)
    75e0:	ca72                	sw	t3,20(sp)
    75e2:	3ec010ef          	jal	ra,89ce <__umoddi3>
    75e6:	4e52                	lw	t3,20(sp)
    75e8:	03050513          	addi	a0,a0,48
    75ec:	47e2                	lw	a5,24(sp)
    75ee:	feae0fa3          	sb	a0,-1(t3)
    75f2:	0d85                	addi	s11,s11,1
    75f4:	4742                	lw	a4,16(sp)
    75f6:	48a2                	lw	a7,8(sp)
    75f8:	c3b1                	beqz	a5,763c <_vfiprintf_r+0x764>
    75fa:	47f2                	lw	a5,28(sp)
    75fc:	0007c683          	lbu	a3,0(a5)
    7600:	03b69e63          	bne	a3,s11,763c <_vfiprintf_r+0x764>
    7604:	0ff00793          	li	a5,255
    7608:	02fd8a63          	beq	s11,a5,763c <_vfiprintf_r+0x764>
    760c:	000c9563          	bnez	s9,7616 <_vfiprintf_r+0x73e>
    7610:	47a5                	li	a5,9
    7612:	0317f563          	bgeu	a5,a7,763c <_vfiprintf_r+0x764>
    7616:	5782                	lw	a5,32(sp)
    7618:	55a2                	lw	a1,40(sp)
    761a:	40f90933          	sub	s2,s2,a5
    761e:	863e                	mv	a2,a5
    7620:	854a                	mv	a0,s2
    7622:	c83a                	sw	a4,16(sp)
    7624:	c446                	sw	a7,8(sp)
    7626:	9c0fe0ef          	jal	ra,57e6 <strncpy>
    762a:	47f2                	lw	a5,28(sp)
    762c:	4d81                	li	s11,0
    762e:	0017c683          	lbu	a3,1(a5)
    7632:	4742                	lw	a4,16(sp)
    7634:	48a2                	lw	a7,8(sp)
    7636:	c299                	beqz	a3,763c <_vfiprintf_r+0x764>
    7638:	0785                	addi	a5,a5,1
    763a:	ce3e                	sw	a5,28(sp)
    763c:	8546                	mv	a0,a7
    763e:	85e6                	mv	a1,s9
    7640:	4629                	li	a2,10
    7642:	4681                	li	a3,0
    7644:	c83a                	sw	a4,16(sp)
    7646:	02e010ef          	jal	ra,8674 <__udivdi3>
    764a:	8cae                	mv	s9,a1
    764c:	8dc9                	or	a1,a1,a0
    764e:	88aa                	mv	a7,a0
    7650:	4742                	lw	a4,16(sp)
    7652:	d1b5                	beqz	a1,75b6 <_vfiprintf_r+0x6de>
    7654:	8e4a                	mv	t3,s2
    7656:	bfad                	j	75d0 <_vfiprintf_r+0x6f8>
    7658:	0f010913          	addi	s2,sp,240
    765c:	5792                	lw	a5,36(sp)
    765e:	00f8f693          	andi	a3,a7,15
    7662:	96be                	add	a3,a3,a5
    7664:	0006c683          	lbu	a3,0(a3)
    7668:	197d                	addi	s2,s2,-1
    766a:	00d90023          	sb	a3,0(s2)
    766e:	0048d893          	srli	a7,a7,0x4
    7672:	01cc9693          	slli	a3,s9,0x1c
    7676:	0116e8b3          	or	a7,a3,a7
    767a:	004cdc93          	srli	s9,s9,0x4
    767e:	0198e6b3          	or	a3,a7,s9
    7682:	fee9                	bnez	a3,765c <_vfiprintf_r+0x784>
    7684:	bf0d                	j	75b6 <_vfiprintf_r+0x6de>
    7686:	0f010913          	addi	s2,sp,240
    768a:	f695                	bnez	a3,75b6 <_vfiprintf_r+0x6de>
    768c:	8a05                	andi	a2,a2,1
    768e:	d605                	beqz	a2,75b6 <_vfiprintf_r+0x6de>
    7690:	03000693          	li	a3,48
    7694:	0ed107a3          	sb	a3,239(sp)
    7698:	bea1                	j	71f0 <_vfiprintf_r+0x318>
    769a:	10060163          	beqz	a2,779c <_vfiprintf_r+0x8c4>
    769e:	08c10623          	sb	a2,140(sp)
    76a2:	02010da3          	sb	zero,59(sp)
    76a6:	8c4a                	mv	s8,s2
    76a8:	b4fd                	j	7196 <_vfiprintf_r+0x2be>
    76aa:	05c1                	addi	a1,a1,16
    76ac:	01172223          	sw	a7,4(a4)
    76b0:	c4ae                	sw	a1,72(sp)
    76b2:	c2b2                	sw	a2,68(sp)
    76b4:	02c35163          	bge	t1,a2,76d6 <_vfiprintf_r+0x7fe>
    76b8:	0090                	addi	a2,sp,64
    76ba:	85a2                	mv	a1,s0
    76bc:	854e                	mv	a0,s3
    76be:	c81a                	sw	t1,16(sp)
    76c0:	ca36                	sw	a3,20(sp)
    76c2:	c642                	sw	a6,12(sp)
    76c4:	c446                	sw	a7,8(sp)
    76c6:	f72ff0ef          	jal	ra,6e38 <__sprint_r>
    76ca:	4342                	lw	t1,16(sp)
    76cc:	46d2                	lw	a3,20(sp)
    76ce:	4832                	lw	a6,12(sp)
    76d0:	48a2                	lw	a7,8(sp)
    76d2:	ed41                	bnez	a0,776a <_vfiprintf_r+0x892>
    76d4:	855a                	mv	a0,s6
    76d6:	16c1                	addi	a3,a3,-16
    76d8:	872a                	mv	a4,a0
    76da:	b171                	j	7366 <_vfiprintf_r+0x48e>
    76dc:	0641                	addi	a2,a2,16
    76de:	01072223          	sw	a6,4(a4)
    76e2:	c4b2                	sw	a2,72(sp)
    76e4:	c2b6                	sw	a3,68(sp)
    76e6:	00d8dd63          	bge	a7,a3,7700 <_vfiprintf_r+0x828>
    76ea:	0090                	addi	a2,sp,64
    76ec:	85a2                	mv	a1,s0
    76ee:	854e                	mv	a0,s3
    76f0:	c642                	sw	a6,12(sp)
    76f2:	c446                	sw	a7,8(sp)
    76f4:	f44ff0ef          	jal	ra,6e38 <__sprint_r>
    76f8:	4832                	lw	a6,12(sp)
    76fa:	48a2                	lw	a7,8(sp)
    76fc:	e53d                	bnez	a0,776a <_vfiprintf_r+0x892>
    76fe:	85da                	mv	a1,s6
    7700:	1dc1                	addi	s11,s11,-16
    7702:	872e                	mv	a4,a1
    7704:	b329                	j	740e <_vfiprintf_r+0x536>
    7706:	0641                	addi	a2,a2,16
    7708:	01b72223          	sw	s11,4(a4)
    770c:	c4b2                	sw	a2,72(sp)
    770e:	c2b6                	sw	a3,68(sp)
    7710:	00d85b63          	bge	a6,a3,7726 <_vfiprintf_r+0x84e>
    7714:	0090                	addi	a2,sp,64
    7716:	85a2                	mv	a1,s0
    7718:	854e                	mv	a0,s3
    771a:	c642                	sw	a6,12(sp)
    771c:	f1cff0ef          	jal	ra,6e38 <__sprint_r>
    7720:	4832                	lw	a6,12(sp)
    7722:	e521                	bnez	a0,776a <_vfiprintf_r+0x892>
    7724:	85da                	mv	a1,s6
    7726:	1cc1                	addi	s9,s9,-16
    7728:	872e                	mv	a4,a1
    772a:	b31d                	j	7450 <_vfiprintf_r+0x578>
    772c:	47e2                	lw	a5,24(sp)
    772e:	40fa84b3          	sub	s1,s5,a5
    7732:	d89052e3          	blez	s1,74b6 <_vfiprintf_r+0x5de>
    7736:	67b1                	lui	a5,0xc
    7738:	4cc1                	li	s9,16
    773a:	34878913          	addi	s2,a5,840 # c348 <blanks.4359>
    773e:	4d9d                	li	s11,7
    7740:	4796                	lw	a5,68(sp)
    7742:	01272023          	sw	s2,0(a4)
    7746:	46a6                	lw	a3,72(sp)
    7748:	0785                	addi	a5,a5,1
    774a:	029cc863          	blt	s9,s1,777a <_vfiprintf_r+0x8a2>
    774e:	c344                	sw	s1,4(a4)
    7750:	94b6                	add	s1,s1,a3
    7752:	c4a6                	sw	s1,72(sp)
    7754:	c2be                	sw	a5,68(sp)
    7756:	471d                	li	a4,7
    7758:	d4f75fe3          	bge	a4,a5,74b6 <_vfiprintf_r+0x5de>
    775c:	0090                	addi	a2,sp,64
    775e:	85a2                	mv	a1,s0
    7760:	854e                	mv	a0,s3
    7762:	ed6ff0ef          	jal	ra,6e38 <__sprint_r>
    7766:	d40508e3          	beqz	a0,74b6 <_vfiprintf_r+0x5de>
    776a:	00c45783          	lhu	a5,12(s0)
    776e:	0407f793          	andi	a5,a5,64
    7772:	fe078c63          	beqz	a5,6f6a <_vfiprintf_r+0x92>
    7776:	837ff06f          	j	6fac <_vfiprintf_r+0xd4>
    777a:	06c1                	addi	a3,a3,16
    777c:	01972223          	sw	s9,4(a4)
    7780:	c4b6                	sw	a3,72(sp)
    7782:	c2be                	sw	a5,68(sp)
    7784:	0721                	addi	a4,a4,8
    7786:	00fdd963          	bge	s11,a5,7798 <_vfiprintf_r+0x8c0>
    778a:	0090                	addi	a2,sp,64
    778c:	85a2                	mv	a1,s0
    778e:	854e                	mv	a0,s3
    7790:	ea8ff0ef          	jal	ra,6e38 <__sprint_r>
    7794:	f979                	bnez	a0,776a <_vfiprintf_r+0x892>
    7796:	875a                	mv	a4,s6
    7798:	14c1                	addi	s1,s1,-16
    779a:	b75d                	j	7740 <_vfiprintf_r+0x868>
    779c:	47a6                	lw	a5,72(sp)
    779e:	d7f1                	beqz	a5,776a <_vfiprintf_r+0x892>
    77a0:	0090                	addi	a2,sp,64
    77a2:	85a2                	mv	a1,s0
    77a4:	854e                	mv	a0,s3
    77a6:	e92ff0ef          	jal	ra,6e38 <__sprint_r>
    77aa:	b7c1                	j	776a <_vfiprintf_r+0x892>

000077ac <vfiprintf>:
    77ac:	86b2                	mv	a3,a2
    77ae:	862e                	mv	a2,a1
    77b0:	85aa                	mv	a1,a0
    77b2:	1c01a503          	lw	a0,448(gp) # d1a8 <_impure_ptr>
    77b6:	f22ff06f          	j	6ed8 <_vfiprintf_r>

000077ba <__sbprintf>:
    77ba:	00c5d783          	lhu	a5,12(a1)
    77be:	b8010113          	addi	sp,sp,-1152
    77c2:	9bf5                	andi	a5,a5,-3
    77c4:	00f11a23          	sh	a5,20(sp)
    77c8:	51fc                	lw	a5,100(a1)
    77ca:	46812c23          	sw	s0,1144(sp)
    77ce:	d6be                	sw	a5,108(sp)
    77d0:	00e5d783          	lhu	a5,14(a1)
    77d4:	842e                	mv	s0,a1
    77d6:	00f11b23          	sh	a5,22(sp)
    77da:	4ddc                	lw	a5,28(a1)
    77dc:	46912a23          	sw	s1,1140(sp)
    77e0:	d23e                	sw	a5,36(sp)
    77e2:	51dc                	lw	a5,36(a1)
    77e4:	002c                	addi	a1,sp,8
    77e6:	d63e                	sw	a5,44(sp)
    77e8:	189c                	addi	a5,sp,112
    77ea:	c43e                	sw	a5,8(sp)
    77ec:	cc3e                	sw	a5,24(sp)
    77ee:	40000793          	li	a5,1024
    77f2:	47212823          	sw	s2,1136(sp)
    77f6:	46112e23          	sw	ra,1148(sp)
    77fa:	892a                	mv	s2,a0
    77fc:	c83e                	sw	a5,16(sp)
    77fe:	ce3e                	sw	a5,28(sp)
    7800:	d002                	sw	zero,32(sp)
    7802:	ed6ff0ef          	jal	ra,6ed8 <_vfiprintf_r>
    7806:	84aa                	mv	s1,a0
    7808:	00054863          	bltz	a0,7818 <__sbprintf+0x5e>
    780c:	002c                	addi	a1,sp,8
    780e:	854a                	mv	a0,s2
    7810:	9a5fa0ef          	jal	ra,21b4 <_fflush_r>
    7814:	c111                	beqz	a0,7818 <__sbprintf+0x5e>
    7816:	54fd                	li	s1,-1
    7818:	01415783          	lhu	a5,20(sp)
    781c:	0407f793          	andi	a5,a5,64
    7820:	c799                	beqz	a5,782e <__sbprintf+0x74>
    7822:	00c45783          	lhu	a5,12(s0)
    7826:	0407e793          	ori	a5,a5,64
    782a:	00f41623          	sh	a5,12(s0)
    782e:	47c12083          	lw	ra,1148(sp)
    7832:	47812403          	lw	s0,1144(sp)
    7836:	8526                	mv	a0,s1
    7838:	47012903          	lw	s2,1136(sp)
    783c:	47412483          	lw	s1,1140(sp)
    7840:	48010113          	addi	sp,sp,1152
    7844:	8082                	ret

00007846 <_wctomb_r>:
    7846:	1c01a783          	lw	a5,448(gp) # d1a8 <_impure_ptr>
    784a:	5bdc                	lw	a5,52(a5)
    784c:	e399                	bnez	a5,7852 <_wctomb_r+0xc>
    784e:	c2818793          	addi	a5,gp,-984 # cc10 <__global_locale>
    7852:	0e07a303          	lw	t1,224(a5)
    7856:	8302                	jr	t1

00007858 <__ascii_wctomb>:
    7858:	cd91                	beqz	a1,7874 <__ascii_wctomb+0x1c>
    785a:	0ff00793          	li	a5,255
    785e:	00c7f763          	bgeu	a5,a2,786c <__ascii_wctomb+0x14>
    7862:	08a00793          	li	a5,138
    7866:	c11c                	sw	a5,0(a0)
    7868:	557d                	li	a0,-1
    786a:	8082                	ret
    786c:	00c58023          	sb	a2,0(a1)
    7870:	4505                	li	a0,1
    7872:	8082                	ret
    7874:	4501                	li	a0,0
    7876:	8082                	ret

00007878 <_write_r>:
    7878:	1141                	addi	sp,sp,-16
    787a:	c422                	sw	s0,8(sp)
    787c:	c226                	sw	s1,4(sp)
    787e:	84aa                	mv	s1,a0
    7880:	852e                	mv	a0,a1
    7882:	85b2                	mv	a1,a2
    7884:	8636                	mv	a2,a3
    7886:	c606                	sw	ra,12(sp)
    7888:	2001a223          	sw	zero,516(gp) # d1ec <errno>
    788c:	afdf80ef          	jal	ra,388 <write>
    7890:	57fd                	li	a5,-1
    7892:	00f51663          	bne	a0,a5,789e <_write_r+0x26>
    7896:	2041a783          	lw	a5,516(gp) # d1ec <errno>
    789a:	c391                	beqz	a5,789e <_write_r+0x26>
    789c:	c09c                	sw	a5,0(s1)
    789e:	40b2                	lw	ra,12(sp)
    78a0:	4422                	lw	s0,8(sp)
    78a2:	4492                	lw	s1,4(sp)
    78a4:	0141                	addi	sp,sp,16
    78a6:	8082                	ret

000078a8 <_calloc_r>:
    78a8:	1141                	addi	sp,sp,-16
    78aa:	02c585b3          	mul	a1,a1,a2
    78ae:	c422                	sw	s0,8(sp)
    78b0:	c606                	sw	ra,12(sp)
    78b2:	94dfc0ef          	jal	ra,41fe <_malloc_r>
    78b6:	842a                	mv	s0,a0
    78b8:	cd05                	beqz	a0,78f0 <_calloc_r+0x48>
    78ba:	ffc52603          	lw	a2,-4(a0)
    78be:	02400713          	li	a4,36
    78c2:	9a71                	andi	a2,a2,-4
    78c4:	1671                	addi	a2,a2,-4
    78c6:	04c76963          	bltu	a4,a2,7918 <_calloc_r+0x70>
    78ca:	46cd                	li	a3,19
    78cc:	87aa                	mv	a5,a0
    78ce:	00c6fb63          	bgeu	a3,a2,78e4 <_calloc_r+0x3c>
    78d2:	00052023          	sw	zero,0(a0)
    78d6:	00052223          	sw	zero,4(a0)
    78da:	47ed                	li	a5,27
    78dc:	00c7ef63          	bltu	a5,a2,78fa <_calloc_r+0x52>
    78e0:	00850793          	addi	a5,a0,8
    78e4:	0007a023          	sw	zero,0(a5)
    78e8:	0007a223          	sw	zero,4(a5)
    78ec:	0007a423          	sw	zero,8(a5)
    78f0:	8522                	mv	a0,s0
    78f2:	40b2                	lw	ra,12(sp)
    78f4:	4422                	lw	s0,8(sp)
    78f6:	0141                	addi	sp,sp,16
    78f8:	8082                	ret
    78fa:	00052423          	sw	zero,8(a0)
    78fe:	00052623          	sw	zero,12(a0)
    7902:	01050793          	addi	a5,a0,16
    7906:	fce61fe3          	bne	a2,a4,78e4 <_calloc_r+0x3c>
    790a:	00052823          	sw	zero,16(a0)
    790e:	01850793          	addi	a5,a0,24
    7912:	00052a23          	sw	zero,20(a0)
    7916:	b7f9                	j	78e4 <_calloc_r+0x3c>
    7918:	4581                	li	a1,0
    791a:	c2df80ef          	jal	ra,546 <memset>
    791e:	bfc9                	j	78f0 <_calloc_r+0x48>

00007920 <_close_r>:
    7920:	1141                	addi	sp,sp,-16
    7922:	c422                	sw	s0,8(sp)
    7924:	c226                	sw	s1,4(sp)
    7926:	84aa                	mv	s1,a0
    7928:	852e                	mv	a0,a1
    792a:	c606                	sw	ra,12(sp)
    792c:	2001a223          	sw	zero,516(gp) # d1ec <errno>
    7930:	97df80ef          	jal	ra,2ac <close>
    7934:	57fd                	li	a5,-1
    7936:	00f51663          	bne	a0,a5,7942 <_close_r+0x22>
    793a:	2041a783          	lw	a5,516(gp) # d1ec <errno>
    793e:	c391                	beqz	a5,7942 <_close_r+0x22>
    7940:	c09c                	sw	a5,0(s1)
    7942:	40b2                	lw	ra,12(sp)
    7944:	4422                	lw	s0,8(sp)
    7946:	4492                	lw	s1,4(sp)
    7948:	0141                	addi	sp,sp,16
    794a:	8082                	ret

0000794c <_fclose_r>:
    794c:	1141                	addi	sp,sp,-16
    794e:	c606                	sw	ra,12(sp)
    7950:	c422                	sw	s0,8(sp)
    7952:	c226                	sw	s1,4(sp)
    7954:	c04a                	sw	s2,0(sp)
    7956:	e989                	bnez	a1,7968 <_fclose_r+0x1c>
    7958:	4901                	li	s2,0
    795a:	40b2                	lw	ra,12(sp)
    795c:	4422                	lw	s0,8(sp)
    795e:	854a                	mv	a0,s2
    7960:	4492                	lw	s1,4(sp)
    7962:	4902                	lw	s2,0(sp)
    7964:	0141                	addi	sp,sp,16
    7966:	8082                	ret
    7968:	84aa                	mv	s1,a0
    796a:	842e                	mv	s0,a1
    796c:	c509                	beqz	a0,7976 <_fclose_r+0x2a>
    796e:	5d1c                	lw	a5,56(a0)
    7970:	e399                	bnez	a5,7976 <_fclose_r+0x2a>
    7972:	957fa0ef          	jal	ra,22c8 <__sinit>
    7976:	00c41783          	lh	a5,12(s0)
    797a:	dff9                	beqz	a5,7958 <_fclose_r+0xc>
    797c:	85a2                	mv	a1,s0
    797e:	8526                	mv	a0,s1
    7980:	edafa0ef          	jal	ra,205a <__sflush_r>
    7984:	545c                	lw	a5,44(s0)
    7986:	892a                	mv	s2,a0
    7988:	c799                	beqz	a5,7996 <_fclose_r+0x4a>
    798a:	4c4c                	lw	a1,28(s0)
    798c:	8526                	mv	a0,s1
    798e:	9782                	jalr	a5
    7990:	00055363          	bgez	a0,7996 <_fclose_r+0x4a>
    7994:	597d                	li	s2,-1
    7996:	00c45783          	lhu	a5,12(s0)
    799a:	0807f793          	andi	a5,a5,128
    799e:	c789                	beqz	a5,79a8 <_fclose_r+0x5c>
    79a0:	480c                	lw	a1,16(s0)
    79a2:	8526                	mv	a0,s1
    79a4:	ae9fa0ef          	jal	ra,248c <_free_r>
    79a8:	580c                	lw	a1,48(s0)
    79aa:	c991                	beqz	a1,79be <_fclose_r+0x72>
    79ac:	04040793          	addi	a5,s0,64
    79b0:	00f58563          	beq	a1,a5,79ba <_fclose_r+0x6e>
    79b4:	8526                	mv	a0,s1
    79b6:	ad7fa0ef          	jal	ra,248c <_free_r>
    79ba:	02042823          	sw	zero,48(s0)
    79be:	406c                	lw	a1,68(s0)
    79c0:	c591                	beqz	a1,79cc <_fclose_r+0x80>
    79c2:	8526                	mv	a0,s1
    79c4:	ac9fa0ef          	jal	ra,248c <_free_r>
    79c8:	04042223          	sw	zero,68(s0)
    79cc:	9e5fa0ef          	jal	ra,23b0 <__sfp_lock_acquire>
    79d0:	00041623          	sh	zero,12(s0)
    79d4:	9dffa0ef          	jal	ra,23b2 <__sfp_lock_release>
    79d8:	b749                	j	795a <_fclose_r+0xe>

000079da <fclose>:
    79da:	85aa                	mv	a1,a0
    79dc:	1c01a503          	lw	a0,448(gp) # d1a8 <_impure_ptr>
    79e0:	b7b5                	j	794c <_fclose_r>

000079e2 <__fputwc>:
    79e2:	7179                	addi	sp,sp,-48
    79e4:	d422                	sw	s0,40(sp)
    79e6:	d226                	sw	s1,36(sp)
    79e8:	cc52                	sw	s4,24(sp)
    79ea:	d606                	sw	ra,44(sp)
    79ec:	d04a                	sw	s2,32(sp)
    79ee:	ce4e                	sw	s3,28(sp)
    79f0:	ca56                	sw	s5,20(sp)
    79f2:	c85a                	sw	s6,16(sp)
    79f4:	8a2a                	mv	s4,a0
    79f6:	84ae                	mv	s1,a1
    79f8:	8432                	mv	s0,a2
    79fa:	eccfc0ef          	jal	ra,40c6 <__locale_mb_cur_max>
    79fe:	4785                	li	a5,1
    7a00:	02f51c63          	bne	a0,a5,7a38 <__fputwc+0x56>
    7a04:	fff48793          	addi	a5,s1,-1
    7a08:	0fe00713          	li	a4,254
    7a0c:	02f76663          	bltu	a4,a5,7a38 <__fputwc+0x56>
    7a10:	87a6                	mv	a5,s1
    7a12:	00f10623          	sb	a5,12(sp)
    7a16:	4985                	li	s3,1
    7a18:	4901                	li	s2,0
    7a1a:	5afd                	li	s5,-1
    7a1c:	4b29                	li	s6,10
    7a1e:	05391063          	bne	s2,s3,7a5e <__fputwc+0x7c>
    7a22:	8526                	mv	a0,s1
    7a24:	50b2                	lw	ra,44(sp)
    7a26:	5422                	lw	s0,40(sp)
    7a28:	5492                	lw	s1,36(sp)
    7a2a:	5902                	lw	s2,32(sp)
    7a2c:	49f2                	lw	s3,28(sp)
    7a2e:	4a62                	lw	s4,24(sp)
    7a30:	4ad2                	lw	s5,20(sp)
    7a32:	4b42                	lw	s6,16(sp)
    7a34:	6145                	addi	sp,sp,48
    7a36:	8082                	ret
    7a38:	05c40693          	addi	a3,s0,92
    7a3c:	8626                	mv	a2,s1
    7a3e:	006c                	addi	a1,sp,12
    7a40:	8552                	mv	a0,s4
    7a42:	3d7000ef          	jal	ra,8618 <_wcrtomb_r>
    7a46:	57fd                	li	a5,-1
    7a48:	89aa                	mv	s3,a0
    7a4a:	fcf517e3          	bne	a0,a5,7a18 <__fputwc+0x36>
    7a4e:	00c45783          	lhu	a5,12(s0)
    7a52:	0407e793          	ori	a5,a5,64
    7a56:	00f41623          	sh	a5,12(s0)
    7a5a:	557d                	li	a0,-1
    7a5c:	b7e1                	j	7a24 <__fputwc+0x42>
    7a5e:	0078                	addi	a4,sp,12
    7a60:	012707b3          	add	a5,a4,s2
    7a64:	0007c583          	lbu	a1,0(a5)
    7a68:	441c                	lw	a5,8(s0)
    7a6a:	17fd                	addi	a5,a5,-1
    7a6c:	c41c                	sw	a5,8(s0)
    7a6e:	0007d763          	bgez	a5,7a7c <__fputwc+0x9a>
    7a72:	4c18                	lw	a4,24(s0)
    7a74:	00e7cc63          	blt	a5,a4,7a8c <__fputwc+0xaa>
    7a78:	01658a63          	beq	a1,s6,7a8c <__fputwc+0xaa>
    7a7c:	401c                	lw	a5,0(s0)
    7a7e:	00178713          	addi	a4,a5,1
    7a82:	c018                	sw	a4,0(s0)
    7a84:	00b78023          	sb	a1,0(a5)
    7a88:	0905                	addi	s2,s2,1
    7a8a:	bf51                	j	7a1e <__fputwc+0x3c>
    7a8c:	8622                	mv	a2,s0
    7a8e:	8552                	mv	a0,s4
    7a90:	2c5000ef          	jal	ra,8554 <__swbuf_r>
    7a94:	ff551ae3          	bne	a0,s5,7a88 <__fputwc+0xa6>
    7a98:	b7c9                	j	7a5a <__fputwc+0x78>

00007a9a <_fputwc_r>:
    7a9a:	00c61783          	lh	a5,12(a2)
    7a9e:	01279713          	slli	a4,a5,0x12
    7aa2:	00074a63          	bltz	a4,7ab6 <_fputwc_r+0x1c>
    7aa6:	6689                	lui	a3,0x2
    7aa8:	5278                	lw	a4,100(a2)
    7aaa:	8fd5                	or	a5,a5,a3
    7aac:	00f61623          	sh	a5,12(a2)
    7ab0:	6789                	lui	a5,0x2
    7ab2:	8fd9                	or	a5,a5,a4
    7ab4:	d27c                	sw	a5,100(a2)
    7ab6:	b735                	j	79e2 <__fputwc>

00007ab8 <fputwc>:
    7ab8:	1101                	addi	sp,sp,-32
    7aba:	cc22                	sw	s0,24(sp)
    7abc:	1c01a403          	lw	s0,448(gp) # d1a8 <_impure_ptr>
    7ac0:	ca26                	sw	s1,20(sp)
    7ac2:	ce06                	sw	ra,28(sp)
    7ac4:	84aa                	mv	s1,a0
    7ac6:	862e                	mv	a2,a1
    7ac8:	c801                	beqz	s0,7ad8 <fputwc+0x20>
    7aca:	5c1c                	lw	a5,56(s0)
    7acc:	e791                	bnez	a5,7ad8 <fputwc+0x20>
    7ace:	8522                	mv	a0,s0
    7ad0:	c62e                	sw	a1,12(sp)
    7ad2:	ff6fa0ef          	jal	ra,22c8 <__sinit>
    7ad6:	4632                	lw	a2,12(sp)
    7ad8:	8522                	mv	a0,s0
    7ada:	4462                	lw	s0,24(sp)
    7adc:	40f2                	lw	ra,28(sp)
    7ade:	85a6                	mv	a1,s1
    7ae0:	44d2                	lw	s1,20(sp)
    7ae2:	6105                	addi	sp,sp,32
    7ae4:	bf5d                	j	7a9a <_fputwc_r>

00007ae6 <_fstat_r>:
    7ae6:	1141                	addi	sp,sp,-16
    7ae8:	c422                	sw	s0,8(sp)
    7aea:	c226                	sw	s1,4(sp)
    7aec:	84aa                	mv	s1,a0
    7aee:	852e                	mv	a0,a1
    7af0:	85b2                	mv	a1,a2
    7af2:	c606                	sw	ra,12(sp)
    7af4:	2001a223          	sw	zero,516(gp) # d1ec <errno>
    7af8:	fe4f80ef          	jal	ra,2dc <fstat>
    7afc:	57fd                	li	a5,-1
    7afe:	00f51663          	bne	a0,a5,7b0a <_fstat_r+0x24>
    7b02:	2041a783          	lw	a5,516(gp) # d1ec <errno>
    7b06:	c391                	beqz	a5,7b0a <_fstat_r+0x24>
    7b08:	c09c                	sw	a5,0(s1)
    7b0a:	40b2                	lw	ra,12(sp)
    7b0c:	4422                	lw	s0,8(sp)
    7b0e:	4492                	lw	s1,4(sp)
    7b10:	0141                	addi	sp,sp,16
    7b12:	8082                	ret

00007b14 <_isatty_r>:
    7b14:	1141                	addi	sp,sp,-16
    7b16:	c422                	sw	s0,8(sp)
    7b18:	c226                	sw	s1,4(sp)
    7b1a:	84aa                	mv	s1,a0
    7b1c:	852e                	mv	a0,a1
    7b1e:	c606                	sw	ra,12(sp)
    7b20:	2001a223          	sw	zero,516(gp) # d1ec <errno>
    7b24:	ff4f80ef          	jal	ra,318 <isatty>
    7b28:	57fd                	li	a5,-1
    7b2a:	00f51663          	bne	a0,a5,7b36 <_isatty_r+0x22>
    7b2e:	2041a783          	lw	a5,516(gp) # d1ec <errno>
    7b32:	c391                	beqz	a5,7b36 <_isatty_r+0x22>
    7b34:	c09c                	sw	a5,0(s1)
    7b36:	40b2                	lw	ra,12(sp)
    7b38:	4422                	lw	s0,8(sp)
    7b3a:	4492                	lw	s1,4(sp)
    7b3c:	0141                	addi	sp,sp,16
    7b3e:	8082                	ret

00007b40 <_lseek_r>:
    7b40:	1141                	addi	sp,sp,-16
    7b42:	c422                	sw	s0,8(sp)
    7b44:	c226                	sw	s1,4(sp)
    7b46:	84aa                	mv	s1,a0
    7b48:	852e                	mv	a0,a1
    7b4a:	85b2                	mv	a1,a2
    7b4c:	8636                	mv	a2,a3
    7b4e:	c606                	sw	ra,12(sp)
    7b50:	2001a223          	sw	zero,516(gp) # d1ec <errno>
    7b54:	fe0f80ef          	jal	ra,334 <lseek>
    7b58:	57fd                	li	a5,-1
    7b5a:	00f51663          	bne	a0,a5,7b66 <_lseek_r+0x26>
    7b5e:	2041a783          	lw	a5,516(gp) # d1ec <errno>
    7b62:	c391                	beqz	a5,7b66 <_lseek_r+0x26>
    7b64:	c09c                	sw	a5,0(s1)
    7b66:	40b2                	lw	ra,12(sp)
    7b68:	4422                	lw	s0,8(sp)
    7b6a:	4492                	lw	s1,4(sp)
    7b6c:	0141                	addi	sp,sp,16
    7b6e:	8082                	ret

00007b70 <_read_r>:
    7b70:	1141                	addi	sp,sp,-16
    7b72:	c422                	sw	s0,8(sp)
    7b74:	c226                	sw	s1,4(sp)
    7b76:	84aa                	mv	s1,a0
    7b78:	852e                	mv	a0,a1
    7b7a:	85b2                	mv	a1,a2
    7b7c:	8636                	mv	a2,a3
    7b7e:	c606                	sw	ra,12(sp)
    7b80:	2001a223          	sw	zero,516(gp) # d1ec <errno>
    7b84:	fd0f80ef          	jal	ra,354 <read>
    7b88:	57fd                	li	a5,-1
    7b8a:	00f51663          	bne	a0,a5,7b96 <_read_r+0x26>
    7b8e:	2041a783          	lw	a5,516(gp) # d1ec <errno>
    7b92:	c391                	beqz	a5,7b96 <_read_r+0x26>
    7b94:	c09c                	sw	a5,0(s1)
    7b96:	40b2                	lw	ra,12(sp)
    7b98:	4422                	lw	s0,8(sp)
    7b9a:	4492                	lw	s1,4(sp)
    7b9c:	0141                	addi	sp,sp,16
    7b9e:	8082                	ret

00007ba0 <__ssprint_r>:
    7ba0:	7179                	addi	sp,sp,-48
    7ba2:	461c                	lw	a5,8(a2)
    7ba4:	ce4e                	sw	s3,28(sp)
    7ba6:	d606                	sw	ra,44(sp)
    7ba8:	d422                	sw	s0,40(sp)
    7baa:	d226                	sw	s1,36(sp)
    7bac:	d04a                	sw	s2,32(sp)
    7bae:	cc52                	sw	s4,24(sp)
    7bb0:	ca56                	sw	s5,20(sp)
    7bb2:	c85a                	sw	s6,16(sp)
    7bb4:	c65e                	sw	s7,12(sp)
    7bb6:	c462                	sw	s8,8(sp)
    7bb8:	c266                	sw	s9,4(sp)
    7bba:	c06a                	sw	s10,0(sp)
    7bbc:	89b2                	mv	s3,a2
    7bbe:	cff9                	beqz	a5,7c9c <__ssprint_r+0xfc>
    7bc0:	00062a83          	lw	s5,0(a2)
    7bc4:	8a2a                	mv	s4,a0
    7bc6:	842e                	mv	s0,a1
    7bc8:	4b01                	li	s6,0
    7bca:	4901                	li	s2,0
    7bcc:	4b8d                	li	s7,3
    7bce:	4c09                	li	s8,2
    7bd0:	06090263          	beqz	s2,7c34 <__ssprint_r+0x94>
    7bd4:	00842d03          	lw	s10,8(s0)
    7bd8:	09a96a63          	bltu	s2,s10,7c6c <__ssprint_r+0xcc>
    7bdc:	00c45783          	lhu	a5,12(s0)
    7be0:	4807f713          	andi	a4,a5,1152
    7be4:	c741                	beqz	a4,7c6c <__ssprint_r+0xcc>
    7be6:	4004                	lw	s1,0(s0)
    7be8:	480c                	lw	a1,16(s0)
    7bea:	40b48cb3          	sub	s9,s1,a1
    7bee:	4844                	lw	s1,20(s0)
    7bf0:	001c8713          	addi	a4,s9,1
    7bf4:	029b84b3          	mul	s1,s7,s1
    7bf8:	0384c4b3          	div	s1,s1,s8
    7bfc:	974a                	add	a4,a4,s2
    7bfe:	00e4f363          	bgeu	s1,a4,7c04 <__ssprint_r+0x64>
    7c02:	84ba                	mv	s1,a4
    7c04:	4007f793          	andi	a5,a5,1024
    7c08:	cbdd                	beqz	a5,7cbe <__ssprint_r+0x11e>
    7c0a:	85a6                	mv	a1,s1
    7c0c:	8552                	mv	a0,s4
    7c0e:	df0fc0ef          	jal	ra,41fe <_malloc_r>
    7c12:	8d2a                	mv	s10,a0
    7c14:	e515                	bnez	a0,7c40 <__ssprint_r+0xa0>
    7c16:	47b1                	li	a5,12
    7c18:	00fa2023          	sw	a5,0(s4)
    7c1c:	00c45783          	lhu	a5,12(s0)
    7c20:	557d                	li	a0,-1
    7c22:	0407e793          	ori	a5,a5,64
    7c26:	00f41623          	sh	a5,12(s0)
    7c2a:	0009a423          	sw	zero,8(s3)
    7c2e:	0009a223          	sw	zero,4(s3)
    7c32:	a885                	j	7ca2 <__ssprint_r+0x102>
    7c34:	000aab03          	lw	s6,0(s5)
    7c38:	004aa903          	lw	s2,4(s5)
    7c3c:	0aa1                	addi	s5,s5,8
    7c3e:	bf49                	j	7bd0 <__ssprint_r+0x30>
    7c40:	480c                	lw	a1,16(s0)
    7c42:	8666                	mv	a2,s9
    7c44:	ab1fc0ef          	jal	ra,46f4 <memcpy>
    7c48:	00c45783          	lhu	a5,12(s0)
    7c4c:	b7f7f793          	andi	a5,a5,-1153
    7c50:	0807e793          	ori	a5,a5,128
    7c54:	00f41623          	sh	a5,12(s0)
    7c58:	01a42823          	sw	s10,16(s0)
    7c5c:	c844                	sw	s1,20(s0)
    7c5e:	9d66                	add	s10,s10,s9
    7c60:	419484b3          	sub	s1,s1,s9
    7c64:	01a42023          	sw	s10,0(s0)
    7c68:	c404                	sw	s1,8(s0)
    7c6a:	8d4a                	mv	s10,s2
    7c6c:	01a97363          	bgeu	s2,s10,7c72 <__ssprint_r+0xd2>
    7c70:	8d4a                	mv	s10,s2
    7c72:	4008                	lw	a0,0(s0)
    7c74:	866a                	mv	a2,s10
    7c76:	85da                	mv	a1,s6
    7c78:	b3bfc0ef          	jal	ra,47b2 <memmove>
    7c7c:	441c                	lw	a5,8(s0)
    7c7e:	41a787b3          	sub	a5,a5,s10
    7c82:	c41c                	sw	a5,8(s0)
    7c84:	401c                	lw	a5,0(s0)
    7c86:	9d3e                	add	s10,s10,a5
    7c88:	0089a783          	lw	a5,8(s3)
    7c8c:	01a42023          	sw	s10,0(s0)
    7c90:	41278933          	sub	s2,a5,s2
    7c94:	0129a423          	sw	s2,8(s3)
    7c98:	f8091ee3          	bnez	s2,7c34 <__ssprint_r+0x94>
    7c9c:	0009a223          	sw	zero,4(s3)
    7ca0:	4501                	li	a0,0
    7ca2:	50b2                	lw	ra,44(sp)
    7ca4:	5422                	lw	s0,40(sp)
    7ca6:	5492                	lw	s1,36(sp)
    7ca8:	5902                	lw	s2,32(sp)
    7caa:	49f2                	lw	s3,28(sp)
    7cac:	4a62                	lw	s4,24(sp)
    7cae:	4ad2                	lw	s5,20(sp)
    7cb0:	4b42                	lw	s6,16(sp)
    7cb2:	4bb2                	lw	s7,12(sp)
    7cb4:	4c22                	lw	s8,8(sp)
    7cb6:	4c92                	lw	s9,4(sp)
    7cb8:	4d02                	lw	s10,0(sp)
    7cba:	6145                	addi	sp,sp,48
    7cbc:	8082                	ret
    7cbe:	8626                	mv	a2,s1
    7cc0:	8552                	mv	a0,s4
    7cc2:	c6afd0ef          	jal	ra,512c <_realloc_r>
    7cc6:	8d2a                	mv	s10,a0
    7cc8:	f941                	bnez	a0,7c58 <__ssprint_r+0xb8>
    7cca:	480c                	lw	a1,16(s0)
    7ccc:	8552                	mv	a0,s4
    7cce:	fbefa0ef          	jal	ra,248c <_free_r>
    7cd2:	b791                	j	7c16 <__ssprint_r+0x76>

00007cd4 <_svfiprintf_r>:
    7cd4:	00c5d783          	lhu	a5,12(a1)
    7cd8:	7169                	addi	sp,sp,-304
    7cda:	12912223          	sw	s1,292(sp)
    7cde:	13212023          	sw	s2,288(sp)
    7ce2:	11312e23          	sw	s3,284(sp)
    7ce6:	11512a23          	sw	s5,276(sp)
    7cea:	12112623          	sw	ra,300(sp)
    7cee:	12812423          	sw	s0,296(sp)
    7cf2:	11412c23          	sw	s4,280(sp)
    7cf6:	11612823          	sw	s6,272(sp)
    7cfa:	11712623          	sw	s7,268(sp)
    7cfe:	11812423          	sw	s8,264(sp)
    7d02:	11912223          	sw	s9,260(sp)
    7d06:	11a12023          	sw	s10,256(sp)
    7d0a:	dfee                	sw	s11,252(sp)
    7d0c:	0807f793          	andi	a5,a5,128
    7d10:	8aaa                	mv	s5,a0
    7d12:	892e                	mv	s2,a1
    7d14:	89b2                	mv	s3,a2
    7d16:	84b6                	mv	s1,a3
    7d18:	c795                	beqz	a5,7d44 <_svfiprintf_r+0x70>
    7d1a:	499c                	lw	a5,16(a1)
    7d1c:	e785                	bnez	a5,7d44 <_svfiprintf_r+0x70>
    7d1e:	04000593          	li	a1,64
    7d22:	cdcfc0ef          	jal	ra,41fe <_malloc_r>
    7d26:	00a92023          	sw	a0,0(s2)
    7d2a:	00a92823          	sw	a0,16(s2)
    7d2e:	e519                	bnez	a0,7d3c <_svfiprintf_r+0x68>
    7d30:	47b1                	li	a5,12
    7d32:	00faa023          	sw	a5,0(s5)
    7d36:	5bfd                	li	s7,-1
    7d38:	7b20006f          	j	84ea <_svfiprintf_r+0x816>
    7d3c:	04000793          	li	a5,64
    7d40:	00f92a23          	sw	a5,20(s2)
    7d44:	04c10b13          	addi	s6,sp,76
    7d48:	c0da                	sw	s6,64(sp)
    7d4a:	c482                	sw	zero,72(sp)
    7d4c:	c282                	sw	zero,68(sp)
    7d4e:	875a                	mv	a4,s6
    7d50:	d202                	sw	zero,36(sp)
    7d52:	ce02                	sw	zero,28(sp)
    7d54:	d002                	sw	zero,32(sp)
    7d56:	d402                	sw	zero,40(sp)
    7d58:	4b81                	li	s7,0
    7d5a:	844e                	mv	s0,s3
    7d5c:	02500693          	li	a3,37
    7d60:	00044783          	lbu	a5,0(s0)
    7d64:	c399                	beqz	a5,7d6a <_svfiprintf_r+0x96>
    7d66:	06d79b63          	bne	a5,a3,7ddc <_svfiprintf_r+0x108>
    7d6a:	41340a33          	sub	s4,s0,s3
    7d6e:	020a0863          	beqz	s4,7d9e <_svfiprintf_r+0xca>
    7d72:	47a6                	lw	a5,72(sp)
    7d74:	01372023          	sw	s3,0(a4)
    7d78:	97d2                	add	a5,a5,s4
    7d7a:	c4be                	sw	a5,72(sp)
    7d7c:	4796                	lw	a5,68(sp)
    7d7e:	01472223          	sw	s4,4(a4)
    7d82:	0785                	addi	a5,a5,1
    7d84:	c2be                	sw	a5,68(sp)
    7d86:	469d                	li	a3,7
    7d88:	0721                	addi	a4,a4,8
    7d8a:	00f6d963          	bge	a3,a5,7d9c <_svfiprintf_r+0xc8>
    7d8e:	0090                	addi	a2,sp,64
    7d90:	85ca                	mv	a1,s2
    7d92:	8556                	mv	a0,s5
    7d94:	3531                	jal	7ba0 <__ssprint_r>
    7d96:	74051463          	bnez	a0,84de <_svfiprintf_r+0x80a>
    7d9a:	875a                	mv	a4,s6
    7d9c:	9bd2                	add	s7,s7,s4
    7d9e:	00044783          	lbu	a5,0(s0)
    7da2:	7a078163          	beqz	a5,8544 <_svfiprintf_r+0x870>
    7da6:	00140993          	addi	s3,s0,1
    7daa:	02010da3          	sb	zero,59(sp)
    7dae:	547d                	li	s0,-1
    7db0:	4a01                	li	s4,0
    7db2:	4d01                	li	s10,0
    7db4:	4c29                	li	s8,10
    7db6:	02a00c93          	li	s9,42
    7dba:	05a00813          	li	a6,90
    7dbe:	45a5                	li	a1,9
    7dc0:	0009c603          	lbu	a2,0(s3)
    7dc4:	0985                	addi	s3,s3,1
    7dc6:	fe060693          	addi	a3,a2,-32
    7dca:	64d86363          	bltu	a6,a3,8410 <_svfiprintf_r+0x73c>
    7dce:	67b1                	lui	a5,0xc
    7dd0:	068a                	slli	a3,a3,0x2
    7dd2:	46c78793          	addi	a5,a5,1132 # c46c <_ctype_+0x104>
    7dd6:	96be                	add	a3,a3,a5
    7dd8:	4294                	lw	a3,0(a3)
    7dda:	8682                	jr	a3
    7ddc:	0405                	addi	s0,s0,1
    7dde:	b749                	j	7d60 <_svfiprintf_r+0x8c>
    7de0:	0000c6b7          	lui	a3,0xc
    7de4:	c8468693          	addi	a3,a3,-892 # bc84 <zeroes.4384+0x68>
    7de8:	d236                	sw	a3,36(sp)
    7dea:	020d7693          	andi	a3,s10,32
    7dee:	4c068763          	beqz	a3,82bc <_svfiprintf_r+0x5e8>
    7df2:	049d                	addi	s1,s1,7
    7df4:	98e1                	andi	s1,s1,-8
    7df6:	0004a883          	lw	a7,0(s1)
    7dfa:	0044ac83          	lw	s9,4(s1)
    7dfe:	00848c13          	addi	s8,s1,8
    7e02:	001d7693          	andi	a3,s10,1
    7e06:	ce81                	beqz	a3,7e1e <_svfiprintf_r+0x14a>
    7e08:	0198e6b3          	or	a3,a7,s9
    7e0c:	ca89                	beqz	a3,7e1e <_svfiprintf_r+0x14a>
    7e0e:	03000693          	li	a3,48
    7e12:	02d10e23          	sb	a3,60(sp)
    7e16:	02c10ea3          	sb	a2,61(sp)
    7e1a:	002d6d13          	ori	s10,s10,2
    7e1e:	bffd7d13          	andi	s10,s10,-1025
    7e22:	a485                	j	8082 <_svfiprintf_r+0x3ae>
    7e24:	8556                	mv	a0,s5
    7e26:	c83a                	sw	a4,16(sp)
    7e28:	a2cfc0ef          	jal	ra,4054 <_localeconv_r>
    7e2c:	4148                	lw	a0,4(a0)
    7e2e:	d42a                	sw	a0,40(sp)
    7e30:	949f80ef          	jal	ra,778 <strlen>
    7e34:	d02a                	sw	a0,32(sp)
    7e36:	8556                	mv	a0,s5
    7e38:	a1cfc0ef          	jal	ra,4054 <_localeconv_r>
    7e3c:	4508                	lw	a0,8(a0)
    7e3e:	5782                	lw	a5,32(sp)
    7e40:	ce2a                	sw	a0,28(sp)
    7e42:	4742                	lw	a4,16(sp)
    7e44:	dbbd                	beqz	a5,7dba <_svfiprintf_r+0xe6>
    7e46:	d935                	beqz	a0,7dba <_svfiprintf_r+0xe6>
    7e48:	00054683          	lbu	a3,0(a0)
    7e4c:	d6bd                	beqz	a3,7dba <_svfiprintf_r+0xe6>
    7e4e:	400d6d13          	ori	s10,s10,1024
    7e52:	b7a5                	j	7dba <_svfiprintf_r+0xe6>
    7e54:	03b14683          	lbu	a3,59(sp)
    7e58:	f2ad                	bnez	a3,7dba <_svfiprintf_r+0xe6>
    7e5a:	02000693          	li	a3,32
    7e5e:	02d10da3          	sb	a3,59(sp)
    7e62:	bfa1                	j	7dba <_svfiprintf_r+0xe6>
    7e64:	001d6d13          	ori	s10,s10,1
    7e68:	bf89                	j	7dba <_svfiprintf_r+0xe6>
    7e6a:	0004aa03          	lw	s4,0(s1)
    7e6e:	0491                	addi	s1,s1,4
    7e70:	f40a55e3          	bgez	s4,7dba <_svfiprintf_r+0xe6>
    7e74:	41400a33          	neg	s4,s4
    7e78:	004d6d13          	ori	s10,s10,4
    7e7c:	bf3d                	j	7dba <_svfiprintf_r+0xe6>
    7e7e:	02b00693          	li	a3,43
    7e82:	bff1                	j	7e5e <_svfiprintf_r+0x18a>
    7e84:	0009c603          	lbu	a2,0(s3)
    7e88:	00198693          	addi	a3,s3,1
    7e8c:	03961763          	bne	a2,s9,7eba <_svfiprintf_r+0x1e6>
    7e90:	4080                	lw	s0,0(s1)
    7e92:	00448613          	addi	a2,s1,4
    7e96:	00045363          	bgez	s0,7e9c <_svfiprintf_r+0x1c8>
    7e9a:	547d                	li	s0,-1
    7e9c:	84b2                	mv	s1,a2
    7e9e:	89b6                	mv	s3,a3
    7ea0:	bf29                	j	7dba <_svfiprintf_r+0xe6>
    7ea2:	0685                	addi	a3,a3,1
    7ea4:	03840433          	mul	s0,s0,s8
    7ea8:	fff6c603          	lbu	a2,-1(a3)
    7eac:	942a                	add	s0,s0,a0
    7eae:	fd060513          	addi	a0,a2,-48
    7eb2:	fea5f8e3          	bgeu	a1,a0,7ea2 <_svfiprintf_r+0x1ce>
    7eb6:	89b6                	mv	s3,a3
    7eb8:	b739                	j	7dc6 <_svfiprintf_r+0xf2>
    7eba:	4401                	li	s0,0
    7ebc:	bfcd                	j	7eae <_svfiprintf_r+0x1da>
    7ebe:	080d6d13          	ori	s10,s10,128
    7ec2:	bde5                	j	7dba <_svfiprintf_r+0xe6>
    7ec4:	86ce                	mv	a3,s3
    7ec6:	4a01                	li	s4,0
    7ec8:	fd060613          	addi	a2,a2,-48
    7ecc:	038a0a33          	mul	s4,s4,s8
    7ed0:	0685                	addi	a3,a3,1
    7ed2:	9a32                	add	s4,s4,a2
    7ed4:	fff6c603          	lbu	a2,-1(a3)
    7ed8:	fd060513          	addi	a0,a2,-48
    7edc:	fea5f6e3          	bgeu	a1,a0,7ec8 <_svfiprintf_r+0x1f4>
    7ee0:	bfd9                	j	7eb6 <_svfiprintf_r+0x1e2>
    7ee2:	0009c603          	lbu	a2,0(s3)
    7ee6:	06800693          	li	a3,104
    7eea:	00d61663          	bne	a2,a3,7ef6 <_svfiprintf_r+0x222>
    7eee:	0985                	addi	s3,s3,1
    7ef0:	200d6d13          	ori	s10,s10,512
    7ef4:	b5d9                	j	7dba <_svfiprintf_r+0xe6>
    7ef6:	040d6d13          	ori	s10,s10,64
    7efa:	b5c1                	j	7dba <_svfiprintf_r+0xe6>
    7efc:	0009c603          	lbu	a2,0(s3)
    7f00:	06c00693          	li	a3,108
    7f04:	00d61663          	bne	a2,a3,7f10 <_svfiprintf_r+0x23c>
    7f08:	0985                	addi	s3,s3,1
    7f0a:	020d6d13          	ori	s10,s10,32
    7f0e:	b575                	j	7dba <_svfiprintf_r+0xe6>
    7f10:	010d6d13          	ori	s10,s10,16
    7f14:	b55d                	j	7dba <_svfiprintf_r+0xe6>
    7f16:	4094                	lw	a3,0(s1)
    7f18:	00448c13          	addi	s8,s1,4
    7f1c:	08d10623          	sb	a3,140(sp)
    7f20:	02010da3          	sb	zero,59(sp)
    7f24:	4405                	li	s0,1
    7f26:	4c81                	li	s9,0
    7f28:	0164                	addi	s1,sp,140
    7f2a:	a249                	j	80ac <_svfiprintf_r+0x3d8>
    7f2c:	010d6d13          	ori	s10,s10,16
    7f30:	020d7693          	andi	a3,s10,32
    7f34:	c6b1                	beqz	a3,7f80 <_svfiprintf_r+0x2ac>
    7f36:	049d                	addi	s1,s1,7
    7f38:	98e1                	andi	s1,s1,-8
    7f3a:	0004a883          	lw	a7,0(s1)
    7f3e:	0044ac83          	lw	s9,4(s1)
    7f42:	00848c13          	addi	s8,s1,8
    7f46:	000cde63          	bgez	s9,7f62 <_svfiprintf_r+0x28e>
    7f4a:	411008b3          	neg	a7,a7
    7f4e:	011036b3          	snez	a3,a7
    7f52:	41900333          	neg	t1,s9
    7f56:	40d30cb3          	sub	s9,t1,a3
    7f5a:	02d00693          	li	a3,45
    7f5e:	02d10da3          	sb	a3,59(sp)
    7f62:	56fd                	li	a3,-1
    7f64:	38d41163          	bne	s0,a3,82e6 <_svfiprintf_r+0x612>
    7f68:	3c0c9e63          	bnez	s9,8344 <_svfiprintf_r+0x670>
    7f6c:	46a5                	li	a3,9
    7f6e:	3d16eb63          	bltu	a3,a7,8344 <_svfiprintf_r+0x670>
    7f72:	03088893          	addi	a7,a7,48
    7f76:	0f1107a3          	sb	a7,239(sp)
    7f7a:	0ef10493          	addi	s1,sp,239
    7f7e:	ae65                	j	8336 <_svfiprintf_r+0x662>
    7f80:	010d7693          	andi	a3,s10,16
    7f84:	00448c13          	addi	s8,s1,4
    7f88:	c691                	beqz	a3,7f94 <_svfiprintf_r+0x2c0>
    7f8a:	0004a883          	lw	a7,0(s1)
    7f8e:	41f8dc93          	srai	s9,a7,0x1f
    7f92:	bf55                	j	7f46 <_svfiprintf_r+0x272>
    7f94:	040d7693          	andi	a3,s10,64
    7f98:	0004a883          	lw	a7,0(s1)
    7f9c:	c689                	beqz	a3,7fa6 <_svfiprintf_r+0x2d2>
    7f9e:	08c2                	slli	a7,a7,0x10
    7fa0:	4108d893          	srai	a7,a7,0x10
    7fa4:	b7ed                	j	7f8e <_svfiprintf_r+0x2ba>
    7fa6:	200d7693          	andi	a3,s10,512
    7faa:	d2f5                	beqz	a3,7f8e <_svfiprintf_r+0x2ba>
    7fac:	08e2                	slli	a7,a7,0x18
    7fae:	4188d893          	srai	a7,a7,0x18
    7fb2:	bff1                	j	7f8e <_svfiprintf_r+0x2ba>
    7fb4:	020d7613          	andi	a2,s10,32
    7fb8:	4094                	lw	a3,0(s1)
    7fba:	0491                	addi	s1,s1,4
    7fbc:	c619                	beqz	a2,7fca <_svfiprintf_r+0x2f6>
    7fbe:	41fbd793          	srai	a5,s7,0x1f
    7fc2:	0176a023          	sw	s7,0(a3)
    7fc6:	c2dc                	sw	a5,4(a3)
    7fc8:	bb49                	j	7d5a <_svfiprintf_r+0x86>
    7fca:	010d7613          	andi	a2,s10,16
    7fce:	c601                	beqz	a2,7fd6 <_svfiprintf_r+0x302>
    7fd0:	0176a023          	sw	s7,0(a3)
    7fd4:	b359                	j	7d5a <_svfiprintf_r+0x86>
    7fd6:	040d7613          	andi	a2,s10,64
    7fda:	c609                	beqz	a2,7fe4 <_svfiprintf_r+0x310>
    7fdc:	87de                	mv	a5,s7
    7fde:	00f69023          	sh	a5,0(a3)
    7fe2:	bba5                	j	7d5a <_svfiprintf_r+0x86>
    7fe4:	200d7793          	andi	a5,s10,512
    7fe8:	d7e5                	beqz	a5,7fd0 <_svfiprintf_r+0x2fc>
    7fea:	87de                	mv	a5,s7
    7fec:	00f68023          	sb	a5,0(a3)
    7ff0:	b3ad                	j	7d5a <_svfiprintf_r+0x86>
    7ff2:	010d6d13          	ori	s10,s10,16
    7ff6:	020d7693          	andi	a3,s10,32
    7ffa:	ce95                	beqz	a3,8036 <_svfiprintf_r+0x362>
    7ffc:	049d                	addi	s1,s1,7
    7ffe:	98e1                	andi	s1,s1,-8
    8000:	0004a883          	lw	a7,0(s1)
    8004:	0044ac83          	lw	s9,4(s1)
    8008:	00848c13          	addi	s8,s1,8
    800c:	bffd7d13          	andi	s10,s10,-1025
    8010:	4681                	li	a3,0
    8012:	02010da3          	sb	zero,59(sp)
    8016:	567d                	li	a2,-1
    8018:	2cc40a63          	beq	s0,a2,82ec <_svfiprintf_r+0x618>
    801c:	866a                	mv	a2,s10
    801e:	0198e5b3          	or	a1,a7,s9
    8022:	f7fd7d13          	andi	s10,s10,-129
    8026:	2c059363          	bnez	a1,82ec <_svfiprintf_r+0x618>
    802a:	3c040a63          	beqz	s0,83fe <_svfiprintf_r+0x72a>
    802e:	4605                	li	a2,1
    8030:	2cc69163          	bne	a3,a2,82f2 <_svfiprintf_r+0x61e>
    8034:	bf3d                	j	7f72 <_svfiprintf_r+0x29e>
    8036:	010d7693          	andi	a3,s10,16
    803a:	00448c13          	addi	s8,s1,4
    803e:	c681                	beqz	a3,8046 <_svfiprintf_r+0x372>
    8040:	0004a883          	lw	a7,0(s1)
    8044:	a031                	j	8050 <_svfiprintf_r+0x37c>
    8046:	040d7693          	andi	a3,s10,64
    804a:	c689                	beqz	a3,8054 <_svfiprintf_r+0x380>
    804c:	0004d883          	lhu	a7,0(s1)
    8050:	4c81                	li	s9,0
    8052:	bf6d                	j	800c <_svfiprintf_r+0x338>
    8054:	200d7693          	andi	a3,s10,512
    8058:	d6e5                	beqz	a3,8040 <_svfiprintf_r+0x36c>
    805a:	0004c883          	lbu	a7,0(s1)
    805e:	bfcd                	j	8050 <_svfiprintf_r+0x37c>
    8060:	76e1                	lui	a3,0xffff8
    8062:	8306c693          	xori	a3,a3,-2000
    8066:	02d11e23          	sh	a3,60(sp)
    806a:	0000c6b7          	lui	a3,0xc
    806e:	c7068693          	addi	a3,a3,-912 # bc70 <zeroes.4384+0x54>
    8072:	0004a883          	lw	a7,0(s1)
    8076:	00448c13          	addi	s8,s1,4
    807a:	4c81                	li	s9,0
    807c:	002d6d13          	ori	s10,s10,2
    8080:	d236                	sw	a3,36(sp)
    8082:	4689                	li	a3,2
    8084:	b779                	j	8012 <_svfiprintf_r+0x33e>
    8086:	02010da3          	sb	zero,59(sp)
    808a:	56fd                	li	a3,-1
    808c:	00448c13          	addi	s8,s1,4
    8090:	4084                	lw	s1,0(s1)
    8092:	1cd40463          	beq	s0,a3,825a <_svfiprintf_r+0x586>
    8096:	8622                	mv	a2,s0
    8098:	4581                	li	a1,0
    809a:	8526                	mv	a0,s1
    809c:	c83a                	sw	a4,16(sp)
    809e:	e3cfc0ef          	jal	ra,46da <memchr>
    80a2:	4c81                	li	s9,0
    80a4:	4742                	lw	a4,16(sp)
    80a6:	c119                	beqz	a0,80ac <_svfiprintf_r+0x3d8>
    80a8:	40950433          	sub	s0,a0,s1
    80ac:	cc66                	sw	s9,24(sp)
    80ae:	008cd363          	bge	s9,s0,80b4 <_svfiprintf_r+0x3e0>
    80b2:	cc22                	sw	s0,24(sp)
    80b4:	03b14683          	lbu	a3,59(sp)
    80b8:	c681                	beqz	a3,80c0 <_svfiprintf_r+0x3ec>
    80ba:	47e2                	lw	a5,24(sp)
    80bc:	0785                	addi	a5,a5,1
    80be:	cc3e                	sw	a5,24(sp)
    80c0:	002d7d93          	andi	s11,s10,2
    80c4:	000d8563          	beqz	s11,80ce <_svfiprintf_r+0x3fa>
    80c8:	47e2                	lw	a5,24(sp)
    80ca:	0789                	addi	a5,a5,2
    80cc:	cc3e                	sw	a5,24(sp)
    80ce:	084d7793          	andi	a5,s10,132
    80d2:	d63e                	sw	a5,44(sp)
    80d4:	e3b9                	bnez	a5,811a <_svfiprintf_r+0x446>
    80d6:	47e2                	lw	a5,24(sp)
    80d8:	40fa06b3          	sub	a3,s4,a5
    80dc:	02d05f63          	blez	a3,811a <_svfiprintf_r+0x446>
    80e0:	67b1                	lui	a5,0xc
    80e2:	48c1                	li	a7,16
    80e4:	5d878813          	addi	a6,a5,1496 # c5d8 <blanks.4345>
    80e8:	431d                	li	t1,7
    80ea:	4616                	lw	a2,68(sp)
    80ec:	01072023          	sw	a6,0(a4)
    80f0:	45a6                	lw	a1,72(sp)
    80f2:	0605                	addi	a2,a2,1
    80f4:	00870513          	addi	a0,a4,8
    80f8:	32d8c463          	blt	a7,a3,8420 <_svfiprintf_r+0x74c>
    80fc:	c354                	sw	a3,4(a4)
    80fe:	96ae                	add	a3,a3,a1
    8100:	c4b6                	sw	a3,72(sp)
    8102:	c2b2                	sw	a2,68(sp)
    8104:	469d                	li	a3,7
    8106:	872a                	mv	a4,a0
    8108:	00c6d963          	bge	a3,a2,811a <_svfiprintf_r+0x446>
    810c:	0090                	addi	a2,sp,64
    810e:	85ca                	mv	a1,s2
    8110:	8556                	mv	a0,s5
    8112:	3479                	jal	7ba0 <__ssprint_r>
    8114:	3c051563          	bnez	a0,84de <_svfiprintf_r+0x80a>
    8118:	875a                	mv	a4,s6
    811a:	03b14683          	lbu	a3,59(sp)
    811e:	c69d                	beqz	a3,814c <_svfiprintf_r+0x478>
    8120:	03b10613          	addi	a2,sp,59
    8124:	c310                	sw	a2,0(a4)
    8126:	4605                	li	a2,1
    8128:	4696                	lw	a3,68(sp)
    812a:	c350                	sw	a2,4(a4)
    812c:	4626                	lw	a2,72(sp)
    812e:	0685                	addi	a3,a3,1
    8130:	0605                	addi	a2,a2,1
    8132:	c4b2                	sw	a2,72(sp)
    8134:	c2b6                	sw	a3,68(sp)
    8136:	461d                	li	a2,7
    8138:	0721                	addi	a4,a4,8
    813a:	00d65963          	bge	a2,a3,814c <_svfiprintf_r+0x478>
    813e:	0090                	addi	a2,sp,64
    8140:	85ca                	mv	a1,s2
    8142:	8556                	mv	a0,s5
    8144:	3cb1                	jal	7ba0 <__ssprint_r>
    8146:	38051c63          	bnez	a0,84de <_svfiprintf_r+0x80a>
    814a:	875a                	mv	a4,s6
    814c:	020d8763          	beqz	s11,817a <_svfiprintf_r+0x4a6>
    8150:	1870                	addi	a2,sp,60
    8152:	c310                	sw	a2,0(a4)
    8154:	4609                	li	a2,2
    8156:	4696                	lw	a3,68(sp)
    8158:	c350                	sw	a2,4(a4)
    815a:	4626                	lw	a2,72(sp)
    815c:	0685                	addi	a3,a3,1
    815e:	0609                	addi	a2,a2,2
    8160:	c4b2                	sw	a2,72(sp)
    8162:	c2b6                	sw	a3,68(sp)
    8164:	461d                	li	a2,7
    8166:	0721                	addi	a4,a4,8
    8168:	00d65963          	bge	a2,a3,817a <_svfiprintf_r+0x4a6>
    816c:	0090                	addi	a2,sp,64
    816e:	85ca                	mv	a1,s2
    8170:	8556                	mv	a0,s5
    8172:	343d                	jal	7ba0 <__ssprint_r>
    8174:	36051563          	bnez	a0,84de <_svfiprintf_r+0x80a>
    8178:	875a                	mv	a4,s6
    817a:	57b2                	lw	a5,44(sp)
    817c:	08000693          	li	a3,128
    8180:	04d79463          	bne	a5,a3,81c8 <_svfiprintf_r+0x4f4>
    8184:	47e2                	lw	a5,24(sp)
    8186:	40fa0db3          	sub	s11,s4,a5
    818a:	03b05f63          	blez	s11,81c8 <_svfiprintf_r+0x4f4>
    818e:	4841                	li	a6,16
    8190:	489d                	li	a7,7
    8192:	67b1                	lui	a5,0xc
    8194:	4696                	lw	a3,68(sp)
    8196:	5e878793          	addi	a5,a5,1512 # c5e8 <zeroes.4346>
    819a:	c31c                	sw	a5,0(a4)
    819c:	4626                	lw	a2,72(sp)
    819e:	0685                	addi	a3,a3,1
    81a0:	00870593          	addi	a1,a4,8
    81a4:	2bb84763          	blt	a6,s11,8452 <_svfiprintf_r+0x77e>
    81a8:	966e                	add	a2,a2,s11
    81aa:	01b72223          	sw	s11,4(a4)
    81ae:	c4b2                	sw	a2,72(sp)
    81b0:	c2b6                	sw	a3,68(sp)
    81b2:	461d                	li	a2,7
    81b4:	872e                	mv	a4,a1
    81b6:	00d65963          	bge	a2,a3,81c8 <_svfiprintf_r+0x4f4>
    81ba:	0090                	addi	a2,sp,64
    81bc:	85ca                	mv	a1,s2
    81be:	8556                	mv	a0,s5
    81c0:	32c5                	jal	7ba0 <__ssprint_r>
    81c2:	30051e63          	bnez	a0,84de <_svfiprintf_r+0x80a>
    81c6:	875a                	mv	a4,s6
    81c8:	408c8cb3          	sub	s9,s9,s0
    81cc:	03905f63          	blez	s9,820a <_svfiprintf_r+0x536>
    81d0:	4dc1                	li	s11,16
    81d2:	481d                	li	a6,7
    81d4:	67b1                	lui	a5,0xc
    81d6:	4696                	lw	a3,68(sp)
    81d8:	5e878793          	addi	a5,a5,1512 # c5e8 <zeroes.4346>
    81dc:	c31c                	sw	a5,0(a4)
    81de:	4626                	lw	a2,72(sp)
    81e0:	0685                	addi	a3,a3,1
    81e2:	00870593          	addi	a1,a4,8
    81e6:	299dcb63          	blt	s11,s9,847c <_svfiprintf_r+0x7a8>
    81ea:	01972223          	sw	s9,4(a4)
    81ee:	9cb2                	add	s9,s9,a2
    81f0:	c4e6                	sw	s9,72(sp)
    81f2:	c2b6                	sw	a3,68(sp)
    81f4:	461d                	li	a2,7
    81f6:	872e                	mv	a4,a1
    81f8:	00d65963          	bge	a2,a3,820a <_svfiprintf_r+0x536>
    81fc:	0090                	addi	a2,sp,64
    81fe:	85ca                	mv	a1,s2
    8200:	8556                	mv	a0,s5
    8202:	3a79                	jal	7ba0 <__ssprint_r>
    8204:	2c051d63          	bnez	a0,84de <_svfiprintf_r+0x80a>
    8208:	875a                	mv	a4,s6
    820a:	46a6                	lw	a3,72(sp)
    820c:	c340                	sw	s0,4(a4)
    820e:	9436                	add	s0,s0,a3
    8210:	4696                	lw	a3,68(sp)
    8212:	c304                	sw	s1,0(a4)
    8214:	0685                	addi	a3,a3,1
    8216:	c4a2                	sw	s0,72(sp)
    8218:	c2b6                	sw	a3,68(sp)
    821a:	461d                	li	a2,7
    821c:	0721                	addi	a4,a4,8
    821e:	00d65963          	bge	a2,a3,8230 <_svfiprintf_r+0x55c>
    8222:	0090                	addi	a2,sp,64
    8224:	85ca                	mv	a1,s2
    8226:	8556                	mv	a0,s5
    8228:	3aa5                	jal	7ba0 <__ssprint_r>
    822a:	2a051a63          	bnez	a0,84de <_svfiprintf_r+0x80a>
    822e:	875a                	mv	a4,s6
    8230:	004d7793          	andi	a5,s10,4
    8234:	26079763          	bnez	a5,84a2 <_svfiprintf_r+0x7ce>
    8238:	47e2                	lw	a5,24(sp)
    823a:	00fa5363          	bge	s4,a5,8240 <_svfiprintf_r+0x56c>
    823e:	8a3e                	mv	s4,a5
    8240:	47a6                	lw	a5,72(sp)
    8242:	9bd2                	add	s7,s7,s4
    8244:	c799                	beqz	a5,8252 <_svfiprintf_r+0x57e>
    8246:	0090                	addi	a2,sp,64
    8248:	85ca                	mv	a1,s2
    824a:	8556                	mv	a0,s5
    824c:	3a91                	jal	7ba0 <__ssprint_r>
    824e:	28051863          	bnez	a0,84de <_svfiprintf_r+0x80a>
    8252:	c282                	sw	zero,68(sp)
    8254:	84e2                	mv	s1,s8
    8256:	875a                	mv	a4,s6
    8258:	b609                	j	7d5a <_svfiprintf_r+0x86>
    825a:	8526                	mv	a0,s1
    825c:	c83a                	sw	a4,16(sp)
    825e:	d1af80ef          	jal	ra,778 <strlen>
    8262:	842a                	mv	s0,a0
    8264:	4c81                	li	s9,0
    8266:	4742                	lw	a4,16(sp)
    8268:	b591                	j	80ac <_svfiprintf_r+0x3d8>
    826a:	010d6d13          	ori	s10,s10,16
    826e:	020d7693          	andi	a3,s10,32
    8272:	ca99                	beqz	a3,8288 <_svfiprintf_r+0x5b4>
    8274:	049d                	addi	s1,s1,7
    8276:	98e1                	andi	s1,s1,-8
    8278:	0004a883          	lw	a7,0(s1)
    827c:	0044ac83          	lw	s9,4(s1)
    8280:	00848c13          	addi	s8,s1,8
    8284:	4685                	li	a3,1
    8286:	b371                	j	8012 <_svfiprintf_r+0x33e>
    8288:	010d7693          	andi	a3,s10,16
    828c:	00448c13          	addi	s8,s1,4
    8290:	c681                	beqz	a3,8298 <_svfiprintf_r+0x5c4>
    8292:	0004a883          	lw	a7,0(s1)
    8296:	a031                	j	82a2 <_svfiprintf_r+0x5ce>
    8298:	040d7693          	andi	a3,s10,64
    829c:	c689                	beqz	a3,82a6 <_svfiprintf_r+0x5d2>
    829e:	0004d883          	lhu	a7,0(s1)
    82a2:	4c81                	li	s9,0
    82a4:	b7c5                	j	8284 <_svfiprintf_r+0x5b0>
    82a6:	200d7693          	andi	a3,s10,512
    82aa:	d6e5                	beqz	a3,8292 <_svfiprintf_r+0x5be>
    82ac:	0004c883          	lbu	a7,0(s1)
    82b0:	bfcd                	j	82a2 <_svfiprintf_r+0x5ce>
    82b2:	0000c6b7          	lui	a3,0xc
    82b6:	c7068693          	addi	a3,a3,-912 # bc70 <zeroes.4384+0x54>
    82ba:	b63d                	j	7de8 <_svfiprintf_r+0x114>
    82bc:	010d7693          	andi	a3,s10,16
    82c0:	00448c13          	addi	s8,s1,4
    82c4:	c681                	beqz	a3,82cc <_svfiprintf_r+0x5f8>
    82c6:	0004a883          	lw	a7,0(s1)
    82ca:	a031                	j	82d6 <_svfiprintf_r+0x602>
    82cc:	040d7693          	andi	a3,s10,64
    82d0:	c689                	beqz	a3,82da <_svfiprintf_r+0x606>
    82d2:	0004d883          	lhu	a7,0(s1)
    82d6:	4c81                	li	s9,0
    82d8:	b62d                	j	7e02 <_svfiprintf_r+0x12e>
    82da:	200d7693          	andi	a3,s10,512
    82de:	d6e5                	beqz	a3,82c6 <_svfiprintf_r+0x5f2>
    82e0:	0004c883          	lbu	a7,0(s1)
    82e4:	bfcd                	j	82d6 <_svfiprintf_r+0x602>
    82e6:	866a                	mv	a2,s10
    82e8:	4685                	li	a3,1
    82ea:	bb15                	j	801e <_svfiprintf_r+0x34a>
    82ec:	4605                	li	a2,1
    82ee:	c6c68de3          	beq	a3,a2,7f68 <_svfiprintf_r+0x294>
    82f2:	4609                	li	a2,2
    82f4:	0cc68f63          	beq	a3,a2,83d2 <_svfiprintf_r+0x6fe>
    82f8:	1994                	addi	a3,sp,240
    82fa:	01dc9593          	slli	a1,s9,0x1d
    82fe:	0078f613          	andi	a2,a7,7
    8302:	0038d893          	srli	a7,a7,0x3
    8306:	03060613          	addi	a2,a2,48
    830a:	0115e8b3          	or	a7,a1,a7
    830e:	003cdc93          	srli	s9,s9,0x3
    8312:	fec68fa3          	sb	a2,-1(a3)
    8316:	0198e5b3          	or	a1,a7,s9
    831a:	fff68493          	addi	s1,a3,-1
    831e:	e18d                	bnez	a1,8340 <_svfiprintf_r+0x66c>
    8320:	001d7593          	andi	a1,s10,1
    8324:	c989                	beqz	a1,8336 <_svfiprintf_r+0x662>
    8326:	03000593          	li	a1,48
    832a:	00b60663          	beq	a2,a1,8336 <_svfiprintf_r+0x662>
    832e:	feb48fa3          	sb	a1,-1(s1)
    8332:	ffe68493          	addi	s1,a3,-2
    8336:	199c                	addi	a5,sp,240
    8338:	8ca2                	mv	s9,s0
    833a:	40978433          	sub	s0,a5,s1
    833e:	b3bd                	j	80ac <_svfiprintf_r+0x3d8>
    8340:	86a6                	mv	a3,s1
    8342:	bf65                	j	82fa <_svfiprintf_r+0x626>
    8344:	400d7793          	andi	a5,s10,1024
    8348:	4d81                	li	s11,0
    834a:	0f010e13          	addi	t3,sp,240
    834e:	cc3e                	sw	a5,24(sp)
    8350:	8546                	mv	a0,a7
    8352:	4629                	li	a2,10
    8354:	4681                	li	a3,0
    8356:	85e6                	mv	a1,s9
    8358:	fffe0493          	addi	s1,t3,-1
    835c:	c83a                	sw	a4,16(sp)
    835e:	c446                	sw	a7,8(sp)
    8360:	ca72                	sw	t3,20(sp)
    8362:	25b5                	jal	89ce <__umoddi3>
    8364:	4e52                	lw	t3,20(sp)
    8366:	03050513          	addi	a0,a0,48
    836a:	47e2                	lw	a5,24(sp)
    836c:	feae0fa3          	sb	a0,-1(t3)
    8370:	0d85                	addi	s11,s11,1
    8372:	4742                	lw	a4,16(sp)
    8374:	48a2                	lw	a7,8(sp)
    8376:	c3a9                	beqz	a5,83b8 <_svfiprintf_r+0x6e4>
    8378:	47f2                	lw	a5,28(sp)
    837a:	0007c683          	lbu	a3,0(a5)
    837e:	03b69d63          	bne	a3,s11,83b8 <_svfiprintf_r+0x6e4>
    8382:	0ff00793          	li	a5,255
    8386:	02fd8963          	beq	s11,a5,83b8 <_svfiprintf_r+0x6e4>
    838a:	000c9563          	bnez	s9,8394 <_svfiprintf_r+0x6c0>
    838e:	47a5                	li	a5,9
    8390:	0317f463          	bgeu	a5,a7,83b8 <_svfiprintf_r+0x6e4>
    8394:	5782                	lw	a5,32(sp)
    8396:	55a2                	lw	a1,40(sp)
    8398:	8c9d                	sub	s1,s1,a5
    839a:	863e                	mv	a2,a5
    839c:	8526                	mv	a0,s1
    839e:	c83a                	sw	a4,16(sp)
    83a0:	c446                	sw	a7,8(sp)
    83a2:	c44fd0ef          	jal	ra,57e6 <strncpy>
    83a6:	47f2                	lw	a5,28(sp)
    83a8:	4d81                	li	s11,0
    83aa:	0017c683          	lbu	a3,1(a5)
    83ae:	4742                	lw	a4,16(sp)
    83b0:	48a2                	lw	a7,8(sp)
    83b2:	c299                	beqz	a3,83b8 <_svfiprintf_r+0x6e4>
    83b4:	0785                	addi	a5,a5,1
    83b6:	ce3e                	sw	a5,28(sp)
    83b8:	8546                	mv	a0,a7
    83ba:	85e6                	mv	a1,s9
    83bc:	4629                	li	a2,10
    83be:	4681                	li	a3,0
    83c0:	c83a                	sw	a4,16(sp)
    83c2:	2c4d                	jal	8674 <__udivdi3>
    83c4:	8cae                	mv	s9,a1
    83c6:	8dc9                	or	a1,a1,a0
    83c8:	88aa                	mv	a7,a0
    83ca:	4742                	lw	a4,16(sp)
    83cc:	d5ad                	beqz	a1,8336 <_svfiprintf_r+0x662>
    83ce:	8e26                	mv	t3,s1
    83d0:	b741                	j	8350 <_svfiprintf_r+0x67c>
    83d2:	1984                	addi	s1,sp,240
    83d4:	5792                	lw	a5,36(sp)
    83d6:	00f8f693          	andi	a3,a7,15
    83da:	96be                	add	a3,a3,a5
    83dc:	0006c683          	lbu	a3,0(a3)
    83e0:	14fd                	addi	s1,s1,-1
    83e2:	00d48023          	sb	a3,0(s1)
    83e6:	0048d893          	srli	a7,a7,0x4
    83ea:	01cc9693          	slli	a3,s9,0x1c
    83ee:	0116e8b3          	or	a7,a3,a7
    83f2:	004cdc93          	srli	s9,s9,0x4
    83f6:	0198e6b3          	or	a3,a7,s9
    83fa:	fee9                	bnez	a3,83d4 <_svfiprintf_r+0x700>
    83fc:	bf2d                	j	8336 <_svfiprintf_r+0x662>
    83fe:	1984                	addi	s1,sp,240
    8400:	fa9d                	bnez	a3,8336 <_svfiprintf_r+0x662>
    8402:	8a05                	andi	a2,a2,1
    8404:	da0d                	beqz	a2,8336 <_svfiprintf_r+0x662>
    8406:	03000693          	li	a3,48
    840a:	0ed107a3          	sb	a3,239(sp)
    840e:	b6b5                	j	7f7a <_svfiprintf_r+0x2a6>
    8410:	12060a63          	beqz	a2,8544 <_svfiprintf_r+0x870>
    8414:	08c10623          	sb	a2,140(sp)
    8418:	02010da3          	sb	zero,59(sp)
    841c:	8c26                	mv	s8,s1
    841e:	b619                	j	7f24 <_svfiprintf_r+0x250>
    8420:	05c1                	addi	a1,a1,16
    8422:	01172223          	sw	a7,4(a4)
    8426:	c4ae                	sw	a1,72(sp)
    8428:	c2b2                	sw	a2,68(sp)
    842a:	02c35163          	bge	t1,a2,844c <_svfiprintf_r+0x778>
    842e:	0090                	addi	a2,sp,64
    8430:	85ca                	mv	a1,s2
    8432:	8556                	mv	a0,s5
    8434:	c81a                	sw	t1,16(sp)
    8436:	ca36                	sw	a3,20(sp)
    8438:	c642                	sw	a6,12(sp)
    843a:	c446                	sw	a7,8(sp)
    843c:	f64ff0ef          	jal	ra,7ba0 <__ssprint_r>
    8440:	4342                	lw	t1,16(sp)
    8442:	46d2                	lw	a3,20(sp)
    8444:	4832                	lw	a6,12(sp)
    8446:	48a2                	lw	a7,8(sp)
    8448:	e959                	bnez	a0,84de <_svfiprintf_r+0x80a>
    844a:	855a                	mv	a0,s6
    844c:	16c1                	addi	a3,a3,-16
    844e:	872a                	mv	a4,a0
    8450:	b969                	j	80ea <_svfiprintf_r+0x416>
    8452:	0641                	addi	a2,a2,16
    8454:	01072223          	sw	a6,4(a4)
    8458:	c4b2                	sw	a2,72(sp)
    845a:	c2b6                	sw	a3,68(sp)
    845c:	00d8dd63          	bge	a7,a3,8476 <_svfiprintf_r+0x7a2>
    8460:	0090                	addi	a2,sp,64
    8462:	85ca                	mv	a1,s2
    8464:	8556                	mv	a0,s5
    8466:	c642                	sw	a6,12(sp)
    8468:	c446                	sw	a7,8(sp)
    846a:	f36ff0ef          	jal	ra,7ba0 <__ssprint_r>
    846e:	4832                	lw	a6,12(sp)
    8470:	48a2                	lw	a7,8(sp)
    8472:	e535                	bnez	a0,84de <_svfiprintf_r+0x80a>
    8474:	85da                	mv	a1,s6
    8476:	1dc1                	addi	s11,s11,-16
    8478:	872e                	mv	a4,a1
    847a:	bb21                	j	8192 <_svfiprintf_r+0x4be>
    847c:	0641                	addi	a2,a2,16
    847e:	01b72223          	sw	s11,4(a4)
    8482:	c4b2                	sw	a2,72(sp)
    8484:	c2b6                	sw	a3,68(sp)
    8486:	00d85b63          	bge	a6,a3,849c <_svfiprintf_r+0x7c8>
    848a:	0090                	addi	a2,sp,64
    848c:	85ca                	mv	a1,s2
    848e:	8556                	mv	a0,s5
    8490:	c642                	sw	a6,12(sp)
    8492:	f0eff0ef          	jal	ra,7ba0 <__ssprint_r>
    8496:	4832                	lw	a6,12(sp)
    8498:	e139                	bnez	a0,84de <_svfiprintf_r+0x80a>
    849a:	85da                	mv	a1,s6
    849c:	1cc1                	addi	s9,s9,-16
    849e:	872e                	mv	a4,a1
    84a0:	bb15                	j	81d4 <_svfiprintf_r+0x500>
    84a2:	47e2                	lw	a5,24(sp)
    84a4:	40fa0433          	sub	s0,s4,a5
    84a8:	d88058e3          	blez	s0,8238 <_svfiprintf_r+0x564>
    84ac:	67b1                	lui	a5,0xc
    84ae:	4cc1                	li	s9,16
    84b0:	5d878493          	addi	s1,a5,1496 # c5d8 <blanks.4345>
    84b4:	4d9d                	li	s11,7
    84b6:	4796                	lw	a5,68(sp)
    84b8:	c304                	sw	s1,0(a4)
    84ba:	46a6                	lw	a3,72(sp)
    84bc:	0785                	addi	a5,a5,1
    84be:	068cc263          	blt	s9,s0,8522 <_svfiprintf_r+0x84e>
    84c2:	c340                	sw	s0,4(a4)
    84c4:	9436                	add	s0,s0,a3
    84c6:	c4a2                	sw	s0,72(sp)
    84c8:	c2be                	sw	a5,68(sp)
    84ca:	471d                	li	a4,7
    84cc:	d6f756e3          	bge	a4,a5,8238 <_svfiprintf_r+0x564>
    84d0:	0090                	addi	a2,sp,64
    84d2:	85ca                	mv	a1,s2
    84d4:	8556                	mv	a0,s5
    84d6:	ecaff0ef          	jal	ra,7ba0 <__ssprint_r>
    84da:	d4050fe3          	beqz	a0,8238 <_svfiprintf_r+0x564>
    84de:	00c95783          	lhu	a5,12(s2)
    84e2:	0407f793          	andi	a5,a5,64
    84e6:	840798e3          	bnez	a5,7d36 <_svfiprintf_r+0x62>
    84ea:	12c12083          	lw	ra,300(sp)
    84ee:	12812403          	lw	s0,296(sp)
    84f2:	855e                	mv	a0,s7
    84f4:	12412483          	lw	s1,292(sp)
    84f8:	12012903          	lw	s2,288(sp)
    84fc:	11c12983          	lw	s3,284(sp)
    8500:	11812a03          	lw	s4,280(sp)
    8504:	11412a83          	lw	s5,276(sp)
    8508:	11012b03          	lw	s6,272(sp)
    850c:	10c12b83          	lw	s7,268(sp)
    8510:	10812c03          	lw	s8,264(sp)
    8514:	10412c83          	lw	s9,260(sp)
    8518:	10012d03          	lw	s10,256(sp)
    851c:	5dfe                	lw	s11,252(sp)
    851e:	6155                	addi	sp,sp,304
    8520:	8082                	ret
    8522:	06c1                	addi	a3,a3,16
    8524:	01972223          	sw	s9,4(a4)
    8528:	c4b6                	sw	a3,72(sp)
    852a:	c2be                	sw	a5,68(sp)
    852c:	0721                	addi	a4,a4,8
    852e:	00fdd963          	bge	s11,a5,8540 <_svfiprintf_r+0x86c>
    8532:	0090                	addi	a2,sp,64
    8534:	85ca                	mv	a1,s2
    8536:	8556                	mv	a0,s5
    8538:	e68ff0ef          	jal	ra,7ba0 <__ssprint_r>
    853c:	f14d                	bnez	a0,84de <_svfiprintf_r+0x80a>
    853e:	875a                	mv	a4,s6
    8540:	1441                	addi	s0,s0,-16
    8542:	bf95                	j	84b6 <_svfiprintf_r+0x7e2>
    8544:	47a6                	lw	a5,72(sp)
    8546:	dfc1                	beqz	a5,84de <_svfiprintf_r+0x80a>
    8548:	0090                	addi	a2,sp,64
    854a:	85ca                	mv	a1,s2
    854c:	8556                	mv	a0,s5
    854e:	e52ff0ef          	jal	ra,7ba0 <__ssprint_r>
    8552:	b771                	j	84de <_svfiprintf_r+0x80a>

00008554 <__swbuf_r>:
    8554:	1101                	addi	sp,sp,-32
    8556:	cc22                	sw	s0,24(sp)
    8558:	ca26                	sw	s1,20(sp)
    855a:	c84a                	sw	s2,16(sp)
    855c:	ce06                	sw	ra,28(sp)
    855e:	c64e                	sw	s3,12(sp)
    8560:	892a                	mv	s2,a0
    8562:	84ae                	mv	s1,a1
    8564:	8432                	mv	s0,a2
    8566:	c509                	beqz	a0,8570 <__swbuf_r+0x1c>
    8568:	5d1c                	lw	a5,56(a0)
    856a:	e399                	bnez	a5,8570 <__swbuf_r+0x1c>
    856c:	d5df90ef          	jal	ra,22c8 <__sinit>
    8570:	4c1c                	lw	a5,24(s0)
    8572:	c41c                	sw	a5,8(s0)
    8574:	00c45783          	lhu	a5,12(s0)
    8578:	8ba1                	andi	a5,a5,8
    857a:	c3b5                	beqz	a5,85de <__swbuf_r+0x8a>
    857c:	481c                	lw	a5,16(s0)
    857e:	c3a5                	beqz	a5,85de <__swbuf_r+0x8a>
    8580:	00c41783          	lh	a5,12(s0)
    8584:	0ff4f993          	zext.b	s3,s1
    8588:	01279713          	slli	a4,a5,0x12
    858c:	0ff4f493          	zext.b	s1,s1
    8590:	06075563          	bgez	a4,85fa <__swbuf_r+0xa6>
    8594:	481c                	lw	a5,16(s0)
    8596:	4008                	lw	a0,0(s0)
    8598:	8d1d                	sub	a0,a0,a5
    859a:	485c                	lw	a5,20(s0)
    859c:	00f54763          	blt	a0,a5,85aa <__swbuf_r+0x56>
    85a0:	85a2                	mv	a1,s0
    85a2:	854a                	mv	a0,s2
    85a4:	c11f90ef          	jal	ra,21b4 <_fflush_r>
    85a8:	e121                	bnez	a0,85e8 <__swbuf_r+0x94>
    85aa:	441c                	lw	a5,8(s0)
    85ac:	0505                	addi	a0,a0,1
    85ae:	17fd                	addi	a5,a5,-1
    85b0:	c41c                	sw	a5,8(s0)
    85b2:	401c                	lw	a5,0(s0)
    85b4:	00178713          	addi	a4,a5,1
    85b8:	c018                	sw	a4,0(s0)
    85ba:	01378023          	sb	s3,0(a5)
    85be:	485c                	lw	a5,20(s0)
    85c0:	00a78963          	beq	a5,a0,85d2 <__swbuf_r+0x7e>
    85c4:	00c45783          	lhu	a5,12(s0)
    85c8:	8b85                	andi	a5,a5,1
    85ca:	c385                	beqz	a5,85ea <__swbuf_r+0x96>
    85cc:	47a9                	li	a5,10
    85ce:	00f49e63          	bne	s1,a5,85ea <__swbuf_r+0x96>
    85d2:	85a2                	mv	a1,s0
    85d4:	854a                	mv	a0,s2
    85d6:	bdff90ef          	jal	ra,21b4 <_fflush_r>
    85da:	c901                	beqz	a0,85ea <__swbuf_r+0x96>
    85dc:	a031                	j	85e8 <__swbuf_r+0x94>
    85de:	85a2                	mv	a1,s0
    85e0:	854a                	mv	a0,s2
    85e2:	899f90ef          	jal	ra,1e7a <__swsetup_r>
    85e6:	dd49                	beqz	a0,8580 <__swbuf_r+0x2c>
    85e8:	54fd                	li	s1,-1
    85ea:	40f2                	lw	ra,28(sp)
    85ec:	4462                	lw	s0,24(sp)
    85ee:	8526                	mv	a0,s1
    85f0:	4942                	lw	s2,16(sp)
    85f2:	44d2                	lw	s1,20(sp)
    85f4:	49b2                	lw	s3,12(sp)
    85f6:	6105                	addi	sp,sp,32
    85f8:	8082                	ret
    85fa:	6709                	lui	a4,0x2
    85fc:	8fd9                	or	a5,a5,a4
    85fe:	00f41623          	sh	a5,12(s0)
    8602:	7779                	lui	a4,0xffffe
    8604:	507c                	lw	a5,100(s0)
    8606:	177d                	addi	a4,a4,-1
    8608:	8ff9                	and	a5,a5,a4
    860a:	d07c                	sw	a5,100(s0)
    860c:	b761                	j	8594 <__swbuf_r+0x40>

0000860e <__swbuf>:
    860e:	862e                	mv	a2,a1
    8610:	85aa                	mv	a1,a0
    8612:	1c01a503          	lw	a0,448(gp) # d1a8 <_impure_ptr>
    8616:	bf3d                	j	8554 <__swbuf_r>

00008618 <_wcrtomb_r>:
    8618:	1101                	addi	sp,sp,-32
    861a:	1c01a783          	lw	a5,448(gp) # d1a8 <_impure_ptr>
    861e:	cc22                	sw	s0,24(sp)
    8620:	ca26                	sw	s1,20(sp)
    8622:	ce06                	sw	ra,28(sp)
    8624:	842a                	mv	s0,a0
    8626:	84b6                	mv	s1,a3
    8628:	5bdc                	lw	a5,52(a5)
    862a:	e985                	bnez	a1,865a <_wcrtomb_r+0x42>
    862c:	e399                	bnez	a5,8632 <_wcrtomb_r+0x1a>
    862e:	c2818793          	addi	a5,gp,-984 # cc10 <__global_locale>
    8632:	0e07a783          	lw	a5,224(a5)
    8636:	86a6                	mv	a3,s1
    8638:	4601                	li	a2,0
    863a:	004c                	addi	a1,sp,4
    863c:	8522                	mv	a0,s0
    863e:	9782                	jalr	a5
    8640:	57fd                	li	a5,-1
    8642:	00f51763          	bne	a0,a5,8650 <_wcrtomb_r+0x38>
    8646:	0004a023          	sw	zero,0(s1)
    864a:	08a00793          	li	a5,138
    864e:	c01c                	sw	a5,0(s0)
    8650:	40f2                	lw	ra,28(sp)
    8652:	4462                	lw	s0,24(sp)
    8654:	44d2                	lw	s1,20(sp)
    8656:	6105                	addi	sp,sp,32
    8658:	8082                	ret
    865a:	e399                	bnez	a5,8660 <_wcrtomb_r+0x48>
    865c:	c2818793          	addi	a5,gp,-984 # cc10 <__global_locale>
    8660:	0e07a783          	lw	a5,224(a5)
    8664:	86a6                	mv	a3,s1
    8666:	bfd9                	j	863c <_wcrtomb_r+0x24>

00008668 <wcrtomb>:
    8668:	86b2                	mv	a3,a2
    866a:	862e                	mv	a2,a1
    866c:	85aa                	mv	a1,a0
    866e:	1c01a503          	lw	a0,448(gp) # d1a8 <_impure_ptr>
    8672:	b75d                	j	8618 <_wcrtomb_r>

00008674 <__udivdi3>:
    8674:	87ae                	mv	a5,a1
    8676:	8832                	mv	a6,a2
    8678:	88b6                	mv	a7,a3
    867a:	832a                	mv	t1,a0
    867c:	20069563          	bnez	a3,8886 <__udivdi3+0x212>
    8680:	6731                	lui	a4,0xc
    8682:	6ac70713          	addi	a4,a4,1708 # c6ac <__clz_tab>
    8686:	0ac5fe63          	bgeu	a1,a2,8742 <__udivdi3+0xce>
    868a:	66c1                	lui	a3,0x10
    868c:	0ad67463          	bgeu	a2,a3,8734 <__udivdi3+0xc0>
    8690:	0ff00693          	li	a3,255
    8694:	00c6b6b3          	sltu	a3,a3,a2
    8698:	068e                	slli	a3,a3,0x3
    869a:	00d658b3          	srl	a7,a2,a3
    869e:	9746                	add	a4,a4,a7
    86a0:	00074703          	lbu	a4,0(a4)
    86a4:	96ba                	add	a3,a3,a4
    86a6:	02000713          	li	a4,32
    86aa:	8f15                	sub	a4,a4,a3
    86ac:	cb19                	beqz	a4,86c2 <__udivdi3+0x4e>
    86ae:	00e797b3          	sll	a5,a5,a4
    86b2:	00d556b3          	srl	a3,a0,a3
    86b6:	00e61833          	sll	a6,a2,a4
    86ba:	00f6e5b3          	or	a1,a3,a5
    86be:	00e51333          	sll	t1,a0,a4
    86c2:	01085513          	srli	a0,a6,0x10
    86c6:	02a5f733          	remu	a4,a1,a0
    86ca:	02a5d7b3          	divu	a5,a1,a0
    86ce:	01081613          	slli	a2,a6,0x10
    86d2:	0742                	slli	a4,a4,0x10
    86d4:	8241                	srli	a2,a2,0x10
    86d6:	01035693          	srli	a3,t1,0x10
    86da:	8ed9                	or	a3,a3,a4
    86dc:	02f605b3          	mul	a1,a2,a5
    86e0:	873e                	mv	a4,a5
    86e2:	00b6fc63          	bgeu	a3,a1,86fa <__udivdi3+0x86>
    86e6:	96c2                	add	a3,a3,a6
    86e8:	fff78713          	addi	a4,a5,-1
    86ec:	0106e763          	bltu	a3,a6,86fa <__udivdi3+0x86>
    86f0:	00b6f563          	bgeu	a3,a1,86fa <__udivdi3+0x86>
    86f4:	ffe78713          	addi	a4,a5,-2
    86f8:	96c2                	add	a3,a3,a6
    86fa:	8e8d                	sub	a3,a3,a1
    86fc:	02a6f7b3          	remu	a5,a3,a0
    8700:	02a6d6b3          	divu	a3,a3,a0
    8704:	0342                	slli	t1,t1,0x10
    8706:	07c2                	slli	a5,a5,0x10
    8708:	01035313          	srli	t1,t1,0x10
    870c:	02d605b3          	mul	a1,a2,a3
    8710:	0067e333          	or	t1,a5,t1
    8714:	8536                	mv	a0,a3
    8716:	00b37b63          	bgeu	t1,a1,872c <__udivdi3+0xb8>
    871a:	9342                	add	t1,t1,a6
    871c:	fff68513          	addi	a0,a3,-1 # ffff <_sp+0xe0f>
    8720:	01036663          	bltu	t1,a6,872c <__udivdi3+0xb8>
    8724:	00b37463          	bgeu	t1,a1,872c <__udivdi3+0xb8>
    8728:	ffe68513          	addi	a0,a3,-2
    872c:	0742                	slli	a4,a4,0x10
    872e:	8f49                	or	a4,a4,a0
    8730:	4581                	li	a1,0
    8732:	a84d                	j	87e4 <__udivdi3+0x170>
    8734:	010008b7          	lui	a7,0x1000
    8738:	46c1                	li	a3,16
    873a:	f71660e3          	bltu	a2,a7,869a <__udivdi3+0x26>
    873e:	46e1                	li	a3,24
    8740:	bfa9                	j	869a <__udivdi3+0x26>
    8742:	e601                	bnez	a2,874a <__udivdi3+0xd6>
    8744:	4685                	li	a3,1
    8746:	02c6d833          	divu	a6,a3,a2
    874a:	66c1                	lui	a3,0x10
    874c:	08d87e63          	bgeu	a6,a3,87e8 <__udivdi3+0x174>
    8750:	0ff00693          	li	a3,255
    8754:	0106f363          	bgeu	a3,a6,875a <__udivdi3+0xe6>
    8758:	48a1                	li	a7,8
    875a:	011856b3          	srl	a3,a6,a7
    875e:	9736                	add	a4,a4,a3
    8760:	00074683          	lbu	a3,0(a4)
    8764:	02000713          	li	a4,32
    8768:	96c6                	add	a3,a3,a7
    876a:	8f15                	sub	a4,a4,a3
    876c:	e749                	bnez	a4,87f6 <__udivdi3+0x182>
    876e:	410787b3          	sub	a5,a5,a6
    8772:	4585                	li	a1,1
    8774:	01085613          	srli	a2,a6,0x10
    8778:	02c7f733          	remu	a4,a5,a2
    877c:	02c7d7b3          	divu	a5,a5,a2
    8780:	01081893          	slli	a7,a6,0x10
    8784:	0742                	slli	a4,a4,0x10
    8786:	0108d893          	srli	a7,a7,0x10
    878a:	01035693          	srli	a3,t1,0x10
    878e:	8ed9                	or	a3,a3,a4
    8790:	02f88533          	mul	a0,a7,a5
    8794:	873e                	mv	a4,a5
    8796:	00a6fc63          	bgeu	a3,a0,87ae <__udivdi3+0x13a>
    879a:	96c2                	add	a3,a3,a6
    879c:	fff78713          	addi	a4,a5,-1
    87a0:	0106e763          	bltu	a3,a6,87ae <__udivdi3+0x13a>
    87a4:	00a6f563          	bgeu	a3,a0,87ae <__udivdi3+0x13a>
    87a8:	ffe78713          	addi	a4,a5,-2
    87ac:	96c2                	add	a3,a3,a6
    87ae:	8e89                	sub	a3,a3,a0
    87b0:	02c6f7b3          	remu	a5,a3,a2
    87b4:	02c6d6b3          	divu	a3,a3,a2
    87b8:	0342                	slli	t1,t1,0x10
    87ba:	07c2                	slli	a5,a5,0x10
    87bc:	01035313          	srli	t1,t1,0x10
    87c0:	02d888b3          	mul	a7,a7,a3
    87c4:	0067e333          	or	t1,a5,t1
    87c8:	8536                	mv	a0,a3
    87ca:	01137b63          	bgeu	t1,a7,87e0 <__udivdi3+0x16c>
    87ce:	9342                	add	t1,t1,a6
    87d0:	fff68513          	addi	a0,a3,-1 # ffff <_sp+0xe0f>
    87d4:	01036663          	bltu	t1,a6,87e0 <__udivdi3+0x16c>
    87d8:	01137463          	bgeu	t1,a7,87e0 <__udivdi3+0x16c>
    87dc:	ffe68513          	addi	a0,a3,-2
    87e0:	0742                	slli	a4,a4,0x10
    87e2:	8f49                	or	a4,a4,a0
    87e4:	853a                	mv	a0,a4
    87e6:	8082                	ret
    87e8:	010006b7          	lui	a3,0x1000
    87ec:	48c1                	li	a7,16
    87ee:	f6d866e3          	bltu	a6,a3,875a <__udivdi3+0xe6>
    87f2:	48e1                	li	a7,24
    87f4:	b79d                	j	875a <__udivdi3+0xe6>
    87f6:	00e81833          	sll	a6,a6,a4
    87fa:	00d7d5b3          	srl	a1,a5,a3
    87fe:	00e51333          	sll	t1,a0,a4
    8802:	00d556b3          	srl	a3,a0,a3
    8806:	01085513          	srli	a0,a6,0x10
    880a:	00e797b3          	sll	a5,a5,a4
    880e:	02a5f733          	remu	a4,a1,a0
    8812:	02a5d5b3          	divu	a1,a1,a0
    8816:	00f6e8b3          	or	a7,a3,a5
    881a:	01081793          	slli	a5,a6,0x10
    881e:	0108d613          	srli	a2,a7,0x10
    8822:	83c1                	srli	a5,a5,0x10
    8824:	0742                	slli	a4,a4,0x10
    8826:	8f51                	or	a4,a4,a2
    8828:	02b786b3          	mul	a3,a5,a1
    882c:	862e                	mv	a2,a1
    882e:	00d77c63          	bgeu	a4,a3,8846 <__udivdi3+0x1d2>
    8832:	9742                	add	a4,a4,a6
    8834:	fff58613          	addi	a2,a1,-1
    8838:	01076763          	bltu	a4,a6,8846 <__udivdi3+0x1d2>
    883c:	00d77563          	bgeu	a4,a3,8846 <__udivdi3+0x1d2>
    8840:	ffe58613          	addi	a2,a1,-2
    8844:	9742                	add	a4,a4,a6
    8846:	40d706b3          	sub	a3,a4,a3
    884a:	02a6f733          	remu	a4,a3,a0
    884e:	02a6d6b3          	divu	a3,a3,a0
    8852:	08c2                	slli	a7,a7,0x10
    8854:	0742                	slli	a4,a4,0x10
    8856:	0108d893          	srli	a7,a7,0x10
    885a:	02d785b3          	mul	a1,a5,a3
    885e:	011767b3          	or	a5,a4,a7
    8862:	8736                	mv	a4,a3
    8864:	00b7fc63          	bgeu	a5,a1,887c <__udivdi3+0x208>
    8868:	97c2                	add	a5,a5,a6
    886a:	fff68713          	addi	a4,a3,-1 # ffffff <_sp+0xff0e0f>
    886e:	0107e763          	bltu	a5,a6,887c <__udivdi3+0x208>
    8872:	00b7f563          	bgeu	a5,a1,887c <__udivdi3+0x208>
    8876:	ffe68713          	addi	a4,a3,-2
    887a:	97c2                	add	a5,a5,a6
    887c:	8f8d                	sub	a5,a5,a1
    887e:	01061593          	slli	a1,a2,0x10
    8882:	8dd9                	or	a1,a1,a4
    8884:	bdc5                	j	8774 <__udivdi3+0x100>
    8886:	14d5e163          	bltu	a1,a3,89c8 <__udivdi3+0x354>
    888a:	6741                	lui	a4,0x10
    888c:	02e6fd63          	bgeu	a3,a4,88c6 <__udivdi3+0x252>
    8890:	0ff00813          	li	a6,255
    8894:	00d83733          	sltu	a4,a6,a3
    8898:	070e                	slli	a4,a4,0x3
    889a:	6831                	lui	a6,0xc
    889c:	6ac80813          	addi	a6,a6,1708 # c6ac <__clz_tab>
    88a0:	00e6d5b3          	srl	a1,a3,a4
    88a4:	95c2                	add	a1,a1,a6
    88a6:	0005c803          	lbu	a6,0(a1)
    88aa:	02000593          	li	a1,32
    88ae:	983a                	add	a6,a6,a4
    88b0:	410585b3          	sub	a1,a1,a6
    88b4:	e185                	bnez	a1,88d4 <__udivdi3+0x260>
    88b6:	4705                	li	a4,1
    88b8:	f2f6e6e3          	bltu	a3,a5,87e4 <__udivdi3+0x170>
    88bc:	00c53533          	sltu	a0,a0,a2
    88c0:	00154713          	xori	a4,a0,1
    88c4:	b705                	j	87e4 <__udivdi3+0x170>
    88c6:	010005b7          	lui	a1,0x1000
    88ca:	4741                	li	a4,16
    88cc:	fcb6e7e3          	bltu	a3,a1,889a <__udivdi3+0x226>
    88d0:	4761                	li	a4,24
    88d2:	b7e1                	j	889a <__udivdi3+0x226>
    88d4:	01065733          	srl	a4,a2,a6
    88d8:	00b696b3          	sll	a3,a3,a1
    88dc:	8ed9                	or	a3,a3,a4
    88de:	0106de93          	srli	t4,a3,0x10
    88e2:	0107d733          	srl	a4,a5,a6
    88e6:	03d778b3          	remu	a7,a4,t4
    88ea:	00b797b3          	sll	a5,a5,a1
    88ee:	01055833          	srl	a6,a0,a6
    88f2:	03d75733          	divu	a4,a4,t4
    88f6:	00f86333          	or	t1,a6,a5
    88fa:	01069793          	slli	a5,a3,0x10
    88fe:	83c1                	srli	a5,a5,0x10
    8900:	08c2                	slli	a7,a7,0x10
    8902:	01035813          	srli	a6,t1,0x10
    8906:	02e78f33          	mul	t5,a5,a4
    890a:	0108e833          	or	a6,a7,a6
    890e:	00b61633          	sll	a2,a2,a1
    8912:	8e3a                	mv	t3,a4
    8914:	01e87c63          	bgeu	a6,t5,892c <__udivdi3+0x2b8>
    8918:	9836                	add	a6,a6,a3
    891a:	fff70e13          	addi	t3,a4,-1 # ffff <_sp+0xe0f>
    891e:	00d86763          	bltu	a6,a3,892c <__udivdi3+0x2b8>
    8922:	01e87563          	bgeu	a6,t5,892c <__udivdi3+0x2b8>
    8926:	ffe70e13          	addi	t3,a4,-2
    892a:	9836                	add	a6,a6,a3
    892c:	41e80833          	sub	a6,a6,t5
    8930:	03d878b3          	remu	a7,a6,t4
    8934:	03d85833          	divu	a6,a6,t4
    8938:	03078eb3          	mul	t4,a5,a6
    893c:	01031793          	slli	a5,t1,0x10
    8940:	08c2                	slli	a7,a7,0x10
    8942:	83c1                	srli	a5,a5,0x10
    8944:	00f8e7b3          	or	a5,a7,a5
    8948:	8742                	mv	a4,a6
    894a:	01d7fc63          	bgeu	a5,t4,8962 <__udivdi3+0x2ee>
    894e:	97b6                	add	a5,a5,a3
    8950:	fff80713          	addi	a4,a6,-1
    8954:	00d7e763          	bltu	a5,a3,8962 <__udivdi3+0x2ee>
    8958:	01d7f563          	bgeu	a5,t4,8962 <__udivdi3+0x2ee>
    895c:	ffe80713          	addi	a4,a6,-2
    8960:	97b6                	add	a5,a5,a3
    8962:	0e42                	slli	t3,t3,0x10
    8964:	41d787b3          	sub	a5,a5,t4
    8968:	6ec1                	lui	t4,0x10
    896a:	00ee6733          	or	a4,t3,a4
    896e:	fffe8813          	addi	a6,t4,-1 # ffff <_sp+0xe0f>
    8972:	01077333          	and	t1,a4,a6
    8976:	01075893          	srli	a7,a4,0x10
    897a:	01067833          	and	a6,a2,a6
    897e:	8241                	srli	a2,a2,0x10
    8980:	03030e33          	mul	t3,t1,a6
    8984:	03088833          	mul	a6,a7,a6
    8988:	02c30333          	mul	t1,t1,a2
    898c:	9342                	add	t1,t1,a6
    898e:	010e5693          	srli	a3,t3,0x10
    8992:	969a                	add	a3,a3,t1
    8994:	02c888b3          	mul	a7,a7,a2
    8998:	0106f363          	bgeu	a3,a6,899e <__udivdi3+0x32a>
    899c:	98f6                	add	a7,a7,t4
    899e:	0106d613          	srli	a2,a3,0x10
    89a2:	98b2                	add	a7,a7,a2
    89a4:	0317e063          	bltu	a5,a7,89c4 <__udivdi3+0x350>
    89a8:	d91794e3          	bne	a5,a7,8730 <__udivdi3+0xbc>
    89ac:	67c1                	lui	a5,0x10
    89ae:	17fd                	addi	a5,a5,-1
    89b0:	8efd                	and	a3,a3,a5
    89b2:	06c2                	slli	a3,a3,0x10
    89b4:	00fe7e33          	and	t3,t3,a5
    89b8:	00b51533          	sll	a0,a0,a1
    89bc:	96f2                	add	a3,a3,t3
    89be:	4581                	li	a1,0
    89c0:	e2d572e3          	bgeu	a0,a3,87e4 <__udivdi3+0x170>
    89c4:	177d                	addi	a4,a4,-1
    89c6:	b3ad                	j	8730 <__udivdi3+0xbc>
    89c8:	4581                	li	a1,0
    89ca:	4701                	li	a4,0
    89cc:	bd21                	j	87e4 <__udivdi3+0x170>

000089ce <__umoddi3>:
    89ce:	88b2                	mv	a7,a2
    89d0:	8736                	mv	a4,a3
    89d2:	87aa                	mv	a5,a0
    89d4:	882e                	mv	a6,a1
    89d6:	1c069763          	bnez	a3,8ba4 <__umoddi3+0x1d6>
    89da:	66b1                	lui	a3,0xc
    89dc:	6ac68693          	addi	a3,a3,1708 # c6ac <__clz_tab>
    89e0:	0ac5f863          	bgeu	a1,a2,8a90 <__umoddi3+0xc2>
    89e4:	6341                	lui	t1,0x10
    89e6:	08667e63          	bgeu	a2,t1,8a82 <__umoddi3+0xb4>
    89ea:	0ff00313          	li	t1,255
    89ee:	00c37363          	bgeu	t1,a2,89f4 <__umoddi3+0x26>
    89f2:	4721                	li	a4,8
    89f4:	00e65333          	srl	t1,a2,a4
    89f8:	969a                	add	a3,a3,t1
    89fa:	0006ce03          	lbu	t3,0(a3)
    89fe:	02000313          	li	t1,32
    8a02:	9e3a                	add	t3,t3,a4
    8a04:	41c30333          	sub	t1,t1,t3
    8a08:	00030c63          	beqz	t1,8a20 <__umoddi3+0x52>
    8a0c:	006595b3          	sll	a1,a1,t1
    8a10:	01c55e33          	srl	t3,a0,t3
    8a14:	006618b3          	sll	a7,a2,t1
    8a18:	00be6833          	or	a6,t3,a1
    8a1c:	006517b3          	sll	a5,a0,t1
    8a20:	0108d613          	srli	a2,a7,0x10
    8a24:	02c87733          	remu	a4,a6,a2
    8a28:	02c85833          	divu	a6,a6,a2
    8a2c:	01089513          	slli	a0,a7,0x10
    8a30:	8141                	srli	a0,a0,0x10
    8a32:	0742                	slli	a4,a4,0x10
    8a34:	0107d693          	srli	a3,a5,0x10
    8a38:	03050833          	mul	a6,a0,a6
    8a3c:	8ed9                	or	a3,a3,a4
    8a3e:	0106f863          	bgeu	a3,a6,8a4e <__umoddi3+0x80>
    8a42:	96c6                	add	a3,a3,a7
    8a44:	0116e563          	bltu	a3,a7,8a4e <__umoddi3+0x80>
    8a48:	0106f363          	bgeu	a3,a6,8a4e <__umoddi3+0x80>
    8a4c:	96c6                	add	a3,a3,a7
    8a4e:	410686b3          	sub	a3,a3,a6
    8a52:	02c6f733          	remu	a4,a3,a2
    8a56:	02c6d6b3          	divu	a3,a3,a2
    8a5a:	07c2                	slli	a5,a5,0x10
    8a5c:	02d506b3          	mul	a3,a0,a3
    8a60:	83c1                	srli	a5,a5,0x10
    8a62:	01071513          	slli	a0,a4,0x10
    8a66:	8fc9                	or	a5,a5,a0
    8a68:	00d7f863          	bgeu	a5,a3,8a78 <__umoddi3+0xaa>
    8a6c:	97c6                	add	a5,a5,a7
    8a6e:	0117e563          	bltu	a5,a7,8a78 <__umoddi3+0xaa>
    8a72:	00d7f363          	bgeu	a5,a3,8a78 <__umoddi3+0xaa>
    8a76:	97c6                	add	a5,a5,a7
    8a78:	8f95                	sub	a5,a5,a3
    8a7a:	0067d533          	srl	a0,a5,t1
    8a7e:	4581                	li	a1,0
    8a80:	8082                	ret
    8a82:	01000337          	lui	t1,0x1000
    8a86:	4741                	li	a4,16
    8a88:	f66666e3          	bltu	a2,t1,89f4 <__umoddi3+0x26>
    8a8c:	4761                	li	a4,24
    8a8e:	b79d                	j	89f4 <__umoddi3+0x26>
    8a90:	e601                	bnez	a2,8a98 <__umoddi3+0xca>
    8a92:	4605                	li	a2,1
    8a94:	031658b3          	divu	a7,a2,a7
    8a98:	6641                	lui	a2,0x10
    8a9a:	08c8f363          	bgeu	a7,a2,8b20 <__umoddi3+0x152>
    8a9e:	0ff00613          	li	a2,255
    8aa2:	01167363          	bgeu	a2,a7,8aa8 <__umoddi3+0xda>
    8aa6:	4721                	li	a4,8
    8aa8:	00e8d633          	srl	a2,a7,a4
    8aac:	96b2                	add	a3,a3,a2
    8aae:	0006ce03          	lbu	t3,0(a3)
    8ab2:	02000313          	li	t1,32
    8ab6:	9e3a                	add	t3,t3,a4
    8ab8:	41c30333          	sub	t1,t1,t3
    8abc:	06031963          	bnez	t1,8b2e <__umoddi3+0x160>
    8ac0:	411585b3          	sub	a1,a1,a7
    8ac4:	0108d713          	srli	a4,a7,0x10
    8ac8:	02e5f6b3          	remu	a3,a1,a4
    8acc:	02e5d5b3          	divu	a1,a1,a4
    8ad0:	01089513          	slli	a0,a7,0x10
    8ad4:	8141                	srli	a0,a0,0x10
    8ad6:	06c2                	slli	a3,a3,0x10
    8ad8:	0107d613          	srli	a2,a5,0x10
    8adc:	02b505b3          	mul	a1,a0,a1
    8ae0:	8ed1                	or	a3,a3,a2
    8ae2:	00b6f863          	bgeu	a3,a1,8af2 <__umoddi3+0x124>
    8ae6:	96c6                	add	a3,a3,a7
    8ae8:	0116e563          	bltu	a3,a7,8af2 <__umoddi3+0x124>
    8aec:	00b6f363          	bgeu	a3,a1,8af2 <__umoddi3+0x124>
    8af0:	96c6                	add	a3,a3,a7
    8af2:	40b685b3          	sub	a1,a3,a1
    8af6:	02e5f6b3          	remu	a3,a1,a4
    8afa:	02e5d5b3          	divu	a1,a1,a4
    8afe:	07c2                	slli	a5,a5,0x10
    8b00:	02b505b3          	mul	a1,a0,a1
    8b04:	83c1                	srli	a5,a5,0x10
    8b06:	01069513          	slli	a0,a3,0x10
    8b0a:	8fc9                	or	a5,a5,a0
    8b0c:	00b7f863          	bgeu	a5,a1,8b1c <__umoddi3+0x14e>
    8b10:	97c6                	add	a5,a5,a7
    8b12:	0117e563          	bltu	a5,a7,8b1c <__umoddi3+0x14e>
    8b16:	00b7f363          	bgeu	a5,a1,8b1c <__umoddi3+0x14e>
    8b1a:	97c6                	add	a5,a5,a7
    8b1c:	8f8d                	sub	a5,a5,a1
    8b1e:	bfb1                	j	8a7a <__umoddi3+0xac>
    8b20:	01000637          	lui	a2,0x1000
    8b24:	4741                	li	a4,16
    8b26:	f8c8e1e3          	bltu	a7,a2,8aa8 <__umoddi3+0xda>
    8b2a:	4761                	li	a4,24
    8b2c:	bfb5                	j	8aa8 <__umoddi3+0xda>
    8b2e:	006898b3          	sll	a7,a7,t1
    8b32:	01c5d733          	srl	a4,a1,t3
    8b36:	006517b3          	sll	a5,a0,t1
    8b3a:	01c55e33          	srl	t3,a0,t3
    8b3e:	0108d513          	srli	a0,a7,0x10
    8b42:	02a776b3          	remu	a3,a4,a0
    8b46:	006595b3          	sll	a1,a1,t1
    8b4a:	02a75733          	divu	a4,a4,a0
    8b4e:	00be6e33          	or	t3,t3,a1
    8b52:	01089593          	slli	a1,a7,0x10
    8b56:	81c1                	srli	a1,a1,0x10
    8b58:	06c2                	slli	a3,a3,0x10
    8b5a:	010e5613          	srli	a2,t3,0x10
    8b5e:	02e58733          	mul	a4,a1,a4
    8b62:	8ed1                	or	a3,a3,a2
    8b64:	00e6f863          	bgeu	a3,a4,8b74 <__umoddi3+0x1a6>
    8b68:	96c6                	add	a3,a3,a7
    8b6a:	0116e563          	bltu	a3,a7,8b74 <__umoddi3+0x1a6>
    8b6e:	00e6f363          	bgeu	a3,a4,8b74 <__umoddi3+0x1a6>
    8b72:	96c6                	add	a3,a3,a7
    8b74:	40e68633          	sub	a2,a3,a4
    8b78:	02a676b3          	remu	a3,a2,a0
    8b7c:	02a65633          	divu	a2,a2,a0
    8b80:	0e42                	slli	t3,t3,0x10
    8b82:	06c2                	slli	a3,a3,0x10
    8b84:	010e5e13          	srli	t3,t3,0x10
    8b88:	02c58633          	mul	a2,a1,a2
    8b8c:	01c6e5b3          	or	a1,a3,t3
    8b90:	00c5f863          	bgeu	a1,a2,8ba0 <__umoddi3+0x1d2>
    8b94:	95c6                	add	a1,a1,a7
    8b96:	0115e563          	bltu	a1,a7,8ba0 <__umoddi3+0x1d2>
    8b9a:	00c5f363          	bgeu	a1,a2,8ba0 <__umoddi3+0x1d2>
    8b9e:	95c6                	add	a1,a1,a7
    8ba0:	8d91                	sub	a1,a1,a2
    8ba2:	b70d                	j	8ac4 <__umoddi3+0xf6>
    8ba4:	ecd5eee3          	bltu	a1,a3,8a80 <__umoddi3+0xb2>
    8ba8:	6741                	lui	a4,0x10
    8baa:	04e6f463          	bgeu	a3,a4,8bf2 <__umoddi3+0x224>
    8bae:	0ff00e93          	li	t4,255
    8bb2:	00deb733          	sltu	a4,t4,a3
    8bb6:	070e                	slli	a4,a4,0x3
    8bb8:	6331                	lui	t1,0xc
    8bba:	00e6d8b3          	srl	a7,a3,a4
    8bbe:	6ac30313          	addi	t1,t1,1708 # c6ac <__clz_tab>
    8bc2:	989a                	add	a7,a7,t1
    8bc4:	0008ce83          	lbu	t4,0(a7) # 1000000 <_sp+0xff0e10>
    8bc8:	02000e13          	li	t3,32
    8bcc:	9eba                	add	t4,t4,a4
    8bce:	41de0e33          	sub	t3,t3,t4
    8bd2:	020e1763          	bnez	t3,8c00 <__umoddi3+0x232>
    8bd6:	00b6e463          	bltu	a3,a1,8bde <__umoddi3+0x210>
    8bda:	00c56963          	bltu	a0,a2,8bec <__umoddi3+0x21e>
    8bde:	40c507b3          	sub	a5,a0,a2
    8be2:	8d95                	sub	a1,a1,a3
    8be4:	00f53533          	sltu	a0,a0,a5
    8be8:	40a58833          	sub	a6,a1,a0
    8bec:	853e                	mv	a0,a5
    8bee:	85c2                	mv	a1,a6
    8bf0:	bd41                	j	8a80 <__umoddi3+0xb2>
    8bf2:	010008b7          	lui	a7,0x1000
    8bf6:	4741                	li	a4,16
    8bf8:	fd16e0e3          	bltu	a3,a7,8bb8 <__umoddi3+0x1ea>
    8bfc:	4761                	li	a4,24
    8bfe:	bf6d                	j	8bb8 <__umoddi3+0x1ea>
    8c00:	01d65733          	srl	a4,a2,t4
    8c04:	01c696b3          	sll	a3,a3,t3
    8c08:	8ed9                	or	a3,a3,a4
    8c0a:	01d557b3          	srl	a5,a0,t4
    8c0e:	01d5d733          	srl	a4,a1,t4
    8c12:	01c595b3          	sll	a1,a1,t3
    8c16:	8fcd                	or	a5,a5,a1
    8c18:	0106d593          	srli	a1,a3,0x10
    8c1c:	02b77333          	remu	t1,a4,a1
    8c20:	02b75733          	divu	a4,a4,a1
    8c24:	01069f13          	slli	t5,a3,0x10
    8c28:	0342                	slli	t1,t1,0x10
    8c2a:	010f5f13          	srli	t5,t5,0x10
    8c2e:	0107d893          	srli	a7,a5,0x10
    8c32:	011368b3          	or	a7,t1,a7
    8c36:	02ef0833          	mul	a6,t5,a4
    8c3a:	01c61633          	sll	a2,a2,t3
    8c3e:	01c51533          	sll	a0,a0,t3
    8c42:	833a                	mv	t1,a4
    8c44:	0108fc63          	bgeu	a7,a6,8c5c <__umoddi3+0x28e>
    8c48:	98b6                	add	a7,a7,a3
    8c4a:	fff70313          	addi	t1,a4,-1 # ffff <_sp+0xe0f>
    8c4e:	00d8e763          	bltu	a7,a3,8c5c <__umoddi3+0x28e>
    8c52:	0108f563          	bgeu	a7,a6,8c5c <__umoddi3+0x28e>
    8c56:	ffe70313          	addi	t1,a4,-2
    8c5a:	98b6                	add	a7,a7,a3
    8c5c:	410888b3          	sub	a7,a7,a6
    8c60:	02b8ffb3          	remu	t6,a7,a1
    8c64:	02b8d8b3          	divu	a7,a7,a1
    8c68:	031f05b3          	mul	a1,t5,a7
    8c6c:	01079f13          	slli	t5,a5,0x10
    8c70:	0fc2                	slli	t6,t6,0x10
    8c72:	010f5f13          	srli	t5,t5,0x10
    8c76:	01efef33          	or	t5,t6,t5
    8c7a:	8746                	mv	a4,a7
    8c7c:	00bf7c63          	bgeu	t5,a1,8c94 <__umoddi3+0x2c6>
    8c80:	9f36                	add	t5,t5,a3
    8c82:	fff88713          	addi	a4,a7,-1 # ffffff <_sp+0xff0e0f>
    8c86:	00df6763          	bltu	t5,a3,8c94 <__umoddi3+0x2c6>
    8c8a:	00bf7563          	bgeu	t5,a1,8c94 <__umoddi3+0x2c6>
    8c8e:	ffe88713          	addi	a4,a7,-2
    8c92:	9f36                	add	t5,t5,a3
    8c94:	0342                	slli	t1,t1,0x10
    8c96:	68c1                	lui	a7,0x10
    8c98:	00e36333          	or	t1,t1,a4
    8c9c:	fff88793          	addi	a5,a7,-1 # ffff <_sp+0xe0f>
    8ca0:	01065813          	srli	a6,a2,0x10
    8ca4:	40bf0f33          	sub	t5,t5,a1
    8ca8:	00f375b3          	and	a1,t1,a5
    8cac:	01035313          	srli	t1,t1,0x10
    8cb0:	8ff1                	and	a5,a5,a2
    8cb2:	02f58733          	mul	a4,a1,a5
    8cb6:	02f307b3          	mul	a5,t1,a5
    8cba:	030585b3          	mul	a1,a1,a6
    8cbe:	03030333          	mul	t1,t1,a6
    8cc2:	95be                	add	a1,a1,a5
    8cc4:	01075813          	srli	a6,a4,0x10
    8cc8:	982e                	add	a6,a6,a1
    8cca:	00f87363          	bgeu	a6,a5,8cd0 <__umoddi3+0x302>
    8cce:	9346                	add	t1,t1,a7
    8cd0:	67c1                	lui	a5,0x10
    8cd2:	17fd                	addi	a5,a5,-1
    8cd4:	01085593          	srli	a1,a6,0x10
    8cd8:	00f87833          	and	a6,a6,a5
    8cdc:	0842                	slli	a6,a6,0x10
    8cde:	8f7d                	and	a4,a4,a5
    8ce0:	959a                	add	a1,a1,t1
    8ce2:	9742                	add	a4,a4,a6
    8ce4:	00bf6663          	bltu	t5,a1,8cf0 <__umoddi3+0x322>
    8ce8:	00bf1b63          	bne	t5,a1,8cfe <__umoddi3+0x330>
    8cec:	00e57963          	bgeu	a0,a4,8cfe <__umoddi3+0x330>
    8cf0:	40c70633          	sub	a2,a4,a2
    8cf4:	00c73733          	sltu	a4,a4,a2
    8cf8:	8d95                	sub	a1,a1,a3
    8cfa:	8d99                	sub	a1,a1,a4
    8cfc:	8732                	mv	a4,a2
    8cfe:	40e50733          	sub	a4,a0,a4
    8d02:	00e53533          	sltu	a0,a0,a4
    8d06:	40bf05b3          	sub	a1,t5,a1
    8d0a:	8d89                	sub	a1,a1,a0
    8d0c:	01d597b3          	sll	a5,a1,t4
    8d10:	01c75733          	srl	a4,a4,t3
    8d14:	00e7e533          	or	a0,a5,a4
    8d18:	01c5d5b3          	srl	a1,a1,t3
    8d1c:	b395                	j	8a80 <__umoddi3+0xb2>

00008d1e <__divdf3>:
    8d1e:	7179                	addi	sp,sp,-48
    8d20:	d422                	sw	s0,40(sp)
    8d22:	d226                	sw	s1,36(sp)
    8d24:	c85a                	sw	s6,16(sp)
    8d26:	842a                	mv	s0,a0
    8d28:	8b2a                	mv	s6,a0
    8d2a:	001004b7          	lui	s1,0x100
    8d2e:	0145d513          	srli	a0,a1,0x14
    8d32:	d04a                	sw	s2,32(sp)
    8d34:	ce4e                	sw	s3,28(sp)
    8d36:	c65e                	sw	s7,12(sp)
    8d38:	14fd                	addi	s1,s1,-1
    8d3a:	d606                	sw	ra,44(sp)
    8d3c:	cc52                	sw	s4,24(sp)
    8d3e:	ca56                	sw	s5,20(sp)
    8d40:	7ff57513          	andi	a0,a0,2047
    8d44:	8bb2                	mv	s7,a2
    8d46:	89b6                	mv	s3,a3
    8d48:	8ced                	and	s1,s1,a1
    8d4a:	01f5d913          	srli	s2,a1,0x1f
    8d4e:	c149                	beqz	a0,8dd0 <__divdf3+0xb2>
    8d50:	7ff00793          	li	a5,2047
    8d54:	0cf50963          	beq	a0,a5,8e26 <__divdf3+0x108>
    8d58:	048e                	slli	s1,s1,0x3
    8d5a:	008006b7          	lui	a3,0x800
    8d5e:	8cd5                	or	s1,s1,a3
    8d60:	01db5a93          	srli	s5,s6,0x1d
    8d64:	009aeab3          	or	s5,s5,s1
    8d68:	003b1413          	slli	s0,s6,0x3
    8d6c:	c0150a13          	addi	s4,a0,-1023
    8d70:	4b01                	li	s6,0
    8d72:	0149d513          	srli	a0,s3,0x14
    8d76:	001004b7          	lui	s1,0x100
    8d7a:	14fd                	addi	s1,s1,-1
    8d7c:	7ff57513          	andi	a0,a0,2047
    8d80:	0134f4b3          	and	s1,s1,s3
    8d84:	8fde                	mv	t6,s7
    8d86:	01f9d993          	srli	s3,s3,0x1f
    8d8a:	c161                	beqz	a0,8e4a <__divdf3+0x12c>
    8d8c:	7ff00793          	li	a5,2047
    8d90:	10f50563          	beq	a0,a5,8e9a <__divdf3+0x17c>
    8d94:	008007b7          	lui	a5,0x800
    8d98:	048e                	slli	s1,s1,0x3
    8d9a:	8cdd                	or	s1,s1,a5
    8d9c:	01dbd793          	srli	a5,s7,0x1d
    8da0:	8fc5                	or	a5,a5,s1
    8da2:	003b9f93          	slli	t6,s7,0x3
    8da6:	c0150513          	addi	a0,a0,-1023
    8daa:	4701                	li	a4,0
    8dac:	002b1693          	slli	a3,s6,0x2
    8db0:	8ed9                	or	a3,a3,a4
    8db2:	16fd                	addi	a3,a3,-1
    8db4:	45b9                	li	a1,14
    8db6:	01394633          	xor	a2,s2,s3
    8dba:	40aa0533          	sub	a0,s4,a0
    8dbe:	0ed5ef63          	bltu	a1,a3,8ebc <__divdf3+0x19e>
    8dc2:	65b1                	lui	a1,0xc
    8dc4:	068a                	slli	a3,a3,0x2
    8dc6:	5f858593          	addi	a1,a1,1528 # c5f8 <zeroes.4346+0x10>
    8dca:	96ae                	add	a3,a3,a1
    8dcc:	4294                	lw	a3,0(a3)
    8dce:	8682                	jr	a3
    8dd0:	0164eab3          	or	s5,s1,s6
    8dd4:	060a8263          	beqz	s5,8e38 <__divdf3+0x11a>
    8dd8:	c89d                	beqz	s1,8e0e <__divdf3+0xf0>
    8dda:	8526                	mv	a0,s1
    8ddc:	3ab020ef          	jal	ra,b986 <__clzsi2>
    8de0:	ff550793          	addi	a5,a0,-11
    8de4:	4771                	li	a4,28
    8de6:	02f74a63          	blt	a4,a5,8e1a <__divdf3+0xfc>
    8dea:	4af5                	li	s5,29
    8dec:	ff850413          	addi	s0,a0,-8
    8df0:	40fa8ab3          	sub	s5,s5,a5
    8df4:	008494b3          	sll	s1,s1,s0
    8df8:	015b5ab3          	srl	s5,s6,s5
    8dfc:	009aeab3          	or	s5,s5,s1
    8e00:	008b1433          	sll	s0,s6,s0
    8e04:	c0d00a13          	li	s4,-1011
    8e08:	40aa0a33          	sub	s4,s4,a0
    8e0c:	b795                	j	8d70 <__divdf3+0x52>
    8e0e:	855a                	mv	a0,s6
    8e10:	377020ef          	jal	ra,b986 <__clzsi2>
    8e14:	02050513          	addi	a0,a0,32
    8e18:	b7e1                	j	8de0 <__divdf3+0xc2>
    8e1a:	fd850493          	addi	s1,a0,-40
    8e1e:	009b1ab3          	sll	s5,s6,s1
    8e22:	4401                	li	s0,0
    8e24:	b7c5                	j	8e04 <__divdf3+0xe6>
    8e26:	0164eab3          	or	s5,s1,s6
    8e2a:	000a8b63          	beqz	s5,8e40 <__divdf3+0x122>
    8e2e:	8aa6                	mv	s5,s1
    8e30:	7ff00a13          	li	s4,2047
    8e34:	4b0d                	li	s6,3
    8e36:	bf35                	j	8d72 <__divdf3+0x54>
    8e38:	4401                	li	s0,0
    8e3a:	4a01                	li	s4,0
    8e3c:	4b05                	li	s6,1
    8e3e:	bf15                	j	8d72 <__divdf3+0x54>
    8e40:	4401                	li	s0,0
    8e42:	7ff00a13          	li	s4,2047
    8e46:	4b09                	li	s6,2
    8e48:	b72d                	j	8d72 <__divdf3+0x54>
    8e4a:	0174e7b3          	or	a5,s1,s7
    8e4e:	cfb1                	beqz	a5,8eaa <__divdf3+0x18c>
    8e50:	c88d                	beqz	s1,8e82 <__divdf3+0x164>
    8e52:	8526                	mv	a0,s1
    8e54:	333020ef          	jal	ra,b986 <__clzsi2>
    8e58:	ff550713          	addi	a4,a0,-11
    8e5c:	47f1                	li	a5,28
    8e5e:	02e7c863          	blt	a5,a4,8e8e <__divdf3+0x170>
    8e62:	47f5                	li	a5,29
    8e64:	ff850f93          	addi	t6,a0,-8
    8e68:	8f99                	sub	a5,a5,a4
    8e6a:	01f494b3          	sll	s1,s1,t6
    8e6e:	00fbd7b3          	srl	a5,s7,a5
    8e72:	8fc5                	or	a5,a5,s1
    8e74:	01fb9fb3          	sll	t6,s7,t6
    8e78:	c0d00613          	li	a2,-1011
    8e7c:	40a60533          	sub	a0,a2,a0
    8e80:	b72d                	j	8daa <__divdf3+0x8c>
    8e82:	855e                	mv	a0,s7
    8e84:	303020ef          	jal	ra,b986 <__clzsi2>
    8e88:	02050513          	addi	a0,a0,32
    8e8c:	b7f1                	j	8e58 <__divdf3+0x13a>
    8e8e:	fd850793          	addi	a5,a0,-40
    8e92:	00fb97b3          	sll	a5,s7,a5
    8e96:	4f81                	li	t6,0
    8e98:	b7c5                	j	8e78 <__divdf3+0x15a>
    8e9a:	0174e7b3          	or	a5,s1,s7
    8e9e:	cb91                	beqz	a5,8eb2 <__divdf3+0x194>
    8ea0:	87a6                	mv	a5,s1
    8ea2:	7ff00513          	li	a0,2047
    8ea6:	470d                	li	a4,3
    8ea8:	b711                	j	8dac <__divdf3+0x8e>
    8eaa:	4f81                	li	t6,0
    8eac:	4501                	li	a0,0
    8eae:	4705                	li	a4,1
    8eb0:	bdf5                	j	8dac <__divdf3+0x8e>
    8eb2:	4f81                	li	t6,0
    8eb4:	7ff00513          	li	a0,2047
    8eb8:	4709                	li	a4,2
    8eba:	bdcd                	j	8dac <__divdf3+0x8e>
    8ebc:	0157e663          	bltu	a5,s5,8ec8 <__divdf3+0x1aa>
    8ec0:	2afa9663          	bne	s5,a5,916c <__divdf3+0x44e>
    8ec4:	2bf46463          	bltu	s0,t6,916c <__divdf3+0x44e>
    8ec8:	01fa9593          	slli	a1,s5,0x1f
    8ecc:	00145693          	srli	a3,s0,0x1
    8ed0:	01f41713          	slli	a4,s0,0x1f
    8ed4:	001ada93          	srli	s5,s5,0x1
    8ed8:	00d5e433          	or	s0,a1,a3
    8edc:	07a2                	slli	a5,a5,0x8
    8ede:	018fd813          	srli	a6,t6,0x18
    8ee2:	00f86833          	or	a6,a6,a5
    8ee6:	01085e93          	srli	t4,a6,0x10
    8eea:	03daf4b3          	remu	s1,s5,t4
    8eee:	03dad5b3          	divu	a1,s5,t4
    8ef2:	01081e13          	slli	t3,a6,0x10
    8ef6:	010e5e13          	srli	t3,t3,0x10
    8efa:	04c2                	slli	s1,s1,0x10
    8efc:	01045693          	srli	a3,s0,0x10
    8f00:	02be07b3          	mul	a5,t3,a1
    8f04:	8ec5                	or	a3,a3,s1
    8f06:	008f9893          	slli	a7,t6,0x8
    8f0a:	8fae                	mv	t6,a1
    8f0c:	00f6fc63          	bgeu	a3,a5,8f24 <__divdf3+0x206>
    8f10:	96c2                	add	a3,a3,a6
    8f12:	fff58f93          	addi	t6,a1,-1
    8f16:	0106e763          	bltu	a3,a6,8f24 <__divdf3+0x206>
    8f1a:	00f6f563          	bgeu	a3,a5,8f24 <__divdf3+0x206>
    8f1e:	ffe58f93          	addi	t6,a1,-2
    8f22:	96c2                	add	a3,a3,a6
    8f24:	8e9d                	sub	a3,a3,a5
    8f26:	03d6d333          	divu	t1,a3,t4
    8f2a:	03d6f6b3          	remu	a3,a3,t4
    8f2e:	0442                	slli	s0,s0,0x10
    8f30:	06c2                	slli	a3,a3,0x10
    8f32:	8041                	srli	s0,s0,0x10
    8f34:	026e05b3          	mul	a1,t3,t1
    8f38:	8ec1                	or	a3,a3,s0
    8f3a:	879a                	mv	a5,t1
    8f3c:	00b6fc63          	bgeu	a3,a1,8f54 <__divdf3+0x236>
    8f40:	96c2                	add	a3,a3,a6
    8f42:	fff30793          	addi	a5,t1,-1
    8f46:	0106e763          	bltu	a3,a6,8f54 <__divdf3+0x236>
    8f4a:	00b6f563          	bgeu	a3,a1,8f54 <__divdf3+0x236>
    8f4e:	ffe30793          	addi	a5,t1,-2
    8f52:	96c2                	add	a3,a3,a6
    8f54:	40b68433          	sub	s0,a3,a1
    8f58:	0fc2                	slli	t6,t6,0x10
    8f5a:	65c1                	lui	a1,0x10
    8f5c:	00ffefb3          	or	t6,t6,a5
    8f60:	fff58313          	addi	t1,a1,-1 # ffff <_sp+0xe0f>
    8f64:	010fd693          	srli	a3,t6,0x10
    8f68:	006ff7b3          	and	a5,t6,t1
    8f6c:	0108df13          	srli	t5,a7,0x10
    8f70:	0068f333          	and	t1,a7,t1
    8f74:	026783b3          	mul	t2,a5,t1
    8f78:	026684b3          	mul	s1,a3,t1
    8f7c:	02ff07b3          	mul	a5,t5,a5
    8f80:	03e682b3          	mul	t0,a3,t5
    8f84:	009786b3          	add	a3,a5,s1
    8f88:	0103d793          	srli	a5,t2,0x10
    8f8c:	97b6                	add	a5,a5,a3
    8f8e:	0097f363          	bgeu	a5,s1,8f94 <__divdf3+0x276>
    8f92:	92ae                	add	t0,t0,a1
    8f94:	0107d693          	srli	a3,a5,0x10
    8f98:	9696                	add	a3,a3,t0
    8f9a:	62c1                	lui	t0,0x10
    8f9c:	12fd                	addi	t0,t0,-1
    8f9e:	0057f5b3          	and	a1,a5,t0
    8fa2:	05c2                	slli	a1,a1,0x10
    8fa4:	0053f3b3          	and	t2,t2,t0
    8fa8:	959e                	add	a1,a1,t2
    8faa:	00d46763          	bltu	s0,a3,8fb8 <__divdf3+0x29a>
    8fae:	87fe                	mv	a5,t6
    8fb0:	02d41e63          	bne	s0,a3,8fec <__divdf3+0x2ce>
    8fb4:	02b77c63          	bgeu	a4,a1,8fec <__divdf3+0x2ce>
    8fb8:	9746                	add	a4,a4,a7
    8fba:	011732b3          	sltu	t0,a4,a7
    8fbe:	92c2                	add	t0,t0,a6
    8fc0:	9416                	add	s0,s0,t0
    8fc2:	ffff8793          	addi	a5,t6,-1
    8fc6:	00886663          	bltu	a6,s0,8fd2 <__divdf3+0x2b4>
    8fca:	02881163          	bne	a6,s0,8fec <__divdf3+0x2ce>
    8fce:	01176f63          	bltu	a4,a7,8fec <__divdf3+0x2ce>
    8fd2:	00d46663          	bltu	s0,a3,8fde <__divdf3+0x2c0>
    8fd6:	00869b63          	bne	a3,s0,8fec <__divdf3+0x2ce>
    8fda:	00b77963          	bgeu	a4,a1,8fec <__divdf3+0x2ce>
    8fde:	9746                	add	a4,a4,a7
    8fe0:	ffef8793          	addi	a5,t6,-2
    8fe4:	01173fb3          	sltu	t6,a4,a7
    8fe8:	9fc2                	add	t6,t6,a6
    8fea:	947e                	add	s0,s0,t6
    8fec:	40b705b3          	sub	a1,a4,a1
    8ff0:	8c15                	sub	s0,s0,a3
    8ff2:	00b73733          	sltu	a4,a4,a1
    8ff6:	8c19                	sub	s0,s0,a4
    8ff8:	5ffd                	li	t6,-1
    8ffa:	0e880663          	beq	a6,s0,90e6 <__divdf3+0x3c8>
    8ffe:	03d452b3          	divu	t0,s0,t4
    9002:	03d47433          	remu	s0,s0,t4
    9006:	0105d693          	srli	a3,a1,0x10
    900a:	0442                	slli	s0,s0,0x10
    900c:	025e0fb3          	mul	t6,t3,t0
    9010:	8c55                	or	s0,s0,a3
    9012:	8716                	mv	a4,t0
    9014:	01f47c63          	bgeu	s0,t6,902c <__divdf3+0x30e>
    9018:	9442                	add	s0,s0,a6
    901a:	fff28713          	addi	a4,t0,-1 # ffff <_sp+0xe0f>
    901e:	01046763          	bltu	s0,a6,902c <__divdf3+0x30e>
    9022:	01f47563          	bgeu	s0,t6,902c <__divdf3+0x30e>
    9026:	ffe28713          	addi	a4,t0,-2
    902a:	9442                	add	s0,s0,a6
    902c:	41f40433          	sub	s0,s0,t6
    9030:	03d456b3          	divu	a3,s0,t4
    9034:	03d47433          	remu	s0,s0,t4
    9038:	05c2                	slli	a1,a1,0x10
    903a:	81c1                	srli	a1,a1,0x10
    903c:	0442                	slli	s0,s0,0x10
    903e:	8c4d                	or	s0,s0,a1
    9040:	02de0e33          	mul	t3,t3,a3
    9044:	85b6                	mv	a1,a3
    9046:	01c47c63          	bgeu	s0,t3,905e <__divdf3+0x340>
    904a:	9442                	add	s0,s0,a6
    904c:	fff68593          	addi	a1,a3,-1 # 7fffff <_sp+0x7f0e0f>
    9050:	01046763          	bltu	s0,a6,905e <__divdf3+0x340>
    9054:	01c47563          	bgeu	s0,t3,905e <__divdf3+0x340>
    9058:	ffe68593          	addi	a1,a3,-2
    905c:	9442                	add	s0,s0,a6
    905e:	0742                	slli	a4,a4,0x10
    9060:	8dd9                	or	a1,a1,a4
    9062:	01059713          	slli	a4,a1,0x10
    9066:	8341                	srli	a4,a4,0x10
    9068:	41c40433          	sub	s0,s0,t3
    906c:	0105de13          	srli	t3,a1,0x10
    9070:	02670eb3          	mul	t4,a4,t1
    9074:	026e0333          	mul	t1,t3,t1
    9078:	03cf0e33          	mul	t3,t5,t3
    907c:	02ef0f33          	mul	t5,t5,a4
    9080:	9f1a                	add	t5,t5,t1
    9082:	010ed713          	srli	a4,t4,0x10
    9086:	977a                	add	a4,a4,t5
    9088:	00677463          	bgeu	a4,t1,9090 <__divdf3+0x372>
    908c:	66c1                	lui	a3,0x10
    908e:	9e36                	add	t3,t3,a3
    9090:	01075313          	srli	t1,a4,0x10
    9094:	9372                	add	t1,t1,t3
    9096:	6e41                	lui	t3,0x10
    9098:	1e7d                	addi	t3,t3,-1
    909a:	01c776b3          	and	a3,a4,t3
    909e:	06c2                	slli	a3,a3,0x10
    90a0:	01cefeb3          	and	t4,t4,t3
    90a4:	96f6                	add	a3,a3,t4
    90a6:	00646663          	bltu	s0,t1,90b2 <__divdf3+0x394>
    90aa:	8fae                	mv	t6,a1
    90ac:	02641b63          	bne	s0,t1,90e2 <__divdf3+0x3c4>
    90b0:	ca9d                	beqz	a3,90e6 <__divdf3+0x3c8>
    90b2:	9442                	add	s0,s0,a6
    90b4:	fff58f93          	addi	t6,a1,-1
    90b8:	03046163          	bltu	s0,a6,90da <__divdf3+0x3bc>
    90bc:	00646663          	bltu	s0,t1,90c8 <__divdf3+0x3aa>
    90c0:	02641163          	bne	s0,t1,90e2 <__divdf3+0x3c4>
    90c4:	00d8fd63          	bgeu	a7,a3,90de <__divdf3+0x3c0>
    90c8:	00189713          	slli	a4,a7,0x1
    90cc:	011738b3          	sltu	a7,a4,a7
    90d0:	9846                	add	a6,a6,a7
    90d2:	ffe58f93          	addi	t6,a1,-2
    90d6:	9442                	add	s0,s0,a6
    90d8:	88ba                	mv	a7,a4
    90da:	00641463          	bne	s0,t1,90e2 <__divdf3+0x3c4>
    90de:	01168463          	beq	a3,a7,90e6 <__divdf3+0x3c8>
    90e2:	001fef93          	ori	t6,t6,1
    90e6:	3ff50693          	addi	a3,a0,1023
    90ea:	0ad05c63          	blez	a3,91a2 <__divdf3+0x484>
    90ee:	007ff713          	andi	a4,t6,7
    90f2:	cf01                	beqz	a4,910a <__divdf3+0x3ec>
    90f4:	00fff713          	andi	a4,t6,15
    90f8:	4591                	li	a1,4
    90fa:	00b70863          	beq	a4,a1,910a <__divdf3+0x3ec>
    90fe:	004f8593          	addi	a1,t6,4
    9102:	01f5bfb3          	sltu	t6,a1,t6
    9106:	97fe                	add	a5,a5,t6
    9108:	8fae                	mv	t6,a1
    910a:	00779713          	slli	a4,a5,0x7
    910e:	00075863          	bgez	a4,911e <__divdf3+0x400>
    9112:	ff000737          	lui	a4,0xff000
    9116:	177d                	addi	a4,a4,-1
    9118:	8ff9                	and	a5,a5,a4
    911a:	40050693          	addi	a3,a0,1024
    911e:	7fe00713          	li	a4,2046
    9122:	10d74b63          	blt	a4,a3,9238 <__divdf3+0x51a>
    9126:	01d79713          	slli	a4,a5,0x1d
    912a:	003fdf93          	srli	t6,t6,0x3
    912e:	01f76733          	or	a4,a4,t6
    9132:	838d                	srli	a5,a5,0x3
    9134:	001005b7          	lui	a1,0x100
    9138:	15fd                	addi	a1,a1,-1
    913a:	8fed                	and	a5,a5,a1
    913c:	801005b7          	lui	a1,0x80100
    9140:	15fd                	addi	a1,a1,-1
    9142:	7ff6f693          	andi	a3,a3,2047
    9146:	06d2                	slli	a3,a3,0x14
    9148:	8fed                	and	a5,a5,a1
    914a:	50b2                	lw	ra,44(sp)
    914c:	5422                	lw	s0,40(sp)
    914e:	067e                	slli	a2,a2,0x1f
    9150:	8fd5                	or	a5,a5,a3
    9152:	00c7e6b3          	or	a3,a5,a2
    9156:	5492                	lw	s1,36(sp)
    9158:	5902                	lw	s2,32(sp)
    915a:	49f2                	lw	s3,28(sp)
    915c:	4a62                	lw	s4,24(sp)
    915e:	4ad2                	lw	s5,20(sp)
    9160:	4b42                	lw	s6,16(sp)
    9162:	4bb2                	lw	s7,12(sp)
    9164:	853a                	mv	a0,a4
    9166:	85b6                	mv	a1,a3
    9168:	6145                	addi	sp,sp,48
    916a:	8082                	ret
    916c:	157d                	addi	a0,a0,-1
    916e:	4701                	li	a4,0
    9170:	b3b5                	j	8edc <__divdf3+0x1be>
    9172:	864a                	mv	a2,s2
    9174:	87d6                	mv	a5,s5
    9176:	8fa2                	mv	t6,s0
    9178:	875a                	mv	a4,s6
    917a:	4689                	li	a3,2
    917c:	0ad70e63          	beq	a4,a3,9238 <__divdf3+0x51a>
    9180:	468d                	li	a3,3
    9182:	0ad70463          	beq	a4,a3,922a <__divdf3+0x50c>
    9186:	4685                	li	a3,1
    9188:	f4d71fe3          	bne	a4,a3,90e6 <__divdf3+0x3c8>
    918c:	4781                	li	a5,0
    918e:	4701                	li	a4,0
    9190:	a0bd                	j	91fe <__divdf3+0x4e0>
    9192:	864e                	mv	a2,s3
    9194:	b7dd                	j	917a <__divdf3+0x45c>
    9196:	000807b7          	lui	a5,0x80
    919a:	4f81                	li	t6,0
    919c:	4601                	li	a2,0
    919e:	470d                	li	a4,3
    91a0:	bfe9                	j	917a <__divdf3+0x45c>
    91a2:	4585                	li	a1,1
    91a4:	8d95                	sub	a1,a1,a3
    91a6:	03800713          	li	a4,56
    91aa:	feb741e3          	blt	a4,a1,918c <__divdf3+0x46e>
    91ae:	477d                	li	a4,31
    91b0:	04b74963          	blt	a4,a1,9202 <__divdf3+0x4e4>
    91b4:	41e50513          	addi	a0,a0,1054
    91b8:	00a79733          	sll	a4,a5,a0
    91bc:	00bfd6b3          	srl	a3,t6,a1
    91c0:	00af9533          	sll	a0,t6,a0
    91c4:	8f55                	or	a4,a4,a3
    91c6:	00a03533          	snez	a0,a0
    91ca:	8f49                	or	a4,a4,a0
    91cc:	00b7d7b3          	srl	a5,a5,a1
    91d0:	00777693          	andi	a3,a4,7
    91d4:	ce81                	beqz	a3,91ec <__divdf3+0x4ce>
    91d6:	00f77693          	andi	a3,a4,15
    91da:	4591                	li	a1,4
    91dc:	00b68863          	beq	a3,a1,91ec <__divdf3+0x4ce>
    91e0:	00470693          	addi	a3,a4,4 # ff000004 <pulp__FC+0xff000005>
    91e4:	00e6b733          	sltu	a4,a3,a4
    91e8:	97ba                	add	a5,a5,a4
    91ea:	8736                	mv	a4,a3
    91ec:	00879693          	slli	a3,a5,0x8
    91f0:	0406c963          	bltz	a3,9242 <__divdf3+0x524>
    91f4:	01d79693          	slli	a3,a5,0x1d
    91f8:	830d                	srli	a4,a4,0x3
    91fa:	8f55                	or	a4,a4,a3
    91fc:	838d                	srli	a5,a5,0x3
    91fe:	4681                	li	a3,0
    9200:	bf15                	j	9134 <__divdf3+0x416>
    9202:	5705                	li	a4,-31
    9204:	8f15                	sub	a4,a4,a3
    9206:	02000813          	li	a6,32
    920a:	00e7d733          	srl	a4,a5,a4
    920e:	4681                	li	a3,0
    9210:	01058663          	beq	a1,a6,921c <__divdf3+0x4fe>
    9214:	43e50513          	addi	a0,a0,1086
    9218:	00a796b3          	sll	a3,a5,a0
    921c:	01f6e533          	or	a0,a3,t6
    9220:	00a03533          	snez	a0,a0
    9224:	8f49                	or	a4,a4,a0
    9226:	4781                	li	a5,0
    9228:	b765                	j	91d0 <__divdf3+0x4b2>
    922a:	000807b7          	lui	a5,0x80
    922e:	4701                	li	a4,0
    9230:	7ff00693          	li	a3,2047
    9234:	4601                	li	a2,0
    9236:	bdfd                	j	9134 <__divdf3+0x416>
    9238:	4781                	li	a5,0
    923a:	4701                	li	a4,0
    923c:	7ff00693          	li	a3,2047
    9240:	bdd5                	j	9134 <__divdf3+0x416>
    9242:	4781                	li	a5,0
    9244:	4701                	li	a4,0
    9246:	4685                	li	a3,1
    9248:	b5f5                	j	9134 <__divdf3+0x416>

0000924a <__muldf3>:
    924a:	7179                	addi	sp,sp,-48
    924c:	d04a                	sw	s2,32(sp)
    924e:	ca56                	sw	s5,20(sp)
    9250:	00100937          	lui	s2,0x100
    9254:	0145da93          	srli	s5,a1,0x14
    9258:	ce4e                	sw	s3,28(sp)
    925a:	cc52                	sw	s4,24(sp)
    925c:	c85a                	sw	s6,16(sp)
    925e:	c65e                	sw	s7,12(sp)
    9260:	197d                	addi	s2,s2,-1
    9262:	d606                	sw	ra,44(sp)
    9264:	d422                	sw	s0,40(sp)
    9266:	d226                	sw	s1,36(sp)
    9268:	7ffafa93          	andi	s5,s5,2047
    926c:	8b2a                	mv	s6,a0
    926e:	8bb2                	mv	s7,a2
    9270:	8a36                	mv	s4,a3
    9272:	00b97933          	and	s2,s2,a1
    9276:	01f5d993          	srli	s3,a1,0x1f
    927a:	080a8663          	beqz	s5,9306 <__muldf3+0xbc>
    927e:	7ff00793          	li	a5,2047
    9282:	0cfa8b63          	beq	s5,a5,9358 <__muldf3+0x10e>
    9286:	008004b7          	lui	s1,0x800
    928a:	090e                	slli	s2,s2,0x3
    928c:	00996933          	or	s2,s2,s1
    9290:	01d55493          	srli	s1,a0,0x1d
    9294:	0124e4b3          	or	s1,s1,s2
    9298:	00351413          	slli	s0,a0,0x3
    929c:	c01a8a93          	addi	s5,s5,-1023
    92a0:	4b01                	li	s6,0
    92a2:	014a5513          	srli	a0,s4,0x14
    92a6:	00100937          	lui	s2,0x100
    92aa:	197d                	addi	s2,s2,-1
    92ac:	7ff57513          	andi	a0,a0,2047
    92b0:	01497933          	and	s2,s2,s4
    92b4:	875e                	mv	a4,s7
    92b6:	01fa5a13          	srli	s4,s4,0x1f
    92ba:	c169                	beqz	a0,937c <__muldf3+0x132>
    92bc:	7ff00793          	li	a5,2047
    92c0:	10f50863          	beq	a0,a5,93d0 <__muldf3+0x186>
    92c4:	008007b7          	lui	a5,0x800
    92c8:	090e                	slli	s2,s2,0x3
    92ca:	00f96933          	or	s2,s2,a5
    92ce:	01dbd793          	srli	a5,s7,0x1d
    92d2:	0127e7b3          	or	a5,a5,s2
    92d6:	003b9713          	slli	a4,s7,0x3
    92da:	c0150513          	addi	a0,a0,-1023
    92de:	4681                	li	a3,0
    92e0:	002b1613          	slli	a2,s6,0x2
    92e4:	8e55                	or	a2,a2,a3
    92e6:	9556                	add	a0,a0,s5
    92e8:	167d                	addi	a2,a2,-1
    92ea:	45b9                	li	a1,14
    92ec:	0149c833          	xor	a6,s3,s4
    92f0:	00150893          	addi	a7,a0,1
    92f4:	0ec5ef63          	bltu	a1,a2,93f2 <__muldf3+0x1a8>
    92f8:	65b1                	lui	a1,0xc
    92fa:	060a                	slli	a2,a2,0x2
    92fc:	63458593          	addi	a1,a1,1588 # c634 <zeroes.4346+0x4c>
    9300:	962e                	add	a2,a2,a1
    9302:	4210                	lw	a2,0(a2)
    9304:	8602                	jr	a2
    9306:	00a964b3          	or	s1,s2,a0
    930a:	c0a5                	beqz	s1,936a <__muldf3+0x120>
    930c:	02090b63          	beqz	s2,9342 <__muldf3+0xf8>
    9310:	854a                	mv	a0,s2
    9312:	674020ef          	jal	ra,b986 <__clzsi2>
    9316:	ff550793          	addi	a5,a0,-11
    931a:	4771                	li	a4,28
    931c:	02f74863          	blt	a4,a5,934c <__muldf3+0x102>
    9320:	44f5                	li	s1,29
    9322:	ff850413          	addi	s0,a0,-8
    9326:	8c9d                	sub	s1,s1,a5
    9328:	00891933          	sll	s2,s2,s0
    932c:	009b54b3          	srl	s1,s6,s1
    9330:	0124e4b3          	or	s1,s1,s2
    9334:	008b1433          	sll	s0,s6,s0
    9338:	c0d00a93          	li	s5,-1011
    933c:	40aa8ab3          	sub	s5,s5,a0
    9340:	b785                	j	92a0 <__muldf3+0x56>
    9342:	644020ef          	jal	ra,b986 <__clzsi2>
    9346:	02050513          	addi	a0,a0,32
    934a:	b7f1                	j	9316 <__muldf3+0xcc>
    934c:	fd850493          	addi	s1,a0,-40
    9350:	009b14b3          	sll	s1,s6,s1
    9354:	4401                	li	s0,0
    9356:	b7cd                	j	9338 <__muldf3+0xee>
    9358:	00a964b3          	or	s1,s2,a0
    935c:	c899                	beqz	s1,9372 <__muldf3+0x128>
    935e:	842a                	mv	s0,a0
    9360:	84ca                	mv	s1,s2
    9362:	7ff00a93          	li	s5,2047
    9366:	4b0d                	li	s6,3
    9368:	bf2d                	j	92a2 <__muldf3+0x58>
    936a:	4401                	li	s0,0
    936c:	4a81                	li	s5,0
    936e:	4b05                	li	s6,1
    9370:	bf0d                	j	92a2 <__muldf3+0x58>
    9372:	4401                	li	s0,0
    9374:	7ff00a93          	li	s5,2047
    9378:	4b09                	li	s6,2
    937a:	b725                	j	92a2 <__muldf3+0x58>
    937c:	017967b3          	or	a5,s2,s7
    9380:	c3a5                	beqz	a5,93e0 <__muldf3+0x196>
    9382:	02090b63          	beqz	s2,93b8 <__muldf3+0x16e>
    9386:	854a                	mv	a0,s2
    9388:	5fe020ef          	jal	ra,b986 <__clzsi2>
    938c:	ff550693          	addi	a3,a0,-11
    9390:	47f1                	li	a5,28
    9392:	02d7c963          	blt	a5,a3,93c4 <__muldf3+0x17a>
    9396:	47f5                	li	a5,29
    9398:	ff850713          	addi	a4,a0,-8
    939c:	8f95                	sub	a5,a5,a3
    939e:	00e91933          	sll	s2,s2,a4
    93a2:	00fbd7b3          	srl	a5,s7,a5
    93a6:	0127e7b3          	or	a5,a5,s2
    93aa:	00eb9733          	sll	a4,s7,a4
    93ae:	c0d00693          	li	a3,-1011
    93b2:	40a68533          	sub	a0,a3,a0
    93b6:	b725                	j	92de <__muldf3+0x94>
    93b8:	855e                	mv	a0,s7
    93ba:	5cc020ef          	jal	ra,b986 <__clzsi2>
    93be:	02050513          	addi	a0,a0,32
    93c2:	b7e9                	j	938c <__muldf3+0x142>
    93c4:	fd850793          	addi	a5,a0,-40
    93c8:	00fb97b3          	sll	a5,s7,a5
    93cc:	4701                	li	a4,0
    93ce:	b7c5                	j	93ae <__muldf3+0x164>
    93d0:	017967b3          	or	a5,s2,s7
    93d4:	cb91                	beqz	a5,93e8 <__muldf3+0x19e>
    93d6:	87ca                	mv	a5,s2
    93d8:	7ff00513          	li	a0,2047
    93dc:	468d                	li	a3,3
    93de:	b709                	j	92e0 <__muldf3+0x96>
    93e0:	4701                	li	a4,0
    93e2:	4501                	li	a0,0
    93e4:	4685                	li	a3,1
    93e6:	bded                	j	92e0 <__muldf3+0x96>
    93e8:	4701                	li	a4,0
    93ea:	7ff00513          	li	a0,2047
    93ee:	4689                	li	a3,2
    93f0:	bdc5                	j	92e0 <__muldf3+0x96>
    93f2:	66c1                	lui	a3,0x10
    93f4:	fff68313          	addi	t1,a3,-1 # ffff <_sp+0xe0f>
    93f8:	01045613          	srli	a2,s0,0x10
    93fc:	01075293          	srli	t0,a4,0x10
    9400:	00647433          	and	s0,s0,t1
    9404:	006773b3          	and	t2,a4,t1
    9408:	028285b3          	mul	a1,t0,s0
    940c:	02740733          	mul	a4,s0,t2
    9410:	02760e33          	mul	t3,a2,t2
    9414:	01c58eb3          	add	t4,a1,t3
    9418:	01075593          	srli	a1,a4,0x10
    941c:	95f6                	add	a1,a1,t4
    941e:	02560f33          	mul	t5,a2,t0
    9422:	01c5f363          	bgeu	a1,t3,9428 <__muldf3+0x1de>
    9426:	9f36                	add	t5,t5,a3
    9428:	0065feb3          	and	t4,a1,t1
    942c:	00677733          	and	a4,a4,t1
    9430:	0ec2                	slli	t4,t4,0x10
    9432:	0107d913          	srli	s2,a5,0x10
    9436:	9eba                	add	t4,t4,a4
    9438:	0067f733          	and	a4,a5,t1
    943c:	028707b3          	mul	a5,a4,s0
    9440:	02e606b3          	mul	a3,a2,a4
    9444:	02890433          	mul	s0,s2,s0
    9448:	0105de13          	srli	t3,a1,0x10
    944c:	00d405b3          	add	a1,s0,a3
    9450:	0107d413          	srli	s0,a5,0x10
    9454:	942e                	add	s0,s0,a1
    9456:	03260633          	mul	a2,a2,s2
    945a:	00d47463          	bgeu	s0,a3,9462 <__muldf3+0x218>
    945e:	66c1                	lui	a3,0x10
    9460:	9636                	add	a2,a2,a3
    9462:	01045693          	srli	a3,s0,0x10
    9466:	6341                	lui	t1,0x10
    9468:	9636                	add	a2,a2,a3
    946a:	fff30693          	addi	a3,t1,-1 # ffff <_sp+0xe0f>
    946e:	8c75                	and	s0,s0,a3
    9470:	8ff5                	and	a5,a5,a3
    9472:	0442                	slli	s0,s0,0x10
    9474:	0104df93          	srli	t6,s1,0x10
    9478:	943e                	add	s0,s0,a5
    947a:	8cf5                	and	s1,s1,a3
    947c:	027486b3          	mul	a3,s1,t2
    9480:	008e09b3          	add	s3,t3,s0
    9484:	027f83b3          	mul	t2,t6,t2
    9488:	02928e33          	mul	t3,t0,s1
    948c:	03f287b3          	mul	a5,t0,t6
    9490:	007e02b3          	add	t0,t3,t2
    9494:	0106de13          	srli	t3,a3,0x10
    9498:	9e16                	add	t3,t3,t0
    949a:	007e7363          	bgeu	t3,t2,94a0 <__muldf3+0x256>
    949e:	979a                	add	a5,a5,t1
    94a0:	010e5293          	srli	t0,t3,0x10
    94a4:	65c1                	lui	a1,0x10
    94a6:	92be                	add	t0,t0,a5
    94a8:	fff58793          	addi	a5,a1,-1 # ffff <_sp+0xe0f>
    94ac:	00fe7333          	and	t1,t3,a5
    94b0:	02e483b3          	mul	t2,s1,a4
    94b4:	8efd                	and	a3,a3,a5
    94b6:	02ef8733          	mul	a4,t6,a4
    94ba:	0342                	slli	t1,t1,0x10
    94bc:	029904b3          	mul	s1,s2,s1
    94c0:	9336                	add	t1,t1,a3
    94c2:	94ba                	add	s1,s1,a4
    94c4:	0103d693          	srli	a3,t2,0x10
    94c8:	94b6                	add	s1,s1,a3
    94ca:	03f90fb3          	mul	t6,s2,t6
    94ce:	00e4f363          	bgeu	s1,a4,94d4 <__muldf3+0x28a>
    94d2:	9fae                	add	t6,t6,a1
    94d4:	66c1                	lui	a3,0x10
    94d6:	16fd                	addi	a3,a3,-1
    94d8:	00d4f5b3          	and	a1,s1,a3
    94dc:	05c2                	slli	a1,a1,0x10
    94de:	00d3f6b3          	and	a3,t2,a3
    94e2:	013f0e33          	add	t3,t5,s3
    94e6:	95b6                	add	a1,a1,a3
    94e8:	00c586b3          	add	a3,a1,a2
    94ec:	008e3433          	sltu	s0,t3,s0
    94f0:	008687b3          	add	a5,a3,s0
    94f4:	9e1a                	add	t3,t3,t1
    94f6:	006e3333          	sltu	t1,t3,t1
    94fa:	005785b3          	add	a1,a5,t0
    94fe:	00c6b6b3          	sltu	a3,a3,a2
    9502:	00658f33          	add	t5,a1,t1
    9506:	8636                	mv	a2,a3
    9508:	0087b6b3          	sltu	a3,a5,s0
    950c:	0055b7b3          	sltu	a5,a1,t0
    9510:	85be                	mv	a1,a5
    9512:	006f37b3          	sltu	a5,t5,t1
    9516:	8ed1                	or	a3,a3,a2
    9518:	0ff6f693          	zext.b	a3,a3
    951c:	80c1                	srli	s1,s1,0x10
    951e:	8fcd                	or	a5,a5,a1
    9520:	96a6                	add	a3,a3,s1
    9522:	0ff7f793          	zext.b	a5,a5
    9526:	97b6                	add	a5,a5,a3
    9528:	97fe                	add	a5,a5,t6
    952a:	017f5713          	srli	a4,t5,0x17
    952e:	07a6                	slli	a5,a5,0x9
    9530:	8fd9                	or	a5,a5,a4
    9532:	009e1713          	slli	a4,t3,0x9
    9536:	01d76733          	or	a4,a4,t4
    953a:	00e03733          	snez	a4,a4
    953e:	017e5e13          	srli	t3,t3,0x17
    9542:	01c76733          	or	a4,a4,t3
    9546:	0f26                	slli	t5,t5,0x9
    9548:	00779693          	slli	a3,a5,0x7
    954c:	01e76733          	or	a4,a4,t5
    9550:	0a06de63          	bgez	a3,960c <__muldf3+0x3c2>
    9554:	00175693          	srli	a3,a4,0x1
    9558:	8b05                	andi	a4,a4,1
    955a:	8f55                	or	a4,a4,a3
    955c:	01f79693          	slli	a3,a5,0x1f
    9560:	8f55                	or	a4,a4,a3
    9562:	8385                	srli	a5,a5,0x1
    9564:	3ff88613          	addi	a2,a7,1023
    9568:	0ac05463          	blez	a2,9610 <__muldf3+0x3c6>
    956c:	00777693          	andi	a3,a4,7
    9570:	ce81                	beqz	a3,9588 <__muldf3+0x33e>
    9572:	00f77693          	andi	a3,a4,15
    9576:	4591                	li	a1,4
    9578:	00b68863          	beq	a3,a1,9588 <__muldf3+0x33e>
    957c:	00470693          	addi	a3,a4,4
    9580:	00e6b733          	sltu	a4,a3,a4
    9584:	97ba                	add	a5,a5,a4
    9586:	8736                	mv	a4,a3
    9588:	00779693          	slli	a3,a5,0x7
    958c:	0006d863          	bgez	a3,959c <__muldf3+0x352>
    9590:	ff0006b7          	lui	a3,0xff000
    9594:	16fd                	addi	a3,a3,-1
    9596:	8ff5                	and	a5,a5,a3
    9598:	40088613          	addi	a2,a7,1024
    959c:	7fe00693          	li	a3,2046
    95a0:	10c6c263          	blt	a3,a2,96a4 <__muldf3+0x45a>
    95a4:	00375693          	srli	a3,a4,0x3
    95a8:	01d79713          	slli	a4,a5,0x1d
    95ac:	8f55                	or	a4,a4,a3
    95ae:	838d                	srli	a5,a5,0x3
    95b0:	001006b7          	lui	a3,0x100
    95b4:	16fd                	addi	a3,a3,-1
    95b6:	8ff5                	and	a5,a5,a3
    95b8:	7ff67693          	andi	a3,a2,2047
    95bc:	80100637          	lui	a2,0x80100
    95c0:	167d                	addi	a2,a2,-1
    95c2:	06d2                	slli	a3,a3,0x14
    95c4:	8ff1                	and	a5,a5,a2
    95c6:	50b2                	lw	ra,44(sp)
    95c8:	5422                	lw	s0,40(sp)
    95ca:	087e                	slli	a6,a6,0x1f
    95cc:	8fd5                	or	a5,a5,a3
    95ce:	0107e6b3          	or	a3,a5,a6
    95d2:	5492                	lw	s1,36(sp)
    95d4:	5902                	lw	s2,32(sp)
    95d6:	49f2                	lw	s3,28(sp)
    95d8:	4a62                	lw	s4,24(sp)
    95da:	4ad2                	lw	s5,20(sp)
    95dc:	4b42                	lw	s6,16(sp)
    95de:	4bb2                	lw	s7,12(sp)
    95e0:	853a                	mv	a0,a4
    95e2:	85b6                	mv	a1,a3
    95e4:	6145                	addi	sp,sp,48
    95e6:	8082                	ret
    95e8:	884e                	mv	a6,s3
    95ea:	87a6                	mv	a5,s1
    95ec:	8722                	mv	a4,s0
    95ee:	86da                	mv	a3,s6
    95f0:	4609                	li	a2,2
    95f2:	0ac68963          	beq	a3,a2,96a4 <__muldf3+0x45a>
    95f6:	460d                	li	a2,3
    95f8:	08c68f63          	beq	a3,a2,9696 <__muldf3+0x44c>
    95fc:	4605                	li	a2,1
    95fe:	f6c693e3          	bne	a3,a2,9564 <__muldf3+0x31a>
    9602:	4781                	li	a5,0
    9604:	4701                	li	a4,0
    9606:	a09d                	j	966c <__muldf3+0x422>
    9608:	8852                	mv	a6,s4
    960a:	b7dd                	j	95f0 <__muldf3+0x3a6>
    960c:	88aa                	mv	a7,a0
    960e:	bf99                	j	9564 <__muldf3+0x31a>
    9610:	4585                	li	a1,1
    9612:	8d91                	sub	a1,a1,a2
    9614:	03800693          	li	a3,56
    9618:	feb6c5e3          	blt	a3,a1,9602 <__muldf3+0x3b8>
    961c:	46fd                	li	a3,31
    961e:	04b6c963          	blt	a3,a1,9670 <__muldf3+0x426>
    9622:	41e88893          	addi	a7,a7,1054
    9626:	011796b3          	sll	a3,a5,a7
    962a:	00b75633          	srl	a2,a4,a1
    962e:	01171733          	sll	a4,a4,a7
    9632:	8ed1                	or	a3,a3,a2
    9634:	00e03733          	snez	a4,a4
    9638:	8f55                	or	a4,a4,a3
    963a:	00b7d7b3          	srl	a5,a5,a1
    963e:	00777693          	andi	a3,a4,7
    9642:	ce81                	beqz	a3,965a <__muldf3+0x410>
    9644:	00f77693          	andi	a3,a4,15
    9648:	4611                	li	a2,4
    964a:	00c68863          	beq	a3,a2,965a <__muldf3+0x410>
    964e:	00470693          	addi	a3,a4,4
    9652:	00e6b733          	sltu	a4,a3,a4
    9656:	97ba                	add	a5,a5,a4
    9658:	8736                	mv	a4,a3
    965a:	00879693          	slli	a3,a5,0x8
    965e:	0406c863          	bltz	a3,96ae <__muldf3+0x464>
    9662:	01d79693          	slli	a3,a5,0x1d
    9666:	830d                	srli	a4,a4,0x3
    9668:	8f55                	or	a4,a4,a3
    966a:	838d                	srli	a5,a5,0x3
    966c:	4601                	li	a2,0
    966e:	b789                	j	95b0 <__muldf3+0x366>
    9670:	5685                	li	a3,-31
    9672:	8e91                	sub	a3,a3,a2
    9674:	02000513          	li	a0,32
    9678:	00d7d6b3          	srl	a3,a5,a3
    967c:	4601                	li	a2,0
    967e:	00a58663          	beq	a1,a0,968a <__muldf3+0x440>
    9682:	43e88893          	addi	a7,a7,1086
    9686:	01179633          	sll	a2,a5,a7
    968a:	8f51                	or	a4,a4,a2
    968c:	00e03733          	snez	a4,a4
    9690:	8f55                	or	a4,a4,a3
    9692:	4781                	li	a5,0
    9694:	b76d                	j	963e <__muldf3+0x3f4>
    9696:	000807b7          	lui	a5,0x80
    969a:	4701                	li	a4,0
    969c:	7ff00613          	li	a2,2047
    96a0:	4801                	li	a6,0
    96a2:	b739                	j	95b0 <__muldf3+0x366>
    96a4:	4781                	li	a5,0
    96a6:	4701                	li	a4,0
    96a8:	7ff00613          	li	a2,2047
    96ac:	b711                	j	95b0 <__muldf3+0x366>
    96ae:	4781                	li	a5,0
    96b0:	4701                	li	a4,0
    96b2:	4605                	li	a2,1
    96b4:	bdf5                	j	95b0 <__muldf3+0x366>

000096b6 <__eqtf2>:
    96b6:	455c                	lw	a5,12(a0)
    96b8:	0005af03          	lw	t5,0(a1)
    96bc:	0045af83          	lw	t6,4(a1)
    96c0:	0085a283          	lw	t0,8(a1)
    96c4:	6721                	lui	a4,0x8
    96c6:	45cc                	lw	a1,12(a1)
    96c8:	0107d693          	srli	a3,a5,0x10
    96cc:	177d                	addi	a4,a4,-1
    96ce:	01079813          	slli	a6,a5,0x10
    96d2:	01059e93          	slli	t4,a1,0x10
    96d6:	01f7d613          	srli	a2,a5,0x1f
    96da:	8ef9                	and	a3,a3,a4
    96dc:	0105d793          	srli	a5,a1,0x10
    96e0:	1141                	addi	sp,sp,-16
    96e2:	00052883          	lw	a7,0(a0)
    96e6:	00452303          	lw	t1,4(a0)
    96ea:	00852e03          	lw	t3,8(a0)
    96ee:	01085813          	srli	a6,a6,0x10
    96f2:	010ede93          	srli	t4,t4,0x10
    96f6:	8ff9                	and	a5,a5,a4
    96f8:	81fd                	srli	a1,a1,0x1f
    96fa:	00e69d63          	bne	a3,a4,9714 <__eqtf2+0x5e>
    96fe:	0068e733          	or	a4,a7,t1
    9702:	01c76733          	or	a4,a4,t3
    9706:	01076733          	or	a4,a4,a6
    970a:	4505                	li	a0,1
    970c:	e721                	bnez	a4,9754 <__eqtf2+0x9e>
    970e:	04d79363          	bne	a5,a3,9754 <__eqtf2+0x9e>
    9712:	a019                	j	9718 <__eqtf2+0x62>
    9714:	00e79a63          	bne	a5,a4,9728 <__eqtf2+0x72>
    9718:	01ff6733          	or	a4,t5,t6
    971c:	00576733          	or	a4,a4,t0
    9720:	01d76733          	or	a4,a4,t4
    9724:	4505                	li	a0,1
    9726:	e71d                	bnez	a4,9754 <__eqtf2+0x9e>
    9728:	4505                	li	a0,1
    972a:	02d79563          	bne	a5,a3,9754 <__eqtf2+0x9e>
    972e:	03e89363          	bne	a7,t5,9754 <__eqtf2+0x9e>
    9732:	03f31163          	bne	t1,t6,9754 <__eqtf2+0x9e>
    9736:	005e1f63          	bne	t3,t0,9754 <__eqtf2+0x9e>
    973a:	01d81d63          	bne	a6,t4,9754 <__eqtf2+0x9e>
    973e:	00b60d63          	beq	a2,a1,9758 <__eqtf2+0xa2>
    9742:	eb89                	bnez	a5,9754 <__eqtf2+0x9e>
    9744:	0068e533          	or	a0,a7,t1
    9748:	01c56533          	or	a0,a0,t3
    974c:	01056533          	or	a0,a0,a6
    9750:	00a03533          	snez	a0,a0
    9754:	0141                	addi	sp,sp,16
    9756:	8082                	ret
    9758:	4501                	li	a0,0
    975a:	bfed                	j	9754 <__eqtf2+0x9e>

0000975c <__getf2>:
    975c:	455c                	lw	a5,12(a0)
    975e:	00c5a883          	lw	a7,12(a1)
    9762:	00052f03          	lw	t5,0(a0)
    9766:	4150                	lw	a2,4(a0)
    9768:	00852803          	lw	a6,8(a0)
    976c:	6521                	lui	a0,0x8
    976e:	0107d713          	srli	a4,a5,0x10
    9772:	157d                	addi	a0,a0,-1
    9774:	01089e93          	slli	t4,a7,0x10
    9778:	0108d693          	srli	a3,a7,0x10
    977c:	0005a283          	lw	t0,0(a1)
    9780:	0045a303          	lw	t1,4(a1)
    9784:	0085ae03          	lw	t3,8(a1)
    9788:	8f69                	and	a4,a4,a0
    978a:	01079593          	slli	a1,a5,0x10
    978e:	1141                	addi	sp,sp,-16
    9790:	81c1                	srli	a1,a1,0x10
    9792:	83fd                	srli	a5,a5,0x1f
    9794:	010ede93          	srli	t4,t4,0x10
    9798:	8ee9                	and	a3,a3,a0
    979a:	01f8d893          	srli	a7,a7,0x1f
    979e:	00a71d63          	bne	a4,a0,97b8 <__getf2+0x5c>
    97a2:	00cf6fb3          	or	t6,t5,a2
    97a6:	010fefb3          	or	t6,t6,a6
    97aa:	00bfefb3          	or	t6,t6,a1
    97ae:	5579                	li	a0,-2
    97b0:	0a0f8763          	beqz	t6,985e <__getf2+0x102>
    97b4:	0141                	addi	sp,sp,16
    97b6:	8082                	ret
    97b8:	02a69463          	bne	a3,a0,97e0 <__getf2+0x84>
    97bc:	0062efb3          	or	t6,t0,t1
    97c0:	01cfefb3          	or	t6,t6,t3
    97c4:	01dfefb3          	or	t6,t6,t4
    97c8:	5579                	li	a0,-2
    97ca:	fe0f95e3          	bnez	t6,97b4 <__getf2+0x58>
    97ce:	eb1d                	bnez	a4,9804 <__getf2+0xa8>
    97d0:	00cf6533          	or	a0,t5,a2
    97d4:	01056533          	or	a0,a0,a6
    97d8:	8d4d                	or	a0,a0,a1
    97da:	00153513          	seqz	a0,a0
    97de:	a015                	j	9802 <__getf2+0xa6>
    97e0:	e349                	bnez	a4,9862 <__getf2+0x106>
    97e2:	00cf6533          	or	a0,t5,a2
    97e6:	01056533          	or	a0,a0,a6
    97ea:	8d4d                	or	a0,a0,a1
    97ec:	00153513          	seqz	a0,a0
    97f0:	ea89                	bnez	a3,9802 <__getf2+0xa6>
    97f2:	0062efb3          	or	t6,t0,t1
    97f6:	01cfefb3          	or	t6,t6,t3
    97fa:	01dfefb3          	or	t6,t6,t4
    97fe:	040f8e63          	beqz	t6,985a <__getf2+0xfe>
    9802:	e511                	bnez	a0,980e <__getf2+0xb2>
    9804:	01178963          	beq	a5,a7,9816 <__getf2+0xba>
    9808:	4505                	li	a0,1
    980a:	d7cd                	beqz	a5,97b4 <__getf2+0x58>
    980c:	a019                	j	9812 <__getf2+0xb6>
    980e:	fa0893e3          	bnez	a7,97b4 <__getf2+0x58>
    9812:	557d                	li	a0,-1
    9814:	b745                	j	97b4 <__getf2+0x58>
    9816:	fee6c9e3          	blt	a3,a4,9808 <__getf2+0xac>
    981a:	00d75663          	bge	a4,a3,9826 <__getf2+0xca>
    981e:	557d                	li	a0,-1
    9820:	dbd1                	beqz	a5,97b4 <__getf2+0x58>
    9822:	4505                	li	a0,1
    9824:	bf41                	j	97b4 <__getf2+0x58>
    9826:	febee1e3          	bltu	t4,a1,9808 <__getf2+0xac>
    982a:	03d59463          	bne	a1,t4,9852 <__getf2+0xf6>
    982e:	fd0e6de3          	bltu	t3,a6,9808 <__getf2+0xac>
    9832:	03c81b63          	bne	a6,t3,9868 <__getf2+0x10c>
    9836:	fcc369e3          	bltu	t1,a2,9808 <__getf2+0xac>
    983a:	00661463          	bne	a2,t1,9842 <__getf2+0xe6>
    983e:	fde2e5e3          	bltu	t0,t5,9808 <__getf2+0xac>
    9842:	fc666ee3          	bltu	a2,t1,981e <__getf2+0xc2>
    9846:	4501                	li	a0,0
    9848:	f66616e3          	bne	a2,t1,97b4 <__getf2+0x58>
    984c:	fc5f69e3          	bltu	t5,t0,981e <__getf2+0xc2>
    9850:	b795                	j	97b4 <__getf2+0x58>
    9852:	fdd5e6e3          	bltu	a1,t4,981e <__getf2+0xc2>
    9856:	4501                	li	a0,0
    9858:	bfb1                	j	97b4 <__getf2+0x58>
    985a:	fd75                	bnez	a0,9856 <__getf2+0xfa>
    985c:	b775                	j	9808 <__getf2+0xac>
    985e:	f4e68fe3          	beq	a3,a4,97bc <__getf2+0x60>
    9862:	4501                	li	a0,0
    9864:	d6d9                	beqz	a3,97f2 <__getf2+0x96>
    9866:	bf79                	j	9804 <__getf2+0xa8>
    9868:	fbc86be3          	bltu	a6,t3,981e <__getf2+0xc2>
    986c:	b7ed                	j	9856 <__getf2+0xfa>

0000986e <__letf2>:
    986e:	455c                	lw	a5,12(a0)
    9870:	00c5a883          	lw	a7,12(a1)
    9874:	00052f03          	lw	t5,0(a0) # 8000 <_svfiprintf_r+0x32c>
    9878:	4150                	lw	a2,4(a0)
    987a:	00852803          	lw	a6,8(a0)
    987e:	6521                	lui	a0,0x8
    9880:	0107d713          	srli	a4,a5,0x10
    9884:	157d                	addi	a0,a0,-1
    9886:	01089e93          	slli	t4,a7,0x10
    988a:	0108d693          	srli	a3,a7,0x10
    988e:	0005a283          	lw	t0,0(a1)
    9892:	0045a303          	lw	t1,4(a1)
    9896:	0085ae03          	lw	t3,8(a1)
    989a:	8f69                	and	a4,a4,a0
    989c:	01079593          	slli	a1,a5,0x10
    98a0:	1141                	addi	sp,sp,-16
    98a2:	81c1                	srli	a1,a1,0x10
    98a4:	83fd                	srli	a5,a5,0x1f
    98a6:	010ede93          	srli	t4,t4,0x10
    98aa:	8ee9                	and	a3,a3,a0
    98ac:	01f8d893          	srli	a7,a7,0x1f
    98b0:	00a71d63          	bne	a4,a0,98ca <__letf2+0x5c>
    98b4:	00cf6fb3          	or	t6,t5,a2
    98b8:	010fefb3          	or	t6,t6,a6
    98bc:	00bfefb3          	or	t6,t6,a1
    98c0:	4509                	li	a0,2
    98c2:	0a0f8763          	beqz	t6,9970 <__letf2+0x102>
    98c6:	0141                	addi	sp,sp,16
    98c8:	8082                	ret
    98ca:	02a69463          	bne	a3,a0,98f2 <__letf2+0x84>
    98ce:	0062efb3          	or	t6,t0,t1
    98d2:	01cfefb3          	or	t6,t6,t3
    98d6:	01dfefb3          	or	t6,t6,t4
    98da:	4509                	li	a0,2
    98dc:	fe0f95e3          	bnez	t6,98c6 <__letf2+0x58>
    98e0:	eb1d                	bnez	a4,9916 <__letf2+0xa8>
    98e2:	00cf6533          	or	a0,t5,a2
    98e6:	01056533          	or	a0,a0,a6
    98ea:	8d4d                	or	a0,a0,a1
    98ec:	00153513          	seqz	a0,a0
    98f0:	a015                	j	9914 <__letf2+0xa6>
    98f2:	e349                	bnez	a4,9974 <__letf2+0x106>
    98f4:	00cf6533          	or	a0,t5,a2
    98f8:	01056533          	or	a0,a0,a6
    98fc:	8d4d                	or	a0,a0,a1
    98fe:	00153513          	seqz	a0,a0
    9902:	ea89                	bnez	a3,9914 <__letf2+0xa6>
    9904:	0062efb3          	or	t6,t0,t1
    9908:	01cfefb3          	or	t6,t6,t3
    990c:	01dfefb3          	or	t6,t6,t4
    9910:	040f8e63          	beqz	t6,996c <__letf2+0xfe>
    9914:	e511                	bnez	a0,9920 <__letf2+0xb2>
    9916:	01178963          	beq	a5,a7,9928 <__letf2+0xba>
    991a:	4505                	li	a0,1
    991c:	d7cd                	beqz	a5,98c6 <__letf2+0x58>
    991e:	a019                	j	9924 <__letf2+0xb6>
    9920:	fa0893e3          	bnez	a7,98c6 <__letf2+0x58>
    9924:	557d                	li	a0,-1
    9926:	b745                	j	98c6 <__letf2+0x58>
    9928:	fee6c9e3          	blt	a3,a4,991a <__letf2+0xac>
    992c:	00d75663          	bge	a4,a3,9938 <__letf2+0xca>
    9930:	557d                	li	a0,-1
    9932:	dbd1                	beqz	a5,98c6 <__letf2+0x58>
    9934:	4505                	li	a0,1
    9936:	bf41                	j	98c6 <__letf2+0x58>
    9938:	febee1e3          	bltu	t4,a1,991a <__letf2+0xac>
    993c:	03d59463          	bne	a1,t4,9964 <__letf2+0xf6>
    9940:	fd0e6de3          	bltu	t3,a6,991a <__letf2+0xac>
    9944:	03c81b63          	bne	a6,t3,997a <__letf2+0x10c>
    9948:	fcc369e3          	bltu	t1,a2,991a <__letf2+0xac>
    994c:	00661463          	bne	a2,t1,9954 <__letf2+0xe6>
    9950:	fde2e5e3          	bltu	t0,t5,991a <__letf2+0xac>
    9954:	fc666ee3          	bltu	a2,t1,9930 <__letf2+0xc2>
    9958:	4501                	li	a0,0
    995a:	f66616e3          	bne	a2,t1,98c6 <__letf2+0x58>
    995e:	fc5f69e3          	bltu	t5,t0,9930 <__letf2+0xc2>
    9962:	b795                	j	98c6 <__letf2+0x58>
    9964:	fdd5e6e3          	bltu	a1,t4,9930 <__letf2+0xc2>
    9968:	4501                	li	a0,0
    996a:	bfb1                	j	98c6 <__letf2+0x58>
    996c:	fd75                	bnez	a0,9968 <__letf2+0xfa>
    996e:	b775                	j	991a <__letf2+0xac>
    9970:	f4e68fe3          	beq	a3,a4,98ce <__letf2+0x60>
    9974:	4501                	li	a0,0
    9976:	d6d9                	beqz	a3,9904 <__letf2+0x96>
    9978:	bf79                	j	9916 <__letf2+0xa8>
    997a:	fbc86be3          	bltu	a6,t3,9930 <__letf2+0xc2>
    997e:	b7ed                	j	9968 <__letf2+0xfa>

00009980 <__multf3>:
    9980:	7131                	addi	sp,sp,-192
    9982:	d74e                	sw	s3,172(sp)
    9984:	00c5a983          	lw	s3,12(a1)
    9988:	4194                	lw	a3,0(a1)
    998a:	41dc                	lw	a5,4(a1)
    998c:	01099713          	slli	a4,s3,0x10
    9990:	d94a                	sw	s2,176(sp)
    9992:	d552                	sw	s4,168(sp)
    9994:	d356                	sw	s5,164(sp)
    9996:	d15a                	sw	s6,160(sp)
    9998:	c42a                	sw	a0,8(sp)
    999a:	00062a03          	lw	s4,0(a2) # 80100000 <pulp__FC+0x80100001>
    999e:	4588                	lw	a0,8(a1)
    99a0:	00462b03          	lw	s6,4(a2)
    99a4:	00862a83          	lw	s5,8(a2)
    99a8:	00c62903          	lw	s2,12(a2)
    99ac:	6621                	lui	a2,0x8
    99ae:	db26                	sw	s1,180(sp)
    99b0:	8341                	srli	a4,a4,0x10
    99b2:	0109d493          	srli	s1,s3,0x10
    99b6:	167d                	addi	a2,a2,-1
    99b8:	d6ce                	sw	s3,108(sp)
    99ba:	df06                	sw	ra,188(sp)
    99bc:	dd22                	sw	s0,184(sp)
    99be:	cf5e                	sw	s7,156(sp)
    99c0:	cd62                	sw	s8,152(sp)
    99c2:	cb66                	sw	s9,148(sp)
    99c4:	c96a                	sw	s10,144(sp)
    99c6:	c76e                	sw	s11,140(sp)
    99c8:	d0b6                	sw	a3,96(sp)
    99ca:	d2be                	sw	a5,100(sp)
    99cc:	d4aa                	sw	a0,104(sp)
    99ce:	d836                	sw	a3,48(sp)
    99d0:	da3e                	sw	a5,52(sp)
    99d2:	dc2a                	sw	a0,56(sp)
    99d4:	de3a                	sw	a4,60(sp)
    99d6:	8cf1                	and	s1,s1,a2
    99d8:	01f9d993          	srli	s3,s3,0x1f
    99dc:	ccc5                	beqz	s1,9a94 <__multf3+0x114>
    99de:	18c48463          	beq	s1,a2,9b66 <__multf3+0x1e6>
    99e2:	67c1                	lui	a5,0x10
    99e4:	8fd9                	or	a5,a5,a4
    99e6:	de3e                	sw	a5,60(sp)
    99e8:	1810                	addi	a2,sp,48
    99ea:	187c                	addi	a5,sp,60
    99ec:	4398                	lw	a4,0(a5)
    99ee:	ffc7a683          	lw	a3,-4(a5) # fffc <_sp+0xe0c>
    99f2:	070e                	slli	a4,a4,0x3
    99f4:	82f5                	srli	a3,a3,0x1d
    99f6:	8f55                	or	a4,a4,a3
    99f8:	c398                	sw	a4,0(a5)
    99fa:	17f1                	addi	a5,a5,-4
    99fc:	fef618e3          	bne	a2,a5,99ec <__multf3+0x6c>
    9a00:	57c2                	lw	a5,48(sp)
    9a02:	7571                	lui	a0,0xffffc
    9a04:	078e                	slli	a5,a5,0x3
    9a06:	0505                	addi	a0,a0,1
    9a08:	d83e                	sw	a5,48(sp)
    9a0a:	94aa                	add	s1,s1,a0
    9a0c:	4b81                	li	s7,0
    9a0e:	01091793          	slli	a5,s2,0x10
    9a12:	6721                	lui	a4,0x8
    9a14:	01095513          	srli	a0,s2,0x10
    9a18:	83c1                	srli	a5,a5,0x10
    9a1a:	177d                	addi	a4,a4,-1
    9a1c:	d6ca                	sw	s2,108(sp)
    9a1e:	d0d2                	sw	s4,96(sp)
    9a20:	d2da                	sw	s6,100(sp)
    9a22:	d4d6                	sw	s5,104(sp)
    9a24:	c0d2                	sw	s4,64(sp)
    9a26:	c2da                	sw	s6,68(sp)
    9a28:	c4d6                	sw	s5,72(sp)
    9a2a:	c6be                	sw	a5,76(sp)
    9a2c:	8d79                	and	a0,a0,a4
    9a2e:	01f95913          	srli	s2,s2,0x1f
    9a32:	14050563          	beqz	a0,9b7c <__multf3+0x1fc>
    9a36:	22e50663          	beq	a0,a4,9c62 <__multf3+0x2e2>
    9a3a:	6ac1                	lui	s5,0x10
    9a3c:	0157eab3          	or	s5,a5,s5
    9a40:	c6d6                	sw	s5,76(sp)
    9a42:	0090                	addi	a2,sp,64
    9a44:	00fc                	addi	a5,sp,76
    9a46:	4398                	lw	a4,0(a5)
    9a48:	ffc7a683          	lw	a3,-4(a5)
    9a4c:	070e                	slli	a4,a4,0x3
    9a4e:	82f5                	srli	a3,a3,0x1d
    9a50:	8f55                	or	a4,a4,a3
    9a52:	c398                	sw	a4,0(a5)
    9a54:	17f1                	addi	a5,a5,-4
    9a56:	fef618e3          	bne	a2,a5,9a46 <__multf3+0xc6>
    9a5a:	4786                	lw	a5,64(sp)
    9a5c:	078e                	slli	a5,a5,0x3
    9a5e:	c0be                	sw	a5,64(sp)
    9a60:	77f1                	lui	a5,0xffffc
    9a62:	0785                	addi	a5,a5,1
    9a64:	953e                	add	a0,a0,a5
    9a66:	4701                	li	a4,0
    9a68:	94aa                	add	s1,s1,a0
    9a6a:	002b9793          	slli	a5,s7,0x2
    9a6e:	0129c5b3          	xor	a1,s3,s2
    9a72:	00148613          	addi	a2,s1,1 # 800001 <_sp+0x7f0e11>
    9a76:	8fd9                	or	a5,a5,a4
    9a78:	ca2e                	sw	a1,20(sp)
    9a7a:	d226                	sw	s1,36(sp)
    9a7c:	d032                	sw	a2,32(sp)
    9a7e:	17fd                	addi	a5,a5,-1
    9a80:	46b9                	li	a3,14
    9a82:	1ef6ee63          	bltu	a3,a5,9c7e <__multf3+0x2fe>
    9a86:	66b1                	lui	a3,0xc
    9a88:	078a                	slli	a5,a5,0x2
    9a8a:	67068693          	addi	a3,a3,1648 # c670 <zeroes.4346+0x88>
    9a8e:	97b6                	add	a5,a5,a3
    9a90:	439c                	lw	a5,0(a5)
    9a92:	8782                	jr	a5
    9a94:	00d7e633          	or	a2,a5,a3
    9a98:	8e49                	or	a2,a2,a0
    9a9a:	8e59                	or	a2,a2,a4
    9a9c:	ce69                	beqz	a2,9b76 <__multf3+0x1f6>
    9a9e:	c321                	beqz	a4,9ade <__multf3+0x15e>
    9aa0:	853a                	mv	a0,a4
    9aa2:	6e5010ef          	jal	ra,b986 <__clzsi2>
    9aa6:	ff450713          	addi	a4,a0,-12 # ffffbff4 <pulp__FC+0xffffbff5>
    9aaa:	40575793          	srai	a5,a4,0x5
    9aae:	8b7d                	andi	a4,a4,31
    9ab0:	cb31                	beqz	a4,9b04 <__multf3+0x184>
    9ab2:	56f1                	li	a3,-4
    9ab4:	02000813          	li	a6,32
    9ab8:	02d786b3          	mul	a3,a5,a3
    9abc:	00279593          	slli	a1,a5,0x2
    9ac0:	5e41                	li	t3,-16
    9ac2:	40e80833          	sub	a6,a6,a4
    9ac6:	16f1                	addi	a3,a3,-4
    9ac8:	07c69363          	bne	a3,t3,9b2e <__multf3+0x1ae>
    9acc:	0114                	addi	a3,sp,128
    9ace:	95b6                	add	a1,a1,a3
    9ad0:	56c2                	lw	a3,48(sp)
    9ad2:	17fd                	addi	a5,a5,-1
    9ad4:	00e69733          	sll	a4,a3,a4
    9ad8:	fae5a823          	sw	a4,-80(a1)
    9adc:	a091                	j	9b20 <__multf3+0x1a0>
    9ade:	c511                	beqz	a0,9aea <__multf3+0x16a>
    9ae0:	6a7010ef          	jal	ra,b986 <__clzsi2>
    9ae4:	02050513          	addi	a0,a0,32
    9ae8:	bf7d                	j	9aa6 <__multf3+0x126>
    9aea:	c799                	beqz	a5,9af8 <__multf3+0x178>
    9aec:	853e                	mv	a0,a5
    9aee:	699010ef          	jal	ra,b986 <__clzsi2>
    9af2:	04050513          	addi	a0,a0,64
    9af6:	bf45                	j	9aa6 <__multf3+0x126>
    9af8:	8536                	mv	a0,a3
    9afa:	68d010ef          	jal	ra,b986 <__clzsi2>
    9afe:	06050513          	addi	a0,a0,96
    9b02:	b755                	j	9aa6 <__multf3+0x126>
    9b04:	5671                	li	a2,-4
    9b06:	1818                	addi	a4,sp,48
    9b08:	02c78633          	mul	a2,a5,a2
    9b0c:	468d                	li	a3,3
    9b0e:	00c705b3          	add	a1,a4,a2
    9b12:	45cc                	lw	a1,12(a1)
    9b14:	16fd                	addi	a3,a3,-1
    9b16:	c74c                	sw	a1,12(a4)
    9b18:	1771                	addi	a4,a4,-4
    9b1a:	fef6dae3          	bge	a3,a5,9b0e <__multf3+0x18e>
    9b1e:	17fd                	addi	a5,a5,-1
    9b20:	56fd                	li	a3,-1
    9b22:	02d79963          	bne	a5,a3,9b54 <__multf3+0x1d4>
    9b26:	74f1                	lui	s1,0xffffc
    9b28:	04c5                	addi	s1,s1,17
    9b2a:	8c89                	sub	s1,s1,a0
    9b2c:	b5c5                	j	9a0c <__multf3+0x8c>
    9b2e:	1810                	addi	a2,sp,48
    9b30:	00d60333          	add	t1,a2,a3
    9b34:	00d588b3          	add	a7,a1,a3
    9b38:	98b2                	add	a7,a7,a2
    9b3a:	00c32603          	lw	a2,12(t1)
    9b3e:	01032303          	lw	t1,16(t1)
    9b42:	01065633          	srl	a2,a2,a6
    9b46:	00e31333          	sll	t1,t1,a4
    9b4a:	00666633          	or	a2,a2,t1
    9b4e:	00c8a823          	sw	a2,16(a7)
    9b52:	bf95                	j	9ac6 <__multf3+0x146>
    9b54:	00279713          	slli	a4,a5,0x2
    9b58:	03010813          	addi	a6,sp,48
    9b5c:	9742                	add	a4,a4,a6
    9b5e:	00072023          	sw	zero,0(a4) # 8000 <_svfiprintf_r+0x32c>
    9b62:	17fd                	addi	a5,a5,-1
    9b64:	bf7d                	j	9b22 <__multf3+0x1a2>
    9b66:	8fd5                	or	a5,a5,a3
    9b68:	8fc9                	or	a5,a5,a0
    9b6a:	8fd9                	or	a5,a5,a4
    9b6c:	4b89                	li	s7,2
    9b6e:	ea0780e3          	beqz	a5,9a0e <__multf3+0x8e>
    9b72:	4b8d                	li	s7,3
    9b74:	bd69                	j	9a0e <__multf3+0x8e>
    9b76:	4481                	li	s1,0
    9b78:	4b85                	li	s7,1
    9b7a:	bd51                	j	9a0e <__multf3+0x8e>
    9b7c:	016a6733          	or	a4,s4,s6
    9b80:	01576733          	or	a4,a4,s5
    9b84:	8f5d                	or	a4,a4,a5
    9b86:	0e070963          	beqz	a4,9c78 <__multf3+0x2f8>
    9b8a:	c3a9                	beqz	a5,9bcc <__multf3+0x24c>
    9b8c:	853e                	mv	a0,a5
    9b8e:	5f9010ef          	jal	ra,b986 <__clzsi2>
    9b92:	ff450713          	addi	a4,a0,-12
    9b96:	40575793          	srai	a5,a4,0x5
    9b9a:	8b7d                	andi	a4,a4,31
    9b9c:	cf31                	beqz	a4,9bf8 <__multf3+0x278>
    9b9e:	56f1                	li	a3,-4
    9ba0:	02000813          	li	a6,32
    9ba4:	02d786b3          	mul	a3,a5,a3
    9ba8:	00279593          	slli	a1,a5,0x2
    9bac:	5e41                	li	t3,-16
    9bae:	40e80833          	sub	a6,a6,a4
    9bb2:	16f1                	addi	a3,a3,-4
    9bb4:	07c69863          	bne	a3,t3,9c24 <__multf3+0x2a4>
    9bb8:	4686                	lw	a3,64(sp)
    9bba:	08010e13          	addi	t3,sp,128
    9bbe:	95f2                	add	a1,a1,t3
    9bc0:	00e69733          	sll	a4,a3,a4
    9bc4:	17fd                	addi	a5,a5,-1
    9bc6:	fce5a023          	sw	a4,-64(a1)
    9bca:	a0a9                	j	9c14 <__multf3+0x294>
    9bcc:	000a8863          	beqz	s5,9bdc <__multf3+0x25c>
    9bd0:	8556                	mv	a0,s5
    9bd2:	5b5010ef          	jal	ra,b986 <__clzsi2>
    9bd6:	02050513          	addi	a0,a0,32
    9bda:	bf65                	j	9b92 <__multf3+0x212>
    9bdc:	000b0863          	beqz	s6,9bec <__multf3+0x26c>
    9be0:	855a                	mv	a0,s6
    9be2:	5a5010ef          	jal	ra,b986 <__clzsi2>
    9be6:	04050513          	addi	a0,a0,64
    9bea:	b765                	j	9b92 <__multf3+0x212>
    9bec:	8552                	mv	a0,s4
    9bee:	599010ef          	jal	ra,b986 <__clzsi2>
    9bf2:	06050513          	addi	a0,a0,96
    9bf6:	bf71                	j	9b92 <__multf3+0x212>
    9bf8:	5671                	li	a2,-4
    9bfa:	0098                	addi	a4,sp,64
    9bfc:	02c78633          	mul	a2,a5,a2
    9c00:	468d                	li	a3,3
    9c02:	00c705b3          	add	a1,a4,a2
    9c06:	45cc                	lw	a1,12(a1)
    9c08:	16fd                	addi	a3,a3,-1
    9c0a:	c74c                	sw	a1,12(a4)
    9c0c:	1771                	addi	a4,a4,-4
    9c0e:	fef6dae3          	bge	a3,a5,9c02 <__multf3+0x282>
    9c12:	17fd                	addi	a5,a5,-1
    9c14:	56fd                	li	a3,-1
    9c16:	02d79d63          	bne	a5,a3,9c50 <__multf3+0x2d0>
    9c1a:	77f1                	lui	a5,0xffffc
    9c1c:	07c5                	addi	a5,a5,17
    9c1e:	40a78533          	sub	a0,a5,a0
    9c22:	b591                	j	9a66 <__multf3+0xe6>
    9c24:	04010893          	addi	a7,sp,64
    9c28:	00d88333          	add	t1,a7,a3
    9c2c:	00c32603          	lw	a2,12(t1)
    9c30:	01032303          	lw	t1,16(t1)
    9c34:	00d588b3          	add	a7,a1,a3
    9c38:	04010d13          	addi	s10,sp,64
    9c3c:	01065633          	srl	a2,a2,a6
    9c40:	00e31333          	sll	t1,t1,a4
    9c44:	98ea                	add	a7,a7,s10
    9c46:	00666633          	or	a2,a2,t1
    9c4a:	00c8a823          	sw	a2,16(a7)
    9c4e:	b795                	j	9bb2 <__multf3+0x232>
    9c50:	00279713          	slli	a4,a5,0x2
    9c54:	04010f93          	addi	t6,sp,64
    9c58:	977e                	add	a4,a4,t6
    9c5a:	00072023          	sw	zero,0(a4)
    9c5e:	17fd                	addi	a5,a5,-1
    9c60:	bf5d                	j	9c16 <__multf3+0x296>
    9c62:	016a6a33          	or	s4,s4,s6
    9c66:	015a6ab3          	or	s5,s4,s5
    9c6a:	00faeab3          	or	s5,s5,a5
    9c6e:	4709                	li	a4,2
    9c70:	de0a8ce3          	beqz	s5,9a68 <__multf3+0xe8>
    9c74:	470d                	li	a4,3
    9c76:	bbcd                	j	9a68 <__multf3+0xe8>
    9c78:	4501                	li	a0,0
    9c7a:	4705                	li	a4,1
    9c7c:	b3f5                	j	9a68 <__multf3+0xe8>
    9c7e:	5742                	lw	a4,48(sp)
    9c80:	4e06                	lw	t3,64(sp)
    9c82:	6541                	lui	a0,0x10
    9c84:	fff50693          	addi	a3,a0,-1 # ffff <_sp+0xe0f>
    9c88:	01075293          	srli	t0,a4,0x10
    9c8c:	010e5a93          	srli	s5,t3,0x10
    9c90:	8f75                	and	a4,a4,a3
    9c92:	00de7e33          	and	t3,t3,a3
    9c96:	02ea87b3          	mul	a5,s5,a4
    9c9a:	03c70633          	mul	a2,a4,t3
    9c9e:	03c28833          	mul	a6,t0,t3
    9ca2:	010785b3          	add	a1,a5,a6
    9ca6:	01065793          	srli	a5,a2,0x10
    9caa:	97ae                	add	a5,a5,a1
    9cac:	03528fb3          	mul	t6,t0,s5
    9cb0:	0107f363          	bgeu	a5,a6,9cb6 <__multf3+0x336>
    9cb4:	9faa                	add	t6,t6,a0
    9cb6:	4f16                	lw	t5,68(sp)
    9cb8:	0107db93          	srli	s7,a5,0x10
    9cbc:	8ff5                	and	a5,a5,a3
    9cbe:	07c2                	slli	a5,a5,0x10
    9cc0:	8e75                	and	a2,a2,a3
    9cc2:	963e                	add	a2,a2,a5
    9cc4:	010f5913          	srli	s2,t5,0x10
    9cc8:	00df7f33          	and	t5,t5,a3
    9ccc:	02e907b3          	mul	a5,s2,a4
    9cd0:	d432                	sw	a2,40(sp)
    9cd2:	d0b2                	sw	a2,96(sp)
    9cd4:	03e706b3          	mul	a3,a4,t5
    9cd8:	03e28633          	mul	a2,t0,t5
    9cdc:	00c78833          	add	a6,a5,a2
    9ce0:	0106d793          	srli	a5,a3,0x10
    9ce4:	97c2                	add	a5,a5,a6
    9ce6:	03228b33          	mul	s6,t0,s2
    9cea:	00c7f463          	bgeu	a5,a2,9cf2 <__multf3+0x372>
    9cee:	6641                	lui	a2,0x10
    9cf0:	9b32                	add	s6,s6,a2
    9cf2:	6641                	lui	a2,0x10
    9cf4:	fff60593          	addi	a1,a2,-1 # ffff <_sp+0xe0f>
    9cf8:	00b7f833          	and	a6,a5,a1
    9cfc:	0107dd93          	srli	s11,a5,0x10
    9d00:	57d2                	lw	a5,52(sp)
    9d02:	8eed                	and	a3,a3,a1
    9d04:	0107d993          	srli	s3,a5,0x10
    9d08:	8dfd                	and	a1,a1,a5
    9d0a:	0842                	slli	a6,a6,0x10
    9d0c:	9836                	add	a6,a6,a3
    9d0e:	02ba87b3          	mul	a5,s5,a1
    9d12:	02be06b3          	mul	a3,t3,a1
    9d16:	03c98333          	mul	t1,s3,t3
    9d1a:	006788b3          	add	a7,a5,t1
    9d1e:	0106d793          	srli	a5,a3,0x10
    9d22:	97c6                	add	a5,a5,a7
    9d24:	9bc2                	add	s7,s7,a6
    9d26:	033a8533          	mul	a0,s5,s3
    9d2a:	0067f363          	bgeu	a5,t1,9d30 <__multf3+0x3b0>
    9d2e:	9532                	add	a0,a0,a2
    9d30:	0107d393          	srli	t2,a5,0x10
    9d34:	6641                	lui	a2,0x10
    9d36:	93aa                	add	t2,t2,a0
    9d38:	fff60513          	addi	a0,a2,-1 # ffff <_sp+0xe0f>
    9d3c:	00a7f8b3          	and	a7,a5,a0
    9d40:	8ee9                	and	a3,a3,a0
    9d42:	08c2                	slli	a7,a7,0x10
    9d44:	98b6                	add	a7,a7,a3
    9d46:	03e987b3          	mul	a5,s3,t5
    9d4a:	02bf06b3          	mul	a3,t5,a1
    9d4e:	02b90533          	mul	a0,s2,a1
    9d52:	953e                	add	a0,a0,a5
    9d54:	0106de93          	srli	t4,a3,0x10
    9d58:	9576                	add	a0,a0,t4
    9d5a:	03390333          	mul	t1,s2,s3
    9d5e:	00f57363          	bgeu	a0,a5,9d64 <__multf3+0x3e4>
    9d62:	9332                	add	t1,t1,a2
    9d64:	01055793          	srli	a5,a0,0x10
    9d68:	979a                	add	a5,a5,t1
    9d6a:	4ea6                	lw	t4,72(sp)
    9d6c:	64c1                	lui	s1,0x10
    9d6e:	c63e                	sw	a5,12(sp)
    9d70:	fff48793          	addi	a5,s1,-1 # ffff <_sp+0xe0f>
    9d74:	010ed413          	srli	s0,t4,0x10
    9d78:	8d7d                	and	a0,a0,a5
    9d7a:	00fefeb3          	and	t4,t4,a5
    9d7e:	8efd                	and	a3,a3,a5
    9d80:	0542                	slli	a0,a0,0x10
    9d82:	03d70333          	mul	t1,a4,t4
    9d86:	03d28a33          	mul	s4,t0,t4
    9d8a:	02e407b3          	mul	a5,s0,a4
    9d8e:	9536                	add	a0,a0,a3
    9d90:	97d2                	add	a5,a5,s4
    9d92:	01035693          	srli	a3,t1,0x10
    9d96:	97b6                	add	a5,a5,a3
    9d98:	02828633          	mul	a2,t0,s0
    9d9c:	0147f363          	bgeu	a5,s4,9da2 <__multf3+0x422>
    9da0:	9626                	add	a2,a2,s1
    9da2:	0107d693          	srli	a3,a5,0x10
    9da6:	6c41                	lui	s8,0x10
    9da8:	96b2                	add	a3,a3,a2
    9daa:	fffc0613          	addi	a2,s8,-1 # ffff <_sp+0xe0f>
    9dae:	c836                	sw	a3,16(sp)
    9db0:	00c7f6b3          	and	a3,a5,a2
    9db4:	57e2                	lw	a5,56(sp)
    9db6:	00c37333          	and	t1,t1,a2
    9dba:	0107d493          	srli	s1,a5,0x10
    9dbe:	8e7d                	and	a2,a2,a5
    9dc0:	02ce0a33          	mul	s4,t3,a2
    9dc4:	03c48cb3          	mul	s9,s1,t3
    9dc8:	02ca87b3          	mul	a5,s5,a2
    9dcc:	97e6                	add	a5,a5,s9
    9dce:	010a5d13          	srli	s10,s4,0x10
    9dd2:	06c2                	slli	a3,a3,0x10
    9dd4:	97ea                	add	a5,a5,s10
    9dd6:	969a                	add	a3,a3,t1
    9dd8:	029a8333          	mul	t1,s5,s1
    9ddc:	0197f363          	bgeu	a5,s9,9de2 <__multf3+0x462>
    9de0:	9362                	add	t1,t1,s8
    9de2:	0107dc13          	srli	s8,a5,0x10
    9de6:	9fde                	add	t6,t6,s7
    9de8:	9362                	add	t1,t1,s8
    9dea:	010fb833          	sltu	a6,t6,a6
    9dee:	6c41                	lui	s8,0x10
    9df0:	fffc0c93          	addi	s9,s8,-1 # ffff <_sp+0xe0f>
    9df4:	9dc2                	add	s11,s11,a6
    9df6:	9fc6                	add	t6,t6,a7
    9df8:	9b6e                	add	s6,s6,s11
    9dfa:	0197f7b3          	and	a5,a5,s9
    9dfe:	011fb8b3          	sltu	a7,t6,a7
    9e02:	07c2                	slli	a5,a5,0x10
    9e04:	019a7a33          	and	s4,s4,s9
    9e08:	cc7e                	sw	t6,24(sp)
    9e0a:	d2fe                	sw	t6,100(sp)
    9e0c:	007b0fb3          	add	t6,s6,t2
    9e10:	9a3e                	add	s4,s4,a5
    9e12:	011f87b3          	add	a5,t6,a7
    9e16:	007fb3b3          	sltu	t2,t6,t2
    9e1a:	0117b8b3          	sltu	a7,a5,a7
    9e1e:	0113e3b3          	or	t2,t2,a7
    9e22:	00a78bb3          	add	s7,a5,a0
    9e26:	0ff3f393          	zext.b	t2,t2
    9e2a:	010b3b33          	sltu	s6,s6,a6
    9e2e:	47b2                	lw	a5,12(sp)
    9e30:	9b1e                	add	s6,s6,t2
    9e32:	00abb533          	sltu	a0,s7,a0
    9e36:	9b3e                	add	s6,s6,a5
    9e38:	4842                	lw	a6,16(sp)
    9e3a:	00ab0db3          	add	s11,s6,a0
    9e3e:	9bb6                	add	s7,s7,a3
    9e40:	00dbb6b3          	sltu	a3,s7,a3
    9e44:	010d88b3          	add	a7,s11,a6
    9e48:	9bd2                	add	s7,s7,s4
    9e4a:	00d88d33          	add	s10,a7,a3
    9e4e:	4fc2                	lw	t6,16(sp)
    9e50:	014bba33          	sltu	s4,s7,s4
    9e54:	006d03b3          	add	t2,s10,t1
    9e58:	014387b3          	add	a5,t2,s4
    9e5c:	01f8b8b3          	sltu	a7,a7,t6
    9e60:	0063bfb3          	sltu	t6,t2,t1
    9e64:	837e                	mv	t1,t6
    9e66:	0147bfb3          	sltu	t6,a5,s4
    9e6a:	8a7e                	mv	s4,t6
    9e6c:	4832                	lw	a6,12(sp)
    9e6e:	01436fb3          	or	t6,t1,s4
    9e72:	4336                	lw	t1,76(sp)
    9e74:	010b3b33          	sltu	s6,s6,a6
    9e78:	00adb533          	sltu	a0,s11,a0
    9e7c:	00dd36b3          	sltu	a3,s10,a3
    9e80:	01035393          	srli	t2,t1,0x10
    9e84:	01937333          	and	t1,t1,s9
    9e88:	00d8e8b3          	or	a7,a7,a3
    9e8c:	00ab6b33          	or	s6,s6,a0
    9e90:	026286b3          	mul	a3,t0,t1
    9e94:	02670533          	mul	a0,a4,t1
    9e98:	02e38733          	mul	a4,t2,a4
    9e9c:	ce5e                	sw	s7,28(sp)
    9e9e:	d4de                	sw	s7,104(sp)
    9ea0:	0ffb7b13          	zext.b	s6,s6
    9ea4:	0ff8fb93          	zext.b	s7,a7
    9ea8:	9736                	add	a4,a4,a3
    9eaa:	01055893          	srli	a7,a0,0x10
    9eae:	0fffff93          	zext.b	t6,t6
    9eb2:	9b5e                	add	s6,s6,s7
    9eb4:	98ba                	add	a7,a7,a4
    9eb6:	01fb0bb3          	add	s7,s6,t6
    9eba:	02728fb3          	mul	t6,t0,t2
    9ebe:	00d8f363          	bgeu	a7,a3,9ec4 <__multf3+0x544>
    9ec2:	9fe2                	add	t6,t6,s8
    9ec4:	0108d293          	srli	t0,a7,0x10
    9ec8:	5a72                	lw	s4,60(sp)
    9eca:	66c1                	lui	a3,0x10
    9ecc:	fff68813          	addi	a6,a3,-1 # ffff <_sp+0xe0f>
    9ed0:	92fe                	add	t0,t0,t6
    9ed2:	c616                	sw	t0,12(sp)
    9ed4:	010a5293          	srli	t0,s4,0x10
    9ed8:	010a7a33          	and	s4,s4,a6
    9edc:	034e0733          	mul	a4,t3,s4
    9ee0:	025a8b33          	mul	s6,s5,t0
    9ee4:	03c28e33          	mul	t3,t0,t3
    9ee8:	034a8ab3          	mul	s5,s5,s4
    9eec:	0108f8b3          	and	a7,a7,a6
    9ef0:	01057533          	and	a0,a0,a6
    9ef4:	9af2                	add	s5,s5,t3
    9ef6:	01075813          	srli	a6,a4,0x10
    9efa:	08c2                	slli	a7,a7,0x10
    9efc:	9ac2                	add	s5,s5,a6
    9efe:	98aa                	add	a7,a7,a0
    9f00:	01caf363          	bgeu	s5,t3,9f06 <__multf3+0x586>
    9f04:	9b36                	add	s6,s6,a3
    9f06:	010ad693          	srli	a3,s5,0x10
    9f0a:	96da                	add	a3,a3,s6
    9f0c:	6b41                	lui	s6,0x10
    9f0e:	c836                	sw	a3,16(sp)
    9f10:	fffb0693          	addi	a3,s6,-1 # ffff <_sp+0xe0f>
    9f14:	8f75                	and	a4,a4,a3
    9f16:	00daf833          	and	a6,s5,a3
    9f1a:	03d58e33          	mul	t3,a1,t4
    9f1e:	03d98fb3          	mul	t6,s3,t4
    9f22:	02b406b3          	mul	a3,s0,a1
    9f26:	96fe                	add	a3,a3,t6
    9f28:	010e5513          	srli	a0,t3,0x10
    9f2c:	0842                	slli	a6,a6,0x10
    9f2e:	96aa                	add	a3,a3,a0
    9f30:	983a                	add	a6,a6,a4
    9f32:	02898733          	mul	a4,s3,s0
    9f36:	01f6f363          	bgeu	a3,t6,9f3c <__multf3+0x5bc>
    9f3a:	975a                	add	a4,a4,s6
    9f3c:	0106d513          	srli	a0,a3,0x10
    9f40:	6b41                	lui	s6,0x10
    9f42:	953a                	add	a0,a0,a4
    9f44:	fffb0713          	addi	a4,s6,-1 # ffff <_sp+0xe0f>
    9f48:	d62a                	sw	a0,44(sp)
    9f4a:	00e6f533          	and	a0,a3,a4
    9f4e:	00ee7e33          	and	t3,t3,a4
    9f52:	0542                	slli	a0,a0,0x10
    9f54:	9572                	add	a0,a0,t3
    9f56:	03e48fb3          	mul	t6,s1,t5
    9f5a:	02cf0e33          	mul	t3,t5,a2
    9f5e:	02c90733          	mul	a4,s2,a2
    9f62:	977e                	add	a4,a4,t6
    9f64:	010e5693          	srli	a3,t3,0x10
    9f68:	9736                	add	a4,a4,a3
    9f6a:	02990ab3          	mul	s5,s2,s1
    9f6e:	01f77363          	bgeu	a4,t6,9f74 <__multf3+0x5f4>
    9f72:	9ada                	add	s5,s5,s6
    9f74:	6dc1                	lui	s11,0x10
    9f76:	fffd8f93          	addi	t6,s11,-1 # ffff <_sp+0xe0f>
    9f7a:	01f776b3          	and	a3,a4,t6
    9f7e:	01075d13          	srli	s10,a4,0x10
    9f82:	4732                	lw	a4,12(sp)
    9f84:	9d56                	add	s10,s10,s5
    9f86:	97c6                	add	a5,a5,a7
    9f88:	9bba                	add	s7,s7,a4
    9f8a:	c06a                	sw	s10,0(sp)
    9f8c:	0117b8b3          	sltu	a7,a5,a7
    9f90:	4d42                	lw	s10,16(sp)
    9f92:	01fe7e33          	and	t3,t3,t6
    9f96:	011b8cb3          	add	s9,s7,a7
    9f9a:	97c2                	add	a5,a5,a6
    9f9c:	06c2                	slli	a3,a3,0x10
    9f9e:	96f2                	add	a3,a3,t3
    9fa0:	0107b833          	sltu	a6,a5,a6
    9fa4:	01ac8b33          	add	s6,s9,s10
    9fa8:	5e32                	lw	t3,44(sp)
    9faa:	010b0c33          	add	s8,s6,a6
    9fae:	97aa                	add	a5,a5,a0
    9fb0:	00a7b533          	sltu	a0,a5,a0
    9fb4:	01cc0733          	add	a4,s8,t3
    9fb8:	4f82                	lw	t6,0(sp)
    9fba:	c25e                	sw	s7,4(sp)
    9fbc:	00a70bb3          	add	s7,a4,a0
    9fc0:	01fb8ab3          	add	s5,s7,t6
    9fc4:	4d12                	lw	s10,4(sp)
    9fc6:	4fb2                	lw	t6,12(sp)
    9fc8:	011cb8b3          	sltu	a7,s9,a7
    9fcc:	01fd3d33          	sltu	s10,s10,t6
    9fd0:	8fea                	mv	t6,s10
    9fd2:	011fefb3          	or	t6,t6,a7
    9fd6:	48c2                	lw	a7,16(sp)
    9fd8:	5d32                	lw	s10,44(sp)
    9fda:	011b3b33          	sltu	s6,s6,a7
    9fde:	010c3833          	sltu	a6,s8,a6
    9fe2:	010b6b33          	or	s6,s6,a6
    9fe6:	01a73733          	sltu	a4,a4,s10
    9fea:	00abb533          	sltu	a0,s7,a0
    9fee:	0ffb7b13          	zext.b	s6,s6
    9ff2:	0fffff93          	zext.b	t6,t6
    9ff6:	9fda                	add	t6,t6,s6
    9ff8:	97b6                	add	a5,a5,a3
    9ffa:	00a76b33          	or	s6,a4,a0
    9ffe:	4502                	lw	a0,0(sp)
    a000:	00d7b6b3          	sltu	a3,a5,a3
    a004:	0ffb7b13          	zext.b	s6,s6
    a008:	00da8e33          	add	t3,s5,a3
    a00c:	9b7e                	add	s6,s6,t6
    a00e:	00aabfb3          	sltu	t6,s5,a0
    a012:	8d7e                	mv	s10,t6
    a014:	00de3fb3          	sltu	t6,t3,a3
    a018:	86fe                	mv	a3,t6
    a01a:	00dd6fb3          	or	t6,s10,a3
    a01e:	03d48833          	mul	a6,s1,t4
    a022:	02ce86b3          	mul	a3,t4,a2
    a026:	02c40733          	mul	a4,s0,a2
    a02a:	9742                	add	a4,a4,a6
    a02c:	0106d513          	srli	a0,a3,0x10
    a030:	0ffffa93          	zext.b	s5,t6
    a034:	d6be                	sw	a5,108(sp)
    a036:	972a                	add	a4,a4,a0
    a038:	015b0fb3          	add	t6,s6,s5
    a03c:	029408b3          	mul	a7,s0,s1
    a040:	01077363          	bgeu	a4,a6,a046 <__multf3+0x6c6>
    a044:	98ee                	add	a7,a7,s11
    a046:	01075a93          	srli	s5,a4,0x10
    a04a:	6841                	lui	a6,0x10
    a04c:	9ac6                	add	s5,s5,a7
    a04e:	fff80893          	addi	a7,a6,-1 # ffff <_sp+0xe0f>
    a052:	01177533          	and	a0,a4,a7
    a056:	0116f6b3          	and	a3,a3,a7
    a05a:	02698b33          	mul	s6,s3,t1
    a05e:	026588b3          	mul	a7,a1,t1
    a062:	0542                	slli	a0,a0,0x10
    a064:	02b385b3          	mul	a1,t2,a1
    a068:	9536                	add	a0,a0,a3
    a06a:	95da                	add	a1,a1,s6
    a06c:	0108d693          	srli	a3,a7,0x10
    a070:	96ae                	add	a3,a3,a1
    a072:	027989b3          	mul	s3,s3,t2
    a076:	0166f363          	bgeu	a3,s6,a07c <__multf3+0x6fc>
    a07a:	99c2                	add	s3,s3,a6
    a07c:	0106d713          	srli	a4,a3,0x10
    a080:	6841                	lui	a6,0x10
    a082:	99ba                	add	s3,s3,a4
    a084:	fff80713          	addi	a4,a6,-1 # ffff <_sp+0xe0f>
    a088:	00e6f5b3          	and	a1,a3,a4
    a08c:	00e8f8b3          	and	a7,a7,a4
    a090:	05c2                	slli	a1,a1,0x10
    a092:	034f0733          	mul	a4,t5,s4
    a096:	025906b3          	mul	a3,s2,t0
    a09a:	03e28f33          	mul	t5,t0,t5
    a09e:	03490933          	mul	s2,s2,s4
    a0a2:	95c6                	add	a1,a1,a7
    a0a4:	997a                	add	s2,s2,t5
    a0a6:	01075893          	srli	a7,a4,0x10
    a0aa:	9946                	add	s2,s2,a7
    a0ac:	01e97363          	bgeu	s2,t5,a0b2 <__multf3+0x732>
    a0b0:	96c2                	add	a3,a3,a6
    a0b2:	01095b13          	srli	s6,s2,0x10
    a0b6:	6841                	lui	a6,0x10
    a0b8:	9b36                	add	s6,s6,a3
    a0ba:	fff80693          	addi	a3,a6,-1 # ffff <_sp+0xe0f>
    a0be:	00d97f33          	and	t5,s2,a3
    a0c2:	8f75                	and	a4,a4,a3
    a0c4:	0f42                	slli	t5,t5,0x10
    a0c6:	026488b3          	mul	a7,s1,t1
    a0ca:	9f3a                	add	t5,t5,a4
    a0cc:	02660733          	mul	a4,a2,t1
    a0d0:	02c38633          	mul	a2,t2,a2
    a0d4:	9646                	add	a2,a2,a7
    a0d6:	01075693          	srli	a3,a4,0x10
    a0da:	9636                	add	a2,a2,a3
    a0dc:	027484b3          	mul	s1,s1,t2
    a0e0:	01167363          	bgeu	a2,a7,a0e6 <__multf3+0x766>
    a0e4:	94c2                	add	s1,s1,a6
    a0e6:	68c1                	lui	a7,0x10
    a0e8:	01065693          	srli	a3,a2,0x10
    a0ec:	fff88813          	addi	a6,a7,-1 # ffff <_sp+0xe0f>
    a0f0:	94b6                	add	s1,s1,a3
    a0f2:	010676b3          	and	a3,a2,a6
    a0f6:	01077733          	and	a4,a4,a6
    a0fa:	06c2                	slli	a3,a3,0x10
    a0fc:	96ba                	add	a3,a3,a4
    a0fe:	03440833          	mul	a6,s0,s4
    a102:	034e8733          	mul	a4,t4,s4
    a106:	03d28eb3          	mul	t4,t0,t4
    a10a:	9876                	add	a6,a6,t4
    a10c:	01075913          	srli	s2,a4,0x10
    a110:	984a                	add	a6,a6,s2
    a112:	02540633          	mul	a2,s0,t0
    a116:	01d87363          	bgeu	a6,t4,a11c <__multf3+0x79c>
    a11a:	9646                	add	a2,a2,a7
    a11c:	6bc1                	lui	s7,0x10
    a11e:	fffb8e93          	addi	t4,s7,-1 # ffff <_sp+0xe0f>
    a122:	9e2a                	add	t3,t3,a0
    a124:	00ae3533          	sltu	a0,t3,a0
    a128:	01085913          	srli	s2,a6,0x10
    a12c:	9fd6                	add	t6,t6,s5
    a12e:	01d87833          	and	a6,a6,t4
    a132:	01d77733          	and	a4,a4,t4
    a136:	00af8cb3          	add	s9,t6,a0
    a13a:	9e2e                	add	t3,t3,a1
    a13c:	0842                	slli	a6,a6,0x10
    a13e:	983a                	add	a6,a6,a4
    a140:	00be35b3          	sltu	a1,t3,a1
    a144:	013c8733          	add	a4,s9,s3
    a148:	00b70c33          	add	s8,a4,a1
    a14c:	9e7a                	add	t3,t3,t5
    a14e:	016c08b3          	add	a7,s8,s6
    a152:	d8f2                	sw	t3,112(sp)
    a154:	01ee3e33          	sltu	t3,t3,t5
    a158:	01c88f33          	add	t5,a7,t3
    a15c:	015fbab3          	sltu	s5,t6,s5
    a160:	0168b8b3          	sltu	a7,a7,s6
    a164:	00acb533          	sltu	a0,s9,a0
    a168:	01373733          	sltu	a4,a4,s3
    a16c:	00bc35b3          	sltu	a1,s8,a1
    a170:	8b46                	mv	s6,a7
    a172:	01cf38b3          	sltu	a7,t5,t3
    a176:	8f4d                	or	a4,a4,a1
    a178:	00aaeab3          	or	s5,s5,a0
    a17c:	0ff77713          	zext.b	a4,a4
    a180:	0ffafa93          	zext.b	s5,s5
    a184:	011b68b3          	or	a7,s6,a7
    a188:	9aba                	add	s5,s5,a4
    a18a:	0ff8f893          	zext.b	a7,a7
    a18e:	9932                	add	s2,s2,a2
    a190:	9ac6                	add	s5,s5,a7
    a192:	00df0633          	add	a2,t5,a3
    a196:	00d636b3          	sltu	a3,a2,a3
    a19a:	9aa6                	add	s5,s5,s1
    a19c:	9642                	add	a2,a2,a6
    a19e:	00da8733          	add	a4,s5,a3
    a1a2:	00d736b3          	sltu	a3,a4,a3
    a1a6:	01063833          	sltu	a6,a2,a6
    a1aa:	974a                	add	a4,a4,s2
    a1ac:	dab2                	sw	a2,116(sp)
    a1ae:	01070633          	add	a2,a4,a6
    a1b2:	034305b3          	mul	a1,t1,s4
    a1b6:	009ab4b3          	sltu	s1,s5,s1
    a1ba:	02628333          	mul	t1,t0,t1
    a1be:	01273733          	sltu	a4,a4,s2
    a1c2:	01063833          	sltu	a6,a2,a6
    a1c6:	025382b3          	mul	t0,t2,t0
    a1ca:	034383b3          	mul	t2,t2,s4
    a1ce:	00638a33          	add	s4,t2,t1
    a1d2:	0105d393          	srli	t2,a1,0x10
    a1d6:	8ec5                	or	a3,a3,s1
    a1d8:	01076833          	or	a6,a4,a6
    a1dc:	93d2                	add	t2,t2,s4
    a1de:	0ff6f693          	zext.b	a3,a3
    a1e2:	0ff87813          	zext.b	a6,a6
    a1e6:	0063f363          	bgeu	t2,t1,a1ec <__multf3+0x86c>
    a1ea:	92de                	add	t0,t0,s7
    a1ec:	01d3f733          	and	a4,t2,t4
    a1f0:	0742                	slli	a4,a4,0x10
    a1f2:	01d5feb3          	and	t4,a1,t4
    a1f6:	9776                	add	a4,a4,t4
    a1f8:	963a                	add	a2,a2,a4
    a1fa:	0103d393          	srli	t2,t2,0x10
    a1fe:	00e63733          	sltu	a4,a2,a4
    a202:	00d38eb3          	add	t4,t2,a3
    a206:	dcb2                	sw	a2,120(sp)
    a208:	55a2                	lw	a1,40(sp)
    a20a:	4662                	lw	a2,24(sp)
    a20c:	9ec2                	add	t4,t4,a6
    a20e:	46f2                	lw	a3,28(sp)
    a210:	9eba                	add	t4,t4,a4
    a212:	00c5efb3          	or	t6,a1,a2
    a216:	92f6                	add	t0,t0,t4
    a218:	01f6ebb3          	or	s7,a3,t6
    a21c:	07b6                	slli	a5,a5,0xd
    a21e:	de96                	sw	t0,124(sp)
    a220:	0177e7b3          	or	a5,a5,s7
    a224:	1098                	addi	a4,sp,96
    a226:	4601                	li	a2,0
    a228:	4511                	li	a0,4
    a22a:	4754                	lw	a3,12(a4)
    a22c:	4b0c                	lw	a1,16(a4)
    a22e:	82cd                	srli	a3,a3,0x13
    a230:	05b6                	slli	a1,a1,0xd
    a232:	8ecd                	or	a3,a3,a1
    a234:	c314                	sw	a3,0(a4)
    a236:	0605                	addi	a2,a2,1
    a238:	0711                	addi	a4,a4,4
    a23a:	fea618e3          	bne	a2,a0,a22a <__multf3+0x8aa>
    a23e:	5706                	lw	a4,96(sp)
    a240:	56a6                	lw	a3,104(sp)
    a242:	00f037b3          	snez	a5,a5
    a246:	8fd9                	or	a5,a5,a4
    a248:	ccb6                	sw	a3,88(sp)
    a24a:	5736                	lw	a4,108(sp)
    a24c:	5696                	lw	a3,100(sp)
    a24e:	ceba                	sw	a4,92(sp)
    a250:	cab6                	sw	a3,84(sp)
    a252:	c8be                	sw	a5,80(sp)
    a254:	00b71813          	slli	a6,a4,0xb
    a258:	16085163          	bgez	a6,a3ba <__multf3+0xa3a>
    a25c:	07fe                	slli	a5,a5,0x1f
    a25e:	0898                	addi	a4,sp,80
    a260:	4601                	li	a2,0
    a262:	450d                	li	a0,3
    a264:	4314                	lw	a3,0(a4)
    a266:	434c                	lw	a1,4(a4)
    a268:	8285                	srli	a3,a3,0x1
    a26a:	05fe                	slli	a1,a1,0x1f
    a26c:	8ecd                	or	a3,a3,a1
    a26e:	c314                	sw	a3,0(a4)
    a270:	0605                	addi	a2,a2,1
    a272:	0711                	addi	a4,a4,4
    a274:	fea618e3          	bne	a2,a0,a264 <__multf3+0x8e4>
    a278:	4776                	lw	a4,92(sp)
    a27a:	00f037b3          	snez	a5,a5
    a27e:	8305                	srli	a4,a4,0x1
    a280:	ceba                	sw	a4,92(sp)
    a282:	4746                	lw	a4,80(sp)
    a284:	8fd9                	or	a5,a5,a4
    a286:	c8be                	sw	a5,80(sp)
    a288:	6791                	lui	a5,0x4
    a28a:	5d02                	lw	s10,32(sp)
    a28c:	17fd                	addi	a5,a5,-1
    a28e:	97ea                	add	a5,a5,s10
    a290:	12f05f63          	blez	a5,a3ce <__multf3+0xa4e>
    a294:	4746                	lw	a4,80(sp)
    a296:	00777693          	andi	a3,a4,7
    a29a:	ce85                	beqz	a3,a2d2 <__multf3+0x952>
    a29c:	00f77693          	andi	a3,a4,15
    a2a0:	4611                	li	a2,4
    a2a2:	02c68863          	beq	a3,a2,a2d2 <__multf3+0x952>
    a2a6:	0711                	addi	a4,a4,4
    a2a8:	00473613          	sltiu	a2,a4,4
    a2ac:	c8ba                	sw	a4,80(sp)
    a2ae:	4756                	lw	a4,84(sp)
    a2b0:	46e6                	lw	a3,88(sp)
    a2b2:	9732                	add	a4,a4,a2
    a2b4:	caba                	sw	a4,84(sp)
    a2b6:	00c73733          	sltu	a4,a4,a2
    a2ba:	0ff77613          	zext.b	a2,a4
    a2be:	00d60733          	add	a4,a2,a3
    a2c2:	ccba                	sw	a4,88(sp)
    a2c4:	00c73733          	sltu	a4,a4,a2
    a2c8:	46f6                	lw	a3,92(sp)
    a2ca:	0ff77713          	zext.b	a4,a4
    a2ce:	9736                	add	a4,a4,a3
    a2d0:	ceba                	sw	a4,92(sp)
    a2d2:	4776                	lw	a4,92(sp)
    a2d4:	00b71e13          	slli	t3,a4,0xb
    a2d8:	000e5a63          	bgez	t3,a2ec <__multf3+0x96c>
    a2dc:	fff007b7          	lui	a5,0xfff00
    a2e0:	17fd                	addi	a5,a5,-1
    a2e2:	5f82                	lw	t6,32(sp)
    a2e4:	8f7d                	and	a4,a4,a5
    a2e6:	6791                	lui	a5,0x4
    a2e8:	ceba                	sw	a4,92(sp)
    a2ea:	97fe                	add	a5,a5,t6
    a2ec:	0898                	addi	a4,sp,80
    a2ee:	4601                	li	a2,0
    a2f0:	450d                	li	a0,3
    a2f2:	4314                	lw	a3,0(a4)
    a2f4:	434c                	lw	a1,4(a4)
    a2f6:	828d                	srli	a3,a3,0x3
    a2f8:	05f6                	slli	a1,a1,0x1d
    a2fa:	8ecd                	or	a3,a3,a1
    a2fc:	c314                	sw	a3,0(a4)
    a2fe:	0605                	addi	a2,a2,1
    a300:	0711                	addi	a4,a4,4
    a302:	fea618e3          	bne	a2,a0,a2f2 <__multf3+0x972>
    a306:	6721                	lui	a4,0x8
    a308:	ffe70693          	addi	a3,a4,-2 # 7ffe <_svfiprintf_r+0x32a>
    a30c:	0af6ca63          	blt	a3,a5,a3c0 <__multf3+0xa40>
    a310:	4776                	lw	a4,92(sp)
    a312:	830d                	srli	a4,a4,0x3
    a314:	ceba                	sw	a4,92(sp)
    a316:	4776                	lw	a4,92(sp)
    a318:	76e1                	lui	a3,0xffff8
    a31a:	06e11623          	sh	a4,108(sp)
    a31e:	6721                	lui	a4,0x8
    a320:	177d                	addi	a4,a4,-1
    a322:	8ff9                	and	a5,a5,a4
    a324:	06e15703          	lhu	a4,110(sp)
    a328:	4552                	lw	a0,20(sp)
    a32a:	8f75                	and	a4,a4,a3
    a32c:	8fd9                	or	a5,a5,a4
    a32e:	0087d713          	srli	a4,a5,0x8
    a332:	06f11723          	sh	a5,110(sp)
    a336:	07f77713          	andi	a4,a4,127
    a33a:	00751793          	slli	a5,a0,0x7
    a33e:	8fd9                	or	a5,a5,a4
    a340:	46a2                	lw	a3,8(sp)
    a342:	06f107a3          	sb	a5,111(sp)
    a346:	47c6                	lw	a5,80(sp)
    a348:	50fa                	lw	ra,188(sp)
    a34a:	c29c                	sw	a5,0(a3)
    a34c:	47d6                	lw	a5,84(sp)
    a34e:	546a                	lw	s0,184(sp)
    a350:	c2dc                	sw	a5,4(a3)
    a352:	47e6                	lw	a5,88(sp)
    a354:	54da                	lw	s1,180(sp)
    a356:	c69c                	sw	a5,8(a3)
    a358:	57b6                	lw	a5,108(sp)
    a35a:	594a                	lw	s2,176(sp)
    a35c:	c6dc                	sw	a5,12(a3)
    a35e:	59ba                	lw	s3,172(sp)
    a360:	5a2a                	lw	s4,168(sp)
    a362:	5a9a                	lw	s5,164(sp)
    a364:	5b0a                	lw	s6,160(sp)
    a366:	4bfa                	lw	s7,156(sp)
    a368:	4c6a                	lw	s8,152(sp)
    a36a:	4cda                	lw	s9,148(sp)
    a36c:	4d4a                	lw	s10,144(sp)
    a36e:	4dba                	lw	s11,140(sp)
    a370:	8536                	mv	a0,a3
    a372:	6129                	addi	sp,sp,192
    a374:	8082                	ret
    a376:	ca4e                	sw	s3,20(sp)
    a378:	57c2                	lw	a5,48(sp)
    a37a:	c8be                	sw	a5,80(sp)
    a37c:	57d2                	lw	a5,52(sp)
    a37e:	cabe                	sw	a5,84(sp)
    a380:	57e2                	lw	a5,56(sp)
    a382:	ccbe                	sw	a5,88(sp)
    a384:	57f2                	lw	a5,60(sp)
    a386:	cebe                	sw	a5,92(sp)
    a388:	4789                	li	a5,2
    a38a:	1afb8663          	beq	s7,a5,a536 <__multf3+0xbb6>
    a38e:	478d                	li	a5,3
    a390:	1afb8a63          	beq	s7,a5,a544 <__multf3+0xbc4>
    a394:	4785                	li	a5,1
    a396:	eefb99e3          	bne	s7,a5,a288 <__multf3+0x908>
    a39a:	ce82                	sw	zero,92(sp)
    a39c:	cc82                	sw	zero,88(sp)
    a39e:	ca82                	sw	zero,84(sp)
    a3a0:	c882                	sw	zero,80(sp)
    a3a2:	aa8d                	j	a514 <__multf3+0xb94>
    a3a4:	ca4a                	sw	s2,20(sp)
    a3a6:	4786                	lw	a5,64(sp)
    a3a8:	8bba                	mv	s7,a4
    a3aa:	c8be                	sw	a5,80(sp)
    a3ac:	4796                	lw	a5,68(sp)
    a3ae:	cabe                	sw	a5,84(sp)
    a3b0:	47a6                	lw	a5,72(sp)
    a3b2:	ccbe                	sw	a5,88(sp)
    a3b4:	47b6                	lw	a5,76(sp)
    a3b6:	cebe                	sw	a5,92(sp)
    a3b8:	bfc1                	j	a388 <__multf3+0xa08>
    a3ba:	5892                	lw	a7,36(sp)
    a3bc:	d046                	sw	a7,32(sp)
    a3be:	b5e9                	j	a288 <__multf3+0x908>
    a3c0:	ce82                	sw	zero,92(sp)
    a3c2:	cc82                	sw	zero,88(sp)
    a3c4:	ca82                	sw	zero,84(sp)
    a3c6:	c882                	sw	zero,80(sp)
    a3c8:	fff70793          	addi	a5,a4,-1 # 7fff <_svfiprintf_r+0x32b>
    a3cc:	b7a9                	j	a316 <__multf3+0x996>
    a3ce:	4705                	li	a4,1
    a3d0:	40f707b3          	sub	a5,a4,a5
    a3d4:	07400713          	li	a4,116
    a3d8:	14f74063          	blt	a4,a5,a518 <__multf3+0xb98>
    a3dc:	4057d613          	srai	a2,a5,0x5
    a3e0:	4701                	li	a4,0
    a3e2:	8bfd                	andi	a5,a5,31
    a3e4:	4681                	li	a3,0
    a3e6:	00269593          	slli	a1,a3,0x2
    a3ea:	06c69b63          	bne	a3,a2,a460 <__multf3+0xae0>
    a3ee:	ebc1                	bnez	a5,a47e <__multf3+0xafe>
    a3f0:	450d                	li	a0,3
    a3f2:	0890                	addi	a2,sp,80
    a3f4:	8d15                	sub	a0,a0,a3
    a3f6:	06f55b63          	bge	a0,a5,a46c <__multf3+0xaec>
    a3fa:	4791                	li	a5,4
    a3fc:	40d786b3          	sub	a3,a5,a3
    a400:	4611                	li	a2,4
    a402:	0ec69063          	bne	a3,a2,a4e2 <__multf3+0xb62>
    a406:	47c6                	lw	a5,80(sp)
    a408:	00e03733          	snez	a4,a4
    a40c:	8f5d                	or	a4,a4,a5
    a40e:	c8ba                	sw	a4,80(sp)
    a410:	00777793          	andi	a5,a4,7
    a414:	cb9d                	beqz	a5,a44a <__multf3+0xaca>
    a416:	00f77793          	andi	a5,a4,15
    a41a:	02d78863          	beq	a5,a3,a44a <__multf3+0xaca>
    a41e:	0711                	addi	a4,a4,4
    a420:	47d6                	lw	a5,84(sp)
    a422:	c8ba                	sw	a4,80(sp)
    a424:	00473713          	sltiu	a4,a4,4
    a428:	97ba                	add	a5,a5,a4
    a42a:	cabe                	sw	a5,84(sp)
    a42c:	00e7b7b3          	sltu	a5,a5,a4
    a430:	46e6                	lw	a3,88(sp)
    a432:	0ff7f713          	zext.b	a4,a5
    a436:	00d707b3          	add	a5,a4,a3
    a43a:	ccbe                	sw	a5,88(sp)
    a43c:	00e7b7b3          	sltu	a5,a5,a4
    a440:	4776                	lw	a4,92(sp)
    a442:	0ff7f793          	zext.b	a5,a5
    a446:	97ba                	add	a5,a5,a4
    a448:	cebe                	sw	a5,92(sp)
    a44a:	47f6                	lw	a5,92(sp)
    a44c:	00c79f93          	slli	t6,a5,0xc
    a450:	0a0fd263          	bgez	t6,a4f4 <__multf3+0xb74>
    a454:	ce82                	sw	zero,92(sp)
    a456:	cc82                	sw	zero,88(sp)
    a458:	ca82                	sw	zero,84(sp)
    a45a:	c882                	sw	zero,80(sp)
    a45c:	4785                	li	a5,1
    a45e:	bd65                	j	a316 <__multf3+0x996>
    a460:	0888                	addi	a0,sp,80
    a462:	95aa                	add	a1,a1,a0
    a464:	418c                	lw	a1,0(a1)
    a466:	0685                	addi	a3,a3,1
    a468:	8f4d                	or	a4,a4,a1
    a46a:	bfb5                	j	a3e6 <__multf3+0xa66>
    a46c:	00b60833          	add	a6,a2,a1
    a470:	00082803          	lw	a6,0(a6)
    a474:	0785                	addi	a5,a5,1
    a476:	01062023          	sw	a6,0(a2)
    a47a:	0611                	addi	a2,a2,4
    a47c:	bfad                	j	a3f6 <__multf3+0xa76>
    a47e:	08010893          	addi	a7,sp,128
    a482:	00b88633          	add	a2,a7,a1
    a486:	02000813          	li	a6,32
    a48a:	fd062603          	lw	a2,-48(a2)
    a48e:	40f80833          	sub	a6,a6,a5
    a492:	01061633          	sll	a2,a2,a6
    a496:	8f51                	or	a4,a4,a2
    a498:	460d                	li	a2,3
    a49a:	05010893          	addi	a7,sp,80
    a49e:	4301                	li	t1,0
    a4a0:	8e15                	sub	a2,a2,a3
    a4a2:	00c34f63          	blt	t1,a2,a4c0 <__multf3+0xb40>
    a4a6:	4591                	li	a1,4
    a4a8:	40d586b3          	sub	a3,a1,a3
    a4ac:	45f6                	lw	a1,92(sp)
    a4ae:	060a                	slli	a2,a2,0x2
    a4b0:	08010d13          	addi	s10,sp,128
    a4b4:	966a                	add	a2,a2,s10
    a4b6:	00f5d7b3          	srl	a5,a1,a5
    a4ba:	fcf62823          	sw	a5,-48(a2)
    a4be:	b789                	j	a400 <__multf3+0xa80>
    a4c0:	00b88e33          	add	t3,a7,a1
    a4c4:	000e2503          	lw	a0,0(t3) # 10000 <_sp+0xe10>
    a4c8:	004e2e03          	lw	t3,4(t3)
    a4cc:	00f55533          	srl	a0,a0,a5
    a4d0:	010e1e33          	sll	t3,t3,a6
    a4d4:	01c56533          	or	a0,a0,t3
    a4d8:	00a8a023          	sw	a0,0(a7)
    a4dc:	0305                	addi	t1,t1,1
    a4de:	0891                	addi	a7,a7,4
    a4e0:	b7c9                	j	a4a2 <__multf3+0xb22>
    a4e2:	00269793          	slli	a5,a3,0x2
    a4e6:	05010e13          	addi	t3,sp,80
    a4ea:	97f2                	add	a5,a5,t3
    a4ec:	0007a023          	sw	zero,0(a5) # 4000 <_ldtoa_r+0x8f8>
    a4f0:	0685                	addi	a3,a3,1
    a4f2:	bf01                	j	a402 <__multf3+0xa82>
    a4f4:	089c                	addi	a5,sp,80
    a4f6:	4681                	li	a3,0
    a4f8:	458d                	li	a1,3
    a4fa:	4398                	lw	a4,0(a5)
    a4fc:	43d0                	lw	a2,4(a5)
    a4fe:	830d                	srli	a4,a4,0x3
    a500:	0676                	slli	a2,a2,0x1d
    a502:	8f51                	or	a4,a4,a2
    a504:	c398                	sw	a4,0(a5)
    a506:	0685                	addi	a3,a3,1
    a508:	0791                	addi	a5,a5,4
    a50a:	feb698e3          	bne	a3,a1,a4fa <__multf3+0xb7a>
    a50e:	47f6                	lw	a5,92(sp)
    a510:	838d                	srli	a5,a5,0x3
    a512:	cebe                	sw	a5,92(sp)
    a514:	4781                	li	a5,0
    a516:	b501                	j	a316 <__multf3+0x996>
    a518:	47d6                	lw	a5,84(sp)
    a51a:	4746                	lw	a4,80(sp)
    a51c:	8f5d                	or	a4,a4,a5
    a51e:	47e6                	lw	a5,88(sp)
    a520:	8f5d                	or	a4,a4,a5
    a522:	47f6                	lw	a5,92(sp)
    a524:	8f5d                	or	a4,a4,a5
    a526:	4781                	li	a5,0
    a528:	de0707e3          	beqz	a4,a316 <__multf3+0x996>
    a52c:	ce82                	sw	zero,92(sp)
    a52e:	cc82                	sw	zero,88(sp)
    a530:	ca82                	sw	zero,84(sp)
    a532:	c882                	sw	zero,80(sp)
    a534:	b3cd                	j	a316 <__multf3+0x996>
    a536:	67a1                	lui	a5,0x8
    a538:	ce82                	sw	zero,92(sp)
    a53a:	cc82                	sw	zero,88(sp)
    a53c:	ca82                	sw	zero,84(sp)
    a53e:	c882                	sw	zero,80(sp)
    a540:	17fd                	addi	a5,a5,-1
    a542:	bbd1                	j	a316 <__multf3+0x996>
    a544:	67a1                	lui	a5,0x8
    a546:	cebe                	sw	a5,92(sp)
    a548:	cc82                	sw	zero,88(sp)
    a54a:	ca82                	sw	zero,84(sp)
    a54c:	c882                	sw	zero,80(sp)
    a54e:	17fd                	addi	a5,a5,-1
    a550:	ca02                	sw	zero,20(sp)
    a552:	b3d1                	j	a316 <__multf3+0x996>

0000a554 <__subtf3>:
    a554:	711d                	addi	sp,sp,-96
    a556:	459c                	lw	a5,8(a1)
    a558:	c8ca                	sw	s2,80(sp)
    a55a:	00c5a903          	lw	s2,12(a1)
    a55e:	4194                	lw	a3,0(a1)
    a560:	41d8                	lw	a4,4(a1)
    a562:	dc3e                	sw	a5,56(sp)
    a564:	cc3e                	sw	a5,24(sp)
    a566:	01091793          	slli	a5,s2,0x10
    a56a:	cca2                	sw	s0,88(sp)
    a56c:	caa6                	sw	s1,84(sp)
    a56e:	00191413          	slli	s0,s2,0x1
    a572:	84aa                	mv	s1,a0
    a574:	83c1                	srli	a5,a5,0x10
    a576:	00062e83          	lw	t4,0(a2)
    a57a:	00462e03          	lw	t3,4(a2)
    a57e:	460c                	lw	a1,8(a2)
    a580:	4648                	lw	a0,12(a2)
    a582:	de4a                	sw	s2,60(sp)
    a584:	ce86                	sw	ra,92(sp)
    a586:	c6ce                	sw	s3,76(sp)
    a588:	c4d2                	sw	s4,72(sp)
    a58a:	c2d6                	sw	s5,68(sp)
    a58c:	d836                	sw	a3,48(sp)
    a58e:	da3a                	sw	a4,52(sp)
    a590:	c836                	sw	a3,16(sp)
    a592:	ca3a                	sw	a4,20(sp)
    a594:	ce3e                	sw	a5,28(sp)
    a596:	8045                	srli	s0,s0,0x11
    a598:	01f95913          	srli	s2,s2,0x1f
    a59c:	01010313          	addi	t1,sp,16
    a5a0:	01c10813          	addi	a6,sp,28
    a5a4:	00082783          	lw	a5,0(a6)
    a5a8:	ffc82703          	lw	a4,-4(a6)
    a5ac:	078e                	slli	a5,a5,0x3
    a5ae:	8375                	srli	a4,a4,0x1d
    a5b0:	8fd9                	or	a5,a5,a4
    a5b2:	00f82023          	sw	a5,0(a6)
    a5b6:	1871                	addi	a6,a6,-4
    a5b8:	ff0316e3          	bne	t1,a6,a5a4 <__subtf3+0x50>
    a5bc:	46c2                	lw	a3,16(sp)
    a5be:	01051793          	slli	a5,a0,0x10
    a5c2:	00151613          	slli	a2,a0,0x1
    a5c6:	00369893          	slli	a7,a3,0x3
    a5ca:	83c1                	srli	a5,a5,0x10
    a5cc:	da72                	sw	t3,52(sp)
    a5ce:	dc2e                	sw	a1,56(sp)
    a5d0:	de2a                	sw	a0,60(sp)
    a5d2:	d272                	sw	t3,36(sp)
    a5d4:	d42e                	sw	a1,40(sp)
    a5d6:	c846                	sw	a7,16(sp)
    a5d8:	d876                	sw	t4,48(sp)
    a5da:	d076                	sw	t4,32(sp)
    a5dc:	d63e                	sw	a5,44(sp)
    a5de:	8245                	srli	a2,a2,0x11
    a5e0:	817d                	srli	a0,a0,0x1f
    a5e2:	100c                	addi	a1,sp,32
    a5e4:	02c10e13          	addi	t3,sp,44
    a5e8:	000e2783          	lw	a5,0(t3)
    a5ec:	ffce2703          	lw	a4,-4(t3)
    a5f0:	078e                	slli	a5,a5,0x3
    a5f2:	8375                	srli	a4,a4,0x1d
    a5f4:	8fd9                	or	a5,a5,a4
    a5f6:	00fe2023          	sw	a5,0(t3)
    a5fa:	1e71                	addi	t3,t3,-4
    a5fc:	ffc596e3          	bne	a1,t3,a5e8 <__subtf3+0x94>
    a600:	5782                	lw	a5,32(sp)
    a602:	6721                	lui	a4,0x8
    a604:	078e                	slli	a5,a5,0x3
    a606:	d03e                	sw	a5,32(sp)
    a608:	177d                	addi	a4,a4,-1
    a60a:	00e61963          	bne	a2,a4,a61c <__subtf3+0xc8>
    a60e:	56a2                	lw	a3,40(sp)
    a610:	5712                	lw	a4,36(sp)
    a612:	8f55                	or	a4,a4,a3
    a614:	56b2                	lw	a3,44(sp)
    a616:	8f55                	or	a4,a4,a3
    a618:	8f5d                	or	a4,a4,a5
    a61a:	e319                	bnez	a4,a620 <__subtf3+0xcc>
    a61c:	00154513          	xori	a0,a0,1
    a620:	40c40733          	sub	a4,s0,a2
    a624:	63251c63          	bne	a0,s2,ac5c <__subtf3+0x708>
    a628:	20e05b63          	blez	a4,a83e <__subtf3+0x2ea>
    a62c:	ee71                	bnez	a2,a708 <__subtf3+0x1b4>
    a62e:	5312                	lw	t1,36(sp)
    a630:	5822                	lw	a6,40(sp)
    a632:	5532                	lw	a0,44(sp)
    a634:	010366b3          	or	a3,t1,a6
    a638:	8ec9                	or	a3,a3,a0
    a63a:	8edd                	or	a3,a3,a5
    a63c:	ea91                	bnez	a3,a650 <__subtf3+0xfc>
    a63e:	47d2                	lw	a5,20(sp)
    a640:	d846                	sw	a7,48(sp)
    a642:	da3e                	sw	a5,52(sp)
    a644:	47e2                	lw	a5,24(sp)
    a646:	843a                	mv	s0,a4
    a648:	dc3e                	sw	a5,56(sp)
    a64a:	47f2                	lw	a5,28(sp)
    a64c:	de3e                	sw	a5,60(sp)
    a64e:	ac39                	j	a86c <__subtf3+0x318>
    a650:	fff70613          	addi	a2,a4,-1 # 7fff <_svfiprintf_r+0x32b>
    a654:	ee41                	bnez	a2,a6ec <__subtf3+0x198>
    a656:	4652                	lw	a2,20(sp)
    a658:	00f886b3          	add	a3,a7,a5
    a65c:	0116b8b3          	sltu	a7,a3,a7
    a660:	d836                	sw	a3,48(sp)
    a662:	00c306b3          	add	a3,t1,a2
    a666:	011685b3          	add	a1,a3,a7
    a66a:	00c6b6b3          	sltu	a3,a3,a2
    a66e:	8636                	mv	a2,a3
    a670:	0115b6b3          	sltu	a3,a1,a7
    a674:	47e2                	lw	a5,24(sp)
    a676:	8ed1                	or	a3,a3,a2
    a678:	00f80733          	add	a4,a6,a5
    a67c:	0ff6f693          	zext.b	a3,a3
    a680:	00d70633          	add	a2,a4,a3
    a684:	00f737b3          	sltu	a5,a4,a5
    a688:	873e                	mv	a4,a5
    a68a:	00d637b3          	sltu	a5,a2,a3
    a68e:	8fd9                	or	a5,a5,a4
    a690:	4772                	lw	a4,28(sp)
    a692:	0ff7f793          	zext.b	a5,a5
    a696:	953a                	add	a0,a0,a4
    a698:	97aa                	add	a5,a5,a0
    a69a:	da2e                	sw	a1,52(sp)
    a69c:	dc32                	sw	a2,56(sp)
    a69e:	de3e                	sw	a5,60(sp)
    a6a0:	4405                	li	s0,1
    a6a2:	57f2                	lw	a5,60(sp)
    a6a4:	00c79693          	slli	a3,a5,0xc
    a6a8:	1c06d263          	bgez	a3,a86c <__subtf3+0x318>
    a6ac:	fff80737          	lui	a4,0xfff80
    a6b0:	177d                	addi	a4,a4,-1
    a6b2:	8ff9                	and	a5,a5,a4
    a6b4:	de3e                	sw	a5,60(sp)
    a6b6:	57c2                	lw	a5,48(sp)
    a6b8:	0405                	addi	s0,s0,1
    a6ba:	07fe                	slli	a5,a5,0x1f
    a6bc:	1818                	addi	a4,sp,48
    a6be:	4601                	li	a2,0
    a6c0:	450d                	li	a0,3
    a6c2:	4314                	lw	a3,0(a4)
    a6c4:	434c                	lw	a1,4(a4)
    a6c6:	8285                	srli	a3,a3,0x1
    a6c8:	05fe                	slli	a1,a1,0x1f
    a6ca:	8ecd                	or	a3,a3,a1
    a6cc:	c314                	sw	a3,0(a4)
    a6ce:	0605                	addi	a2,a2,1
    a6d0:	0711                	addi	a4,a4,4
    a6d2:	fea618e3          	bne	a2,a0,a6c2 <__subtf3+0x16e>
    a6d6:	5772                	lw	a4,60(sp)
    a6d8:	00f037b3          	snez	a5,a5
    a6dc:	8305                	srli	a4,a4,0x1
    a6de:	de3a                	sw	a4,60(sp)
    a6e0:	5742                	lw	a4,48(sp)
    a6e2:	8fd9                	or	a5,a5,a4
    a6e4:	d83e                	sw	a5,48(sp)
    a6e6:	67a1                	lui	a5,0x8
    a6e8:	17fd                	addi	a5,a5,-1
    a6ea:	a395                	j	ac4e <__subtf3+0x6fa>
    a6ec:	67a1                	lui	a5,0x8
    a6ee:	17fd                	addi	a5,a5,-1
    a6f0:	f4f707e3          	beq	a4,a5,a63e <__subtf3+0xea>
    a6f4:	07400793          	li	a5,116
    a6f8:	02c7dd63          	bge	a5,a2,a732 <__subtf3+0x1de>
    a6fc:	4785                	li	a5,1
    a6fe:	d602                	sw	zero,44(sp)
    a700:	d402                	sw	zero,40(sp)
    a702:	d202                	sw	zero,36(sp)
    a704:	d03e                	sw	a5,32(sp)
    a706:	a085                	j	a766 <__subtf3+0x212>
    a708:	67a1                	lui	a5,0x8
    a70a:	17fd                	addi	a5,a5,-1
    a70c:	00f41963          	bne	s0,a5,a71e <__subtf3+0x1ca>
    a710:	47d2                	lw	a5,20(sp)
    a712:	d846                	sw	a7,48(sp)
    a714:	da3e                	sw	a5,52(sp)
    a716:	47e2                	lw	a5,24(sp)
    a718:	dc3e                	sw	a5,56(sp)
    a71a:	47f2                	lw	a5,28(sp)
    a71c:	a985                	j	ab8c <__subtf3+0x638>
    a71e:	57b2                	lw	a5,44(sp)
    a720:	000806b7          	lui	a3,0x80
    a724:	8fd5                	or	a5,a5,a3
    a726:	d63e                	sw	a5,44(sp)
    a728:	07400793          	li	a5,116
    a72c:	fce7c8e3          	blt	a5,a4,a6fc <__subtf3+0x1a8>
    a730:	863a                	mv	a2,a4
    a732:	40565693          	srai	a3,a2,0x5
    a736:	01f67713          	andi	a4,a2,31
    a73a:	4781                	li	a5,0
    a73c:	4601                	li	a2,0
    a73e:	00279513          	slli	a0,a5,0x2
    a742:	06d79963          	bne	a5,a3,a7b4 <__subtf3+0x260>
    a746:	e749                	bnez	a4,a7d0 <__subtf3+0x27c>
    a748:	468d                	li	a3,3
    a74a:	8e9d                	sub	a3,a3,a5
    a74c:	06e6d963          	bge	a3,a4,a7be <__subtf3+0x26a>
    a750:	4711                	li	a4,4
    a752:	40f707b3          	sub	a5,a4,a5
    a756:	4691                	li	a3,4
    a758:	0cd79c63          	bne	a5,a3,a830 <__subtf3+0x2dc>
    a75c:	5782                	lw	a5,32(sp)
    a75e:	00c03633          	snez	a2,a2
    a762:	8e5d                	or	a2,a2,a5
    a764:	d032                	sw	a2,32(sp)
    a766:	47c2                	lw	a5,16(sp)
    a768:	5602                	lw	a2,32(sp)
    a76a:	4752                	lw	a4,20(sp)
    a76c:	963e                	add	a2,a2,a5
    a76e:	d832                	sw	a2,48(sp)
    a770:	00f63633          	sltu	a2,a2,a5
    a774:	5792                	lw	a5,36(sp)
    a776:	55a2                	lw	a1,40(sp)
    a778:	97ba                	add	a5,a5,a4
    a77a:	00c786b3          	add	a3,a5,a2
    a77e:	00e7b7b3          	sltu	a5,a5,a4
    a782:	873e                	mv	a4,a5
    a784:	00c6b7b3          	sltu	a5,a3,a2
    a788:	8fd9                	or	a5,a5,a4
    a78a:	4762                	lw	a4,24(sp)
    a78c:	0ff7f793          	zext.b	a5,a5
    a790:	95ba                	add	a1,a1,a4
    a792:	da36                	sw	a3,52(sp)
    a794:	00f586b3          	add	a3,a1,a5
    a798:	00e5b733          	sltu	a4,a1,a4
    a79c:	00f6b7b3          	sltu	a5,a3,a5
    a7a0:	4672                	lw	a2,28(sp)
    a7a2:	5532                	lw	a0,44(sp)
    a7a4:	8fd9                	or	a5,a5,a4
    a7a6:	962a                	add	a2,a2,a0
    a7a8:	0ff7f793          	zext.b	a5,a5
    a7ac:	97b2                	add	a5,a5,a2
    a7ae:	dc36                	sw	a3,56(sp)
    a7b0:	de3e                	sw	a5,60(sp)
    a7b2:	bdc5                	j	a6a2 <__subtf3+0x14e>
    a7b4:	952e                	add	a0,a0,a1
    a7b6:	4108                	lw	a0,0(a0)
    a7b8:	0785                	addi	a5,a5,1
    a7ba:	8e49                	or	a2,a2,a0
    a7bc:	b749                	j	a73e <__subtf3+0x1ea>
    a7be:	00ae0833          	add	a6,t3,a0
    a7c2:	00082803          	lw	a6,0(a6)
    a7c6:	0705                	addi	a4,a4,1
    a7c8:	010e2023          	sw	a6,0(t3)
    a7cc:	0e11                	addi	t3,t3,4
    a7ce:	bfbd                	j	a74c <__subtf3+0x1f8>
    a7d0:	04010813          	addi	a6,sp,64
    a7d4:	00a806b3          	add	a3,a6,a0
    a7d8:	02000893          	li	a7,32
    a7dc:	fe06a683          	lw	a3,-32(a3) # 7ffe0 <_sp+0x70df0>
    a7e0:	40e888b3          	sub	a7,a7,a4
    a7e4:	011696b3          	sll	a3,a3,a7
    a7e8:	8e55                	or	a2,a2,a3
    a7ea:	468d                	li	a3,3
    a7ec:	4301                	li	t1,0
    a7ee:	8e9d                	sub	a3,a3,a5
    a7f0:	00d34f63          	blt	t1,a3,a80e <__subtf3+0x2ba>
    a7f4:	4511                	li	a0,4
    a7f6:	40f507b3          	sub	a5,a0,a5
    a7fa:	5532                	lw	a0,44(sp)
    a7fc:	068a                	slli	a3,a3,0x2
    a7fe:	04010893          	addi	a7,sp,64
    a802:	96c6                	add	a3,a3,a7
    a804:	00e55733          	srl	a4,a0,a4
    a808:	fee6a023          	sw	a4,-32(a3)
    a80c:	b7a9                	j	a756 <__subtf3+0x202>
    a80e:	00ae0eb3          	add	t4,t3,a0
    a812:	000ea803          	lw	a6,0(t4)
    a816:	004eae83          	lw	t4,4(t4)
    a81a:	00e85833          	srl	a6,a6,a4
    a81e:	011e9eb3          	sll	t4,t4,a7
    a822:	01d86833          	or	a6,a6,t4
    a826:	010e2023          	sw	a6,0(t3)
    a82a:	0305                	addi	t1,t1,1
    a82c:	0e11                	addi	t3,t3,4
    a82e:	b7c9                	j	a7f0 <__subtf3+0x29c>
    a830:	00279713          	slli	a4,a5,0x2
    a834:	972e                	add	a4,a4,a1
    a836:	00072023          	sw	zero,0(a4) # fff80000 <pulp__FC+0xfff80001>
    a83a:	0785                	addi	a5,a5,1
    a83c:	bf31                	j	a758 <__subtf3+0x204>
    a83e:	2a070c63          	beqz	a4,aaf6 <__subtf3+0x5a2>
    a842:	18041863          	bnez	s0,a9d2 <__subtf3+0x47e>
    a846:	4552                	lw	a0,20(sp)
    a848:	4e62                	lw	t3,24(sp)
    a84a:	4ef2                	lw	t4,28(sp)
    a84c:	01c566b3          	or	a3,a0,t3
    a850:	01d6e6b3          	or	a3,a3,t4
    a854:	0116e6b3          	or	a3,a3,a7
    a858:	10069363          	bnez	a3,a95e <__subtf3+0x40a>
    a85c:	d83e                	sw	a5,48(sp)
    a85e:	5792                	lw	a5,36(sp)
    a860:	8432                	mv	s0,a2
    a862:	da3e                	sw	a5,52(sp)
    a864:	57a2                	lw	a5,40(sp)
    a866:	dc3e                	sw	a5,56(sp)
    a868:	57b2                	lw	a5,44(sp)
    a86a:	de3e                	sw	a5,60(sp)
    a86c:	57c2                	lw	a5,48(sp)
    a86e:	0077f713          	andi	a4,a5,7
    a872:	cf05                	beqz	a4,a8aa <__subtf3+0x356>
    a874:	00f7f713          	andi	a4,a5,15
    a878:	4691                	li	a3,4
    a87a:	02d70863          	beq	a4,a3,a8aa <__subtf3+0x356>
    a87e:	0791                	addi	a5,a5,4
    a880:	0047b693          	sltiu	a3,a5,4
    a884:	d83e                	sw	a5,48(sp)
    a886:	57d2                	lw	a5,52(sp)
    a888:	5762                	lw	a4,56(sp)
    a88a:	97b6                	add	a5,a5,a3
    a88c:	da3e                	sw	a5,52(sp)
    a88e:	00d7b7b3          	sltu	a5,a5,a3
    a892:	0ff7f693          	zext.b	a3,a5
    a896:	00e687b3          	add	a5,a3,a4
    a89a:	dc3e                	sw	a5,56(sp)
    a89c:	00d7b7b3          	sltu	a5,a5,a3
    a8a0:	5772                	lw	a4,60(sp)
    a8a2:	0ff7f793          	zext.b	a5,a5
    a8a6:	97ba                	add	a5,a5,a4
    a8a8:	de3e                	sw	a5,60(sp)
    a8aa:	57f2                	lw	a5,60(sp)
    a8ac:	00c79693          	slli	a3,a5,0xc
    a8b0:	0006dc63          	bgez	a3,a8c8 <__subtf3+0x374>
    a8b4:	6721                	lui	a4,0x8
    a8b6:	0405                	addi	s0,s0,1
    a8b8:	177d                	addi	a4,a4,-1
    a8ba:	32e403e3          	beq	s0,a4,b3e0 <__subtf3+0xe8c>
    a8be:	fff80737          	lui	a4,0xfff80
    a8c2:	177d                	addi	a4,a4,-1
    a8c4:	8ff9                	and	a5,a5,a4
    a8c6:	de3e                	sw	a5,60(sp)
    a8c8:	181c                	addi	a5,sp,48
    a8ca:	4681                	li	a3,0
    a8cc:	458d                	li	a1,3
    a8ce:	4398                	lw	a4,0(a5)
    a8d0:	43d0                	lw	a2,4(a5)
    a8d2:	830d                	srli	a4,a4,0x3
    a8d4:	0676                	slli	a2,a2,0x1d
    a8d6:	8f51                	or	a4,a4,a2
    a8d8:	c398                	sw	a4,0(a5)
    a8da:	0685                	addi	a3,a3,1
    a8dc:	0791                	addi	a5,a5,4
    a8de:	feb698e3          	bne	a3,a1,a8ce <__subtf3+0x37a>
    a8e2:	57f2                	lw	a5,60(sp)
    a8e4:	66a1                	lui	a3,0x8
    a8e6:	0037d713          	srli	a4,a5,0x3
    a8ea:	de3a                	sw	a4,60(sp)
    a8ec:	fff68793          	addi	a5,a3,-1 # 7fff <_svfiprintf_r+0x32b>
    a8f0:	00f41e63          	bne	s0,a5,a90c <__subtf3+0x3b8>
    a8f4:	5652                	lw	a2,52(sp)
    a8f6:	57c2                	lw	a5,48(sp)
    a8f8:	8fd1                	or	a5,a5,a2
    a8fa:	5662                	lw	a2,56(sp)
    a8fc:	8fd1                	or	a5,a5,a2
    a8fe:	8fd9                	or	a5,a5,a4
    a900:	c791                	beqz	a5,a90c <__subtf3+0x3b8>
    a902:	de36                	sw	a3,60(sp)
    a904:	dc02                	sw	zero,56(sp)
    a906:	da02                	sw	zero,52(sp)
    a908:	d802                	sw	zero,48(sp)
    a90a:	4901                	li	s2,0
    a90c:	57f2                	lw	a5,60(sp)
    a90e:	6521                	lui	a0,0x8
    a910:	157d                	addi	a0,a0,-1
    a912:	8d61                	and	a0,a0,s0
    a914:	00e15403          	lhu	s0,14(sp)
    a918:	00f11623          	sh	a5,12(sp)
    a91c:	77e1                	lui	a5,0xffff8
    a91e:	8c7d                	and	s0,s0,a5
    a920:	8c49                	or	s0,s0,a0
    a922:	00845793          	srli	a5,s0,0x8
    a926:	00791713          	slli	a4,s2,0x7
    a92a:	07f7f913          	andi	s2,a5,127
    a92e:	57c2                	lw	a5,48(sp)
    a930:	00811723          	sh	s0,14(sp)
    a934:	c09c                	sw	a5,0(s1)
    a936:	57d2                	lw	a5,52(sp)
    a938:	00e96933          	or	s2,s2,a4
    a93c:	c0dc                	sw	a5,4(s1)
    a93e:	57e2                	lw	a5,56(sp)
    a940:	012107a3          	sb	s2,15(sp)
    a944:	c49c                	sw	a5,8(s1)
    a946:	47b2                	lw	a5,12(sp)
    a948:	40f6                	lw	ra,92(sp)
    a94a:	4466                	lw	s0,88(sp)
    a94c:	c4dc                	sw	a5,12(s1)
    a94e:	8526                	mv	a0,s1
    a950:	4946                	lw	s2,80(sp)
    a952:	44d6                	lw	s1,84(sp)
    a954:	49b6                	lw	s3,76(sp)
    a956:	4a26                	lw	s4,72(sp)
    a958:	4a96                	lw	s5,68(sp)
    a95a:	6125                	addi	sp,sp,96
    a95c:	8082                	ret
    a95e:	56fd                	li	a3,-1
    a960:	04d71963          	bne	a4,a3,a9b2 <__subtf3+0x45e>
    a964:	5592                	lw	a1,36(sp)
    a966:	00f886b3          	add	a3,a7,a5
    a96a:	00f6b7b3          	sltu	a5,a3,a5
    a96e:	d836                	sw	a3,48(sp)
    a970:	00b506b3          	add	a3,a0,a1
    a974:	00f68533          	add	a0,a3,a5
    a978:	00b6b6b3          	sltu	a3,a3,a1
    a97c:	85b6                	mv	a1,a3
    a97e:	00f536b3          	sltu	a3,a0,a5
    a982:	57a2                	lw	a5,40(sp)
    a984:	8ecd                	or	a3,a3,a1
    a986:	00fe0733          	add	a4,t3,a5
    a98a:	0ff6f693          	zext.b	a3,a3
    a98e:	00d705b3          	add	a1,a4,a3
    a992:	00f737b3          	sltu	a5,a4,a5
    a996:	873e                	mv	a4,a5
    a998:	00d5b7b3          	sltu	a5,a1,a3
    a99c:	8fd9                	or	a5,a5,a4
    a99e:	5732                	lw	a4,44(sp)
    a9a0:	0ff7f793          	zext.b	a5,a5
    a9a4:	9eba                	add	t4,t4,a4
    a9a6:	da2a                	sw	a0,52(sp)
    a9a8:	dc2e                	sw	a1,56(sp)
    a9aa:	97f6                	add	a5,a5,t4
    a9ac:	de3e                	sw	a5,60(sp)
    a9ae:	8432                	mv	s0,a2
    a9b0:	b9cd                	j	a6a2 <__subtf3+0x14e>
    a9b2:	66a1                	lui	a3,0x8
    a9b4:	16fd                	addi	a3,a3,-1
    a9b6:	ead603e3          	beq	a2,a3,a85c <__subtf3+0x308>
    a9ba:	fff74713          	not	a4,a4
    a9be:	07400793          	li	a5,116
    a9c2:	02e7d763          	bge	a5,a4,a9f0 <__subtf3+0x49c>
    a9c6:	4785                	li	a5,1
    a9c8:	ce02                	sw	zero,28(sp)
    a9ca:	cc02                	sw	zero,24(sp)
    a9cc:	ca02                	sw	zero,20(sp)
    a9ce:	c83e                	sw	a5,16(sp)
    a9d0:	a889                	j	aa22 <__subtf3+0x4ce>
    a9d2:	66a1                	lui	a3,0x8
    a9d4:	16fd                	addi	a3,a3,-1
    a9d6:	e8d603e3          	beq	a2,a3,a85c <__subtf3+0x308>
    a9da:	47f2                	lw	a5,28(sp)
    a9dc:	000806b7          	lui	a3,0x80
    a9e0:	8fd5                	or	a5,a5,a3
    a9e2:	ce3e                	sw	a5,28(sp)
    a9e4:	f8c00793          	li	a5,-116
    a9e8:	fcf74fe3          	blt	a4,a5,a9c6 <__subtf3+0x472>
    a9ec:	40e00733          	neg	a4,a4
    a9f0:	40575693          	srai	a3,a4,0x5
    a9f4:	4581                	li	a1,0
    a9f6:	8b7d                	andi	a4,a4,31
    a9f8:	4781                	li	a5,0
    a9fa:	00279513          	slli	a0,a5,0x2
    a9fe:	06d79863          	bne	a5,a3,aa6e <__subtf3+0x51a>
    aa02:	e741                	bnez	a4,aa8a <__subtf3+0x536>
    aa04:	468d                	li	a3,3
    aa06:	8e9d                	sub	a3,a3,a5
    aa08:	06e6d863          	bge	a3,a4,aa78 <__subtf3+0x524>
    aa0c:	4711                	li	a4,4
    aa0e:	40f707b3          	sub	a5,a4,a5
    aa12:	4691                	li	a3,4
    aa14:	0cd79a63          	bne	a5,a3,aae8 <__subtf3+0x594>
    aa18:	47c2                	lw	a5,16(sp)
    aa1a:	00b035b3          	snez	a1,a1
    aa1e:	8ddd                	or	a1,a1,a5
    aa20:	c82e                	sw	a1,16(sp)
    aa22:	5782                	lw	a5,32(sp)
    aa24:	45c2                	lw	a1,16(sp)
    aa26:	5712                	lw	a4,36(sp)
    aa28:	95be                	add	a1,a1,a5
    aa2a:	d82e                	sw	a1,48(sp)
    aa2c:	00f5b5b3          	sltu	a1,a1,a5
    aa30:	47d2                	lw	a5,20(sp)
    aa32:	4562                	lw	a0,24(sp)
    aa34:	97ba                	add	a5,a5,a4
    aa36:	00b786b3          	add	a3,a5,a1
    aa3a:	00e7b7b3          	sltu	a5,a5,a4
    aa3e:	873e                	mv	a4,a5
    aa40:	00b6b7b3          	sltu	a5,a3,a1
    aa44:	8fd9                	or	a5,a5,a4
    aa46:	5722                	lw	a4,40(sp)
    aa48:	0ff7f793          	zext.b	a5,a5
    aa4c:	953a                	add	a0,a0,a4
    aa4e:	da36                	sw	a3,52(sp)
    aa50:	00f506b3          	add	a3,a0,a5
    aa54:	00e53733          	sltu	a4,a0,a4
    aa58:	00f6b7b3          	sltu	a5,a3,a5
    aa5c:	55b2                	lw	a1,44(sp)
    aa5e:	4872                	lw	a6,28(sp)
    aa60:	8fd9                	or	a5,a5,a4
    aa62:	95c2                	add	a1,a1,a6
    aa64:	0ff7f793          	zext.b	a5,a5
    aa68:	dc36                	sw	a3,56(sp)
    aa6a:	97ae                	add	a5,a5,a1
    aa6c:	b781                	j	a9ac <__subtf3+0x458>
    aa6e:	951a                	add	a0,a0,t1
    aa70:	4108                	lw	a0,0(a0)
    aa72:	0785                	addi	a5,a5,1
    aa74:	8dc9                	or	a1,a1,a0
    aa76:	b751                	j	a9fa <__subtf3+0x4a6>
    aa78:	00a808b3          	add	a7,a6,a0
    aa7c:	0008a883          	lw	a7,0(a7)
    aa80:	0705                	addi	a4,a4,1
    aa82:	01182023          	sw	a7,0(a6)
    aa86:	0811                	addi	a6,a6,4
    aa88:	b741                	j	aa08 <__subtf3+0x4b4>
    aa8a:	04010f93          	addi	t6,sp,64
    aa8e:	00af86b3          	add	a3,t6,a0
    aa92:	02000e13          	li	t3,32
    aa96:	fd06a683          	lw	a3,-48(a3) # 7ffd0 <_sp+0x70de0>
    aa9a:	40ee0e33          	sub	t3,t3,a4
    aa9e:	01c696b3          	sll	a3,a3,t3
    aaa2:	8dd5                	or	a1,a1,a3
    aaa4:	468d                	li	a3,3
    aaa6:	4e81                	li	t4,0
    aaa8:	8e9d                	sub	a3,a3,a5
    aaaa:	00dece63          	blt	t4,a3,aac6 <__subtf3+0x572>
    aaae:	4511                	li	a0,4
    aab0:	40f507b3          	sub	a5,a0,a5
    aab4:	068a                	slli	a3,a3,0x2
    aab6:	0088                	addi	a0,sp,64
    aab8:	96aa                	add	a3,a3,a0
    aaba:	4572                	lw	a0,28(sp)
    aabc:	00e55733          	srl	a4,a0,a4
    aac0:	fce6a823          	sw	a4,-48(a3)
    aac4:	b7b9                	j	aa12 <__subtf3+0x4be>
    aac6:	00a80f33          	add	t5,a6,a0
    aaca:	000f2883          	lw	a7,0(t5)
    aace:	004f2f03          	lw	t5,4(t5)
    aad2:	00e8d8b3          	srl	a7,a7,a4
    aad6:	01cf1f33          	sll	t5,t5,t3
    aada:	01e8e8b3          	or	a7,a7,t5
    aade:	01182023          	sw	a7,0(a6)
    aae2:	0e85                	addi	t4,t4,1
    aae4:	0811                	addi	a6,a6,4
    aae6:	b7d1                	j	aaaa <__subtf3+0x556>
    aae8:	00279713          	slli	a4,a5,0x2
    aaec:	971a                	add	a4,a4,t1
    aaee:	00072023          	sw	zero,0(a4) # fff80000 <pulp__FC+0xfff80001>
    aaf2:	0785                	addi	a5,a5,1
    aaf4:	b705                	j	aa14 <__subtf3+0x4c0>
    aaf6:	6f21                	lui	t5,0x8
    aaf8:	00140593          	addi	a1,s0,1
    aafc:	ffff0e93          	addi	t4,t5,-1 # 7fff <_svfiprintf_r+0x32b>
    ab00:	01d5f2b3          	and	t0,a1,t4
    ab04:	4f85                	li	t6,1
    ab06:	5612                	lw	a2,36(sp)
    ab08:	5722                	lw	a4,40(sp)
    ab0a:	5832                	lw	a6,44(sp)
    ab0c:	46d2                	lw	a3,20(sp)
    ab0e:	4e62                	lw	t3,24(sp)
    ab10:	4572                	lw	a0,28(sp)
    ab12:	03010313          	addi	t1,sp,48
    ab16:	0c5fcb63          	blt	t6,t0,abec <__subtf3+0x698>
    ab1a:	01c6e5b3          	or	a1,a3,t3
    ab1e:	8dc9                	or	a1,a1,a0
    ab20:	0115e5b3          	or	a1,a1,a7
    ab24:	ec2d                	bnez	s0,ab9e <__subtf3+0x64a>
    ab26:	e591                	bnez	a1,ab32 <__subtf3+0x5de>
    ab28:	d83e                	sw	a5,48(sp)
    ab2a:	da32                	sw	a2,52(sp)
    ab2c:	dc3a                	sw	a4,56(sp)
    ab2e:	de42                	sw	a6,60(sp)
    ab30:	bb35                	j	a86c <__subtf3+0x318>
    ab32:	00e665b3          	or	a1,a2,a4
    ab36:	0105e5b3          	or	a1,a1,a6
    ab3a:	8ddd                	or	a1,a1,a5
    ab3c:	e591                	bnez	a1,ab48 <__subtf3+0x5f4>
    ab3e:	d846                	sw	a7,48(sp)
    ab40:	da36                	sw	a3,52(sp)
    ab42:	dc72                	sw	t3,56(sp)
    ab44:	de2a                	sw	a0,60(sp)
    ab46:	b31d                	j	a86c <__subtf3+0x318>
    ab48:	97c6                	add	a5,a5,a7
    ab4a:	0117b8b3          	sltu	a7,a5,a7
    ab4e:	9636                	add	a2,a2,a3
    ab50:	011605b3          	add	a1,a2,a7
    ab54:	00d63633          	sltu	a2,a2,a3
    ab58:	0115b6b3          	sltu	a3,a1,a7
    ab5c:	8ed1                	or	a3,a3,a2
    ab5e:	0ff6f693          	zext.b	a3,a3
    ab62:	da2e                	sw	a1,52(sp)
    ab64:	01c705b3          	add	a1,a4,t3
    ab68:	d83e                	sw	a5,48(sp)
    ab6a:	00d587b3          	add	a5,a1,a3
    ab6e:	00d7b6b3          	sltu	a3,a5,a3
    ab72:	01c5b733          	sltu	a4,a1,t3
    ab76:	8ed9                	or	a3,a3,a4
    ab78:	dc3e                	sw	a5,56(sp)
    ab7a:	0ff6f693          	zext.b	a3,a3
    ab7e:	00a807b3          	add	a5,a6,a0
    ab82:	97b6                	add	a5,a5,a3
    ab84:	00c79613          	slli	a2,a5,0xc
    ab88:	00064463          	bltz	a2,ab90 <__subtf3+0x63c>
    ab8c:	de3e                	sw	a5,60(sp)
    ab8e:	b9f9                	j	a86c <__subtf3+0x318>
    ab90:	fff80737          	lui	a4,0xfff80
    ab94:	177d                	addi	a4,a4,-1
    ab96:	8ff9                	and	a5,a5,a4
    ab98:	de3e                	sw	a5,60(sp)
    ab9a:	4405                	li	s0,1
    ab9c:	b9c1                	j	a86c <__subtf3+0x318>
    ab9e:	e599                	bnez	a1,abac <__subtf3+0x658>
    aba0:	d83e                	sw	a5,48(sp)
    aba2:	da32                	sw	a2,52(sp)
    aba4:	dc3a                	sw	a4,56(sp)
    aba6:	de42                	sw	a6,60(sp)
    aba8:	8476                	mv	s0,t4
    abaa:	b1c9                	j	a86c <__subtf3+0x318>
    abac:	8f51                	or	a4,a4,a2
    abae:	01076733          	or	a4,a4,a6
    abb2:	8fd9                	or	a5,a5,a4
    abb4:	e791                	bnez	a5,abc0 <__subtf3+0x66c>
    abb6:	d846                	sw	a7,48(sp)
    abb8:	da36                	sw	a3,52(sp)
    abba:	dc72                	sw	t3,56(sp)
    abbc:	de2a                	sw	a0,60(sp)
    abbe:	b7ed                	j	aba8 <__subtf3+0x654>
    abc0:	de7a                	sw	t5,60(sp)
    abc2:	dc02                	sw	zero,56(sp)
    abc4:	da02                	sw	zero,52(sp)
    abc6:	d802                	sw	zero,48(sp)
    abc8:	187c                	addi	a5,sp,60
    abca:	4398                	lw	a4,0(a5)
    abcc:	ffc7a683          	lw	a3,-4(a5) # ffff7ffc <pulp__FC+0xffff7ffd>
    abd0:	070e                	slli	a4,a4,0x3
    abd2:	82f5                	srli	a3,a3,0x1d
    abd4:	8f55                	or	a4,a4,a3
    abd6:	c398                	sw	a4,0(a5)
    abd8:	17f1                	addi	a5,a5,-4
    abda:	fef318e3          	bne	t1,a5,abca <__subtf3+0x676>
    abde:	57c2                	lw	a5,48(sp)
    abe0:	6421                	lui	s0,0x8
    abe2:	078e                	slli	a5,a5,0x3
    abe4:	d83e                	sw	a5,48(sp)
    abe6:	147d                	addi	s0,s0,-1
    abe8:	4901                	li	s2,0
    abea:	b149                	j	a86c <__subtf3+0x318>
    abec:	97c6                	add	a5,a5,a7
    abee:	0117b8b3          	sltu	a7,a5,a7
    abf2:	9636                	add	a2,a2,a3
    abf4:	01160eb3          	add	t4,a2,a7
    abf8:	00d63633          	sltu	a2,a2,a3
    abfc:	011eb6b3          	sltu	a3,t4,a7
    ac00:	8ed1                	or	a3,a3,a2
    ac02:	0ff6f693          	zext.b	a3,a3
    ac06:	9772                	add	a4,a4,t3
    ac08:	d83e                	sw	a5,48(sp)
    ac0a:	00d707b3          	add	a5,a4,a3
    ac0e:	00d7b6b3          	sltu	a3,a5,a3
    ac12:	01c73733          	sltu	a4,a4,t3
    ac16:	8ed9                	or	a3,a3,a4
    ac18:	0ff6f693          	zext.b	a3,a3
    ac1c:	9542                	add	a0,a0,a6
    ac1e:	dc3e                	sw	a5,56(sp)
    ac20:	00a687b3          	add	a5,a3,a0
    ac24:	de3e                	sw	a5,60(sp)
    ac26:	da76                	sw	t4,52(sp)
    ac28:	879a                	mv	a5,t1
    ac2a:	4681                	li	a3,0
    ac2c:	450d                	li	a0,3
    ac2e:	4398                	lw	a4,0(a5)
    ac30:	43d0                	lw	a2,4(a5)
    ac32:	8305                	srli	a4,a4,0x1
    ac34:	067e                	slli	a2,a2,0x1f
    ac36:	8f51                	or	a4,a4,a2
    ac38:	c398                	sw	a4,0(a5)
    ac3a:	0685                	addi	a3,a3,1
    ac3c:	0791                	addi	a5,a5,4
    ac3e:	fea698e3          	bne	a3,a0,ac2e <__subtf3+0x6da>
    ac42:	57f2                	lw	a5,60(sp)
    ac44:	842e                	mv	s0,a1
    ac46:	8385                	srli	a5,a5,0x1
    ac48:	de3e                	sw	a5,60(sp)
    ac4a:	67a1                	lui	a5,0x8
    ac4c:	17fd                	addi	a5,a5,-1
    ac4e:	c0f41fe3          	bne	s0,a5,a86c <__subtf3+0x318>
    ac52:	de02                	sw	zero,60(sp)
    ac54:	dc02                	sw	zero,56(sp)
    ac56:	da02                	sw	zero,52(sp)
    ac58:	d802                	sw	zero,48(sp)
    ac5a:	b909                	j	a86c <__subtf3+0x318>
    ac5c:	1ce05963          	blez	a4,ae2e <__subtf3+0x8da>
    ac60:	e24d                	bnez	a2,ad02 <__subtf3+0x7ae>
    ac62:	5512                	lw	a0,36(sp)
    ac64:	5622                	lw	a2,40(sp)
    ac66:	5332                	lw	t1,44(sp)
    ac68:	00c56833          	or	a6,a0,a2
    ac6c:	00686833          	or	a6,a6,t1
    ac70:	00f86833          	or	a6,a6,a5
    ac74:	9c0805e3          	beqz	a6,a63e <__subtf3+0xea>
    ac78:	fff70693          	addi	a3,a4,-1 # fff7ffff <pulp__FC+0xfff80000>
    ac7c:	e6ad                	bnez	a3,ace6 <__subtf3+0x792>
    ac7e:	4852                	lw	a6,20(sp)
    ac80:	40f887b3          	sub	a5,a7,a5
    ac84:	40a805b3          	sub	a1,a6,a0
    ac88:	00f8b733          	sltu	a4,a7,a5
    ac8c:	00b83e33          	sltu	t3,a6,a1
    ac90:	8d99                	sub	a1,a1,a4
    ac92:	d83e                	sw	a5,48(sp)
    ac94:	da2e                	sw	a1,52(sp)
    ac96:	4701                	li	a4,0
    ac98:	00f8f663          	bgeu	a7,a5,aca4 <__subtf3+0x750>
    ac9c:	41050733          	sub	a4,a0,a6
    aca0:	00173713          	seqz	a4,a4
    aca4:	4862                	lw	a6,24(sp)
    aca6:	01c76733          	or	a4,a4,t3
    acaa:	40c805b3          	sub	a1,a6,a2
    acae:	00b83533          	sltu	a0,a6,a1
    acb2:	8d99                	sub	a1,a1,a4
    acb4:	dc2e                	sw	a1,56(sp)
    acb6:	c709                	beqz	a4,acc0 <__subtf3+0x76c>
    acb8:	41060633          	sub	a2,a2,a6
    acbc:	00163693          	seqz	a3,a2
    acc0:	47f2                	lw	a5,28(sp)
    acc2:	8ec9                	or	a3,a3,a0
    acc4:	406787b3          	sub	a5,a5,t1
    acc8:	40d786b3          	sub	a3,a5,a3
    accc:	de36                	sw	a3,60(sp)
    acce:	4405                	li	s0,1
    acd0:	57f2                	lw	a5,60(sp)
    acd2:	00c79513          	slli	a0,a5,0xc
    acd6:	b8055be3          	bgez	a0,a86c <__subtf3+0x318>
    acda:	00080737          	lui	a4,0x80
    acde:	177d                	addi	a4,a4,-1
    ace0:	8ff9                	and	a5,a5,a4
    ace2:	de3e                	sw	a5,60(sp)
    ace4:	ab3d                	j	b222 <__subtf3+0xcce>
    ace6:	67a1                	lui	a5,0x8
    ace8:	17fd                	addi	a5,a5,-1
    acea:	94f70ae3          	beq	a4,a5,a63e <__subtf3+0xea>
    acee:	07400793          	li	a5,116
    acf2:	02d7d663          	bge	a5,a3,ad1e <__subtf3+0x7ca>
    acf6:	4785                	li	a5,1
    acf8:	d602                	sw	zero,44(sp)
    acfa:	d402                	sw	zero,40(sp)
    acfc:	d202                	sw	zero,36(sp)
    acfe:	d03e                	sw	a5,32(sp)
    ad00:	a881                	j	ad50 <__subtf3+0x7fc>
    ad02:	67a1                	lui	a5,0x8
    ad04:	17fd                	addi	a5,a5,-1
    ad06:	a0f405e3          	beq	s0,a5,a710 <__subtf3+0x1bc>
    ad0a:	57b2                	lw	a5,44(sp)
    ad0c:	000806b7          	lui	a3,0x80
    ad10:	8fd5                	or	a5,a5,a3
    ad12:	d63e                	sw	a5,44(sp)
    ad14:	07400793          	li	a5,116
    ad18:	fce7cfe3          	blt	a5,a4,acf6 <__subtf3+0x7a2>
    ad1c:	86ba                	mv	a3,a4
    ad1e:	4056d713          	srai	a4,a3,0x5
    ad22:	4601                	li	a2,0
    ad24:	8afd                	andi	a3,a3,31
    ad26:	4781                	li	a5,0
    ad28:	00279513          	slli	a0,a5,0x2
    ad2c:	06e79c63          	bne	a5,a4,ada4 <__subtf3+0x850>
    ad30:	eac1                	bnez	a3,adc0 <__subtf3+0x86c>
    ad32:	470d                	li	a4,3
    ad34:	8f1d                	sub	a4,a4,a5
    ad36:	06d75c63          	bge	a4,a3,adae <__subtf3+0x85a>
    ad3a:	4711                	li	a4,4
    ad3c:	40f707b3          	sub	a5,a4,a5
    ad40:	4691                	li	a3,4
    ad42:	0cd79f63          	bne	a5,a3,ae20 <__subtf3+0x8cc>
    ad46:	5782                	lw	a5,32(sp)
    ad48:	00c03633          	snez	a2,a2
    ad4c:	8e5d                	or	a2,a2,a5
    ad4e:	d032                	sw	a2,32(sp)
    ad50:	46d2                	lw	a3,20(sp)
    ad52:	45c2                	lw	a1,16(sp)
    ad54:	5702                	lw	a4,32(sp)
    ad56:	5792                	lw	a5,36(sp)
    ad58:	40e58733          	sub	a4,a1,a4
    ad5c:	40f687b3          	sub	a5,a3,a5
    ad60:	00f6b633          	sltu	a2,a3,a5
    ad64:	00e5b6b3          	sltu	a3,a1,a4
    ad68:	40d786b3          	sub	a3,a5,a3
    ad6c:	da36                	sw	a3,52(sp)
    ad6e:	d83a                	sw	a4,48(sp)
    ad70:	4681                	li	a3,0
    ad72:	00e5f463          	bgeu	a1,a4,ad7a <__subtf3+0x826>
    ad76:	0017b693          	seqz	a3,a5
    ad7a:	8ed1                	or	a3,a3,a2
    ad7c:	5722                	lw	a4,40(sp)
    ad7e:	4662                	lw	a2,24(sp)
    ad80:	40e60733          	sub	a4,a2,a4
    ad84:	40d707b3          	sub	a5,a4,a3
    ad88:	dc3e                	sw	a5,56(sp)
    ad8a:	00e635b3          	sltu	a1,a2,a4
    ad8e:	4601                	li	a2,0
    ad90:	c299                	beqz	a3,ad96 <__subtf3+0x842>
    ad92:	00173613          	seqz	a2,a4
    ad96:	47f2                	lw	a5,28(sp)
    ad98:	5732                	lw	a4,44(sp)
    ad9a:	8e4d                	or	a2,a2,a1
    ad9c:	8f99                	sub	a5,a5,a4
    ad9e:	8f91                	sub	a5,a5,a2
    ada0:	de3e                	sw	a5,60(sp)
    ada2:	b73d                	j	acd0 <__subtf3+0x77c>
    ada4:	952e                	add	a0,a0,a1
    ada6:	4108                	lw	a0,0(a0)
    ada8:	0785                	addi	a5,a5,1
    adaa:	8e49                	or	a2,a2,a0
    adac:	bfb5                	j	ad28 <__subtf3+0x7d4>
    adae:	00ae0833          	add	a6,t3,a0
    adb2:	00082803          	lw	a6,0(a6)
    adb6:	0685                	addi	a3,a3,1
    adb8:	010e2023          	sw	a6,0(t3)
    adbc:	0e11                	addi	t3,t3,4
    adbe:	bfa5                	j	ad36 <__subtf3+0x7e2>
    adc0:	04010813          	addi	a6,sp,64
    adc4:	00a80733          	add	a4,a6,a0
    adc8:	02000893          	li	a7,32
    adcc:	fe072703          	lw	a4,-32(a4) # 7ffe0 <_sp+0x70df0>
    add0:	40d888b3          	sub	a7,a7,a3
    add4:	01171733          	sll	a4,a4,a7
    add8:	8e59                	or	a2,a2,a4
    adda:	470d                	li	a4,3
    addc:	4301                	li	t1,0
    adde:	8f1d                	sub	a4,a4,a5
    ade0:	00e34f63          	blt	t1,a4,adfe <__subtf3+0x8aa>
    ade4:	4511                	li	a0,4
    ade6:	40f507b3          	sub	a5,a0,a5
    adea:	5532                	lw	a0,44(sp)
    adec:	070a                	slli	a4,a4,0x2
    adee:	04010893          	addi	a7,sp,64
    adf2:	9746                	add	a4,a4,a7
    adf4:	00d556b3          	srl	a3,a0,a3
    adf8:	fed72023          	sw	a3,-32(a4)
    adfc:	b791                	j	ad40 <__subtf3+0x7ec>
    adfe:	00ae0eb3          	add	t4,t3,a0
    ae02:	000ea803          	lw	a6,0(t4)
    ae06:	004eae83          	lw	t4,4(t4)
    ae0a:	00d85833          	srl	a6,a6,a3
    ae0e:	011e9eb3          	sll	t4,t4,a7
    ae12:	01d86833          	or	a6,a6,t4
    ae16:	010e2023          	sw	a6,0(t3)
    ae1a:	0305                	addi	t1,t1,1
    ae1c:	0e11                	addi	t3,t3,4
    ae1e:	b7c9                	j	ade0 <__subtf3+0x88c>
    ae20:	00279713          	slli	a4,a5,0x2
    ae24:	972e                	add	a4,a4,a1
    ae26:	00072023          	sw	zero,0(a4)
    ae2a:	0785                	addi	a5,a5,1
    ae2c:	bf19                	j	ad42 <__subtf3+0x7ee>
    ae2e:	1e070063          	beqz	a4,b00e <__subtf3+0xaba>
    ae32:	e455                	bnez	s0,aede <__subtf3+0x98a>
    ae34:	4e52                	lw	t3,20(sp)
    ae36:	45e2                	lw	a1,24(sp)
    ae38:	4ef2                	lw	t4,28(sp)
    ae3a:	00be66b3          	or	a3,t3,a1
    ae3e:	01d6e6b3          	or	a3,a3,t4
    ae42:	0116e6b3          	or	a3,a3,a7
    ae46:	ea99                	bnez	a3,ae5c <__subtf3+0x908>
    ae48:	d83e                	sw	a5,48(sp)
    ae4a:	5792                	lw	a5,36(sp)
    ae4c:	8432                	mv	s0,a2
    ae4e:	da3e                	sw	a5,52(sp)
    ae50:	57a2                	lw	a5,40(sp)
    ae52:	dc3e                	sw	a5,56(sp)
    ae54:	57b2                	lw	a5,44(sp)
    ae56:	de3e                	sw	a5,60(sp)
    ae58:	892a                	mv	s2,a0
    ae5a:	bc09                	j	a86c <__subtf3+0x318>
    ae5c:	56fd                	li	a3,-1
    ae5e:	06d71063          	bne	a4,a3,aebe <__subtf3+0x96a>
    ae62:	5312                	lw	t1,36(sp)
    ae64:	411786b3          	sub	a3,a5,a7
    ae68:	41c30833          	sub	a6,t1,t3
    ae6c:	00d7b733          	sltu	a4,a5,a3
    ae70:	010338b3          	sltu	a7,t1,a6
    ae74:	40e80833          	sub	a6,a6,a4
    ae78:	d836                	sw	a3,48(sp)
    ae7a:	da42                	sw	a6,52(sp)
    ae7c:	4701                	li	a4,0
    ae7e:	00d7f663          	bgeu	a5,a3,ae8a <__subtf3+0x936>
    ae82:	406e0733          	sub	a4,t3,t1
    ae86:	00173713          	seqz	a4,a4
    ae8a:	01176733          	or	a4,a4,a7
    ae8e:	58a2                	lw	a7,40(sp)
    ae90:	4681                	li	a3,0
    ae92:	40b88833          	sub	a6,a7,a1
    ae96:	0108b333          	sltu	t1,a7,a6
    ae9a:	40e80833          	sub	a6,a6,a4
    ae9e:	dc42                	sw	a6,56(sp)
    aea0:	c709                	beqz	a4,aeaa <__subtf3+0x956>
    aea2:	411585b3          	sub	a1,a1,a7
    aea6:	0015b693          	seqz	a3,a1
    aeaa:	57b2                	lw	a5,44(sp)
    aeac:	0066e5b3          	or	a1,a3,t1
    aeb0:	41d787b3          	sub	a5,a5,t4
    aeb4:	8f8d                	sub	a5,a5,a1
    aeb6:	de3e                	sw	a5,60(sp)
    aeb8:	8432                	mv	s0,a2
    aeba:	892a                	mv	s2,a0
    aebc:	bd11                	j	acd0 <__subtf3+0x77c>
    aebe:	66a1                	lui	a3,0x8
    aec0:	16fd                	addi	a3,a3,-1
    aec2:	f8d603e3          	beq	a2,a3,ae48 <__subtf3+0x8f4>
    aec6:	fff74713          	not	a4,a4
    aeca:	07400793          	li	a5,116
    aece:	02e7d763          	bge	a5,a4,aefc <__subtf3+0x9a8>
    aed2:	4785                	li	a5,1
    aed4:	ce02                	sw	zero,28(sp)
    aed6:	cc02                	sw	zero,24(sp)
    aed8:	ca02                	sw	zero,20(sp)
    aeda:	c83e                	sw	a5,16(sp)
    aedc:	a889                	j	af2e <__subtf3+0x9da>
    aede:	66a1                	lui	a3,0x8
    aee0:	16fd                	addi	a3,a3,-1
    aee2:	f6d603e3          	beq	a2,a3,ae48 <__subtf3+0x8f4>
    aee6:	47f2                	lw	a5,28(sp)
    aee8:	000806b7          	lui	a3,0x80
    aeec:	8fd5                	or	a5,a5,a3
    aeee:	ce3e                	sw	a5,28(sp)
    aef0:	f8c00793          	li	a5,-116
    aef4:	fcf74fe3          	blt	a4,a5,aed2 <__subtf3+0x97e>
    aef8:	40e00733          	neg	a4,a4
    aefc:	40575693          	srai	a3,a4,0x5
    af00:	4581                	li	a1,0
    af02:	8b7d                	andi	a4,a4,31
    af04:	4781                	li	a5,0
    af06:	00279893          	slli	a7,a5,0x2
    af0a:	06d79b63          	bne	a5,a3,af80 <__subtf3+0xa2c>
    af0e:	eb49                	bnez	a4,afa0 <__subtf3+0xa4c>
    af10:	468d                	li	a3,3
    af12:	8e9d                	sub	a3,a3,a5
    af14:	06e6dd63          	bge	a3,a4,af8e <__subtf3+0xa3a>
    af18:	4711                	li	a4,4
    af1a:	40f707b3          	sub	a5,a4,a5
    af1e:	4691                	li	a3,4
    af20:	0ed79063          	bne	a5,a3,b000 <__subtf3+0xaac>
    af24:	47c2                	lw	a5,16(sp)
    af26:	00b035b3          	snez	a1,a1
    af2a:	8ddd                	or	a1,a1,a5
    af2c:	c82e                	sw	a1,16(sp)
    af2e:	5692                	lw	a3,36(sp)
    af30:	5802                	lw	a6,32(sp)
    af32:	4742                	lw	a4,16(sp)
    af34:	47d2                	lw	a5,20(sp)
    af36:	40e80733          	sub	a4,a6,a4
    af3a:	40f687b3          	sub	a5,a3,a5
    af3e:	00f6b5b3          	sltu	a1,a3,a5
    af42:	00e836b3          	sltu	a3,a6,a4
    af46:	40d786b3          	sub	a3,a5,a3
    af4a:	da36                	sw	a3,52(sp)
    af4c:	d83a                	sw	a4,48(sp)
    af4e:	4681                	li	a3,0
    af50:	00e87463          	bgeu	a6,a4,af58 <__subtf3+0xa04>
    af54:	0017b693          	seqz	a3,a5
    af58:	8ecd                	or	a3,a3,a1
    af5a:	4762                	lw	a4,24(sp)
    af5c:	55a2                	lw	a1,40(sp)
    af5e:	40e58733          	sub	a4,a1,a4
    af62:	40d707b3          	sub	a5,a4,a3
    af66:	dc3e                	sw	a5,56(sp)
    af68:	00e5b833          	sltu	a6,a1,a4
    af6c:	4581                	li	a1,0
    af6e:	c299                	beqz	a3,af74 <__subtf3+0xa20>
    af70:	00173593          	seqz	a1,a4
    af74:	57b2                	lw	a5,44(sp)
    af76:	4772                	lw	a4,28(sp)
    af78:	0105e5b3          	or	a1,a1,a6
    af7c:	8f99                	sub	a5,a5,a4
    af7e:	bf1d                	j	aeb4 <__subtf3+0x960>
    af80:	989a                	add	a7,a7,t1
    af82:	0008a883          	lw	a7,0(a7)
    af86:	0785                	addi	a5,a5,1
    af88:	0115e5b3          	or	a1,a1,a7
    af8c:	bfad                	j	af06 <__subtf3+0x9b2>
    af8e:	01180e33          	add	t3,a6,a7
    af92:	000e2e03          	lw	t3,0(t3)
    af96:	0705                	addi	a4,a4,1
    af98:	01c82023          	sw	t3,0(a6)
    af9c:	0811                	addi	a6,a6,4
    af9e:	bf9d                	j	af14 <__subtf3+0x9c0>
    afa0:	04010e13          	addi	t3,sp,64
    afa4:	011e06b3          	add	a3,t3,a7
    afa8:	02000e93          	li	t4,32
    afac:	fd06a683          	lw	a3,-48(a3) # 7ffd0 <_sp+0x70de0>
    afb0:	40ee8eb3          	sub	t4,t4,a4
    afb4:	01d696b3          	sll	a3,a3,t4
    afb8:	8dd5                	or	a1,a1,a3
    afba:	468d                	li	a3,3
    afbc:	4f01                	li	t5,0
    afbe:	8e9d                	sub	a3,a3,a5
    afc0:	00df4f63          	blt	t5,a3,afde <__subtf3+0xa8a>
    afc4:	4811                	li	a6,4
    afc6:	40f807b3          	sub	a5,a6,a5
    afca:	4872                	lw	a6,28(sp)
    afcc:	068a                	slli	a3,a3,0x2
    afce:	04010f93          	addi	t6,sp,64
    afd2:	96fe                	add	a3,a3,t6
    afd4:	00e85733          	srl	a4,a6,a4
    afd8:	fce6a823          	sw	a4,-48(a3)
    afdc:	b789                	j	af1e <__subtf3+0x9ca>
    afde:	01180fb3          	add	t6,a6,a7
    afe2:	000fae03          	lw	t3,0(t6)
    afe6:	004faf83          	lw	t6,4(t6)
    afea:	00ee5e33          	srl	t3,t3,a4
    afee:	01df9fb3          	sll	t6,t6,t4
    aff2:	01fe6e33          	or	t3,t3,t6
    aff6:	01c82023          	sw	t3,0(a6)
    affa:	0f05                	addi	t5,t5,1
    affc:	0811                	addi	a6,a6,4
    affe:	b7c9                	j	afc0 <__subtf3+0xa6c>
    b000:	00279713          	slli	a4,a5,0x2
    b004:	971a                	add	a4,a4,t1
    b006:	00072023          	sw	zero,0(a4)
    b00a:	0785                	addi	a5,a5,1
    b00c:	bf11                	j	af20 <__subtf3+0x9cc>
    b00e:	6fa1                	lui	t6,0x8
    b010:	00140693          	addi	a3,s0,1 # 8001 <_svfiprintf_r+0x32d>
    b014:	ffff8293          	addi	t0,t6,-1 # 7fff <_svfiprintf_r+0x32b>
    b018:	0056f6b3          	and	a3,a3,t0
    b01c:	4805                	li	a6,1
    b01e:	5592                	lw	a1,36(sp)
    b020:	4652                	lw	a2,20(sp)
    b022:	4362                	lw	t1,24(sp)
    b024:	4f72                	lw	t5,28(sp)
    b026:	5e22                	lw	t3,40(sp)
    b028:	5eb2                	lw	t4,44(sp)
    b02a:	14d84d63          	blt	a6,a3,b184 <__subtf3+0xc30>
    b02e:	01c5e833          	or	a6,a1,t3
    b032:	006666b3          	or	a3,a2,t1
    b036:	01d86833          	or	a6,a6,t4
    b03a:	01e6e6b3          	or	a3,a3,t5
    b03e:	00f86833          	or	a6,a6,a5
    b042:	0116e6b3          	or	a3,a3,a7
    b046:	e879                	bnez	s0,b11c <__subtf3+0xbc8>
    b048:	ea91                	bnez	a3,b05c <__subtf3+0xb08>
    b04a:	d83e                	sw	a5,48(sp)
    b04c:	da2e                	sw	a1,52(sp)
    b04e:	dc72                	sw	t3,56(sp)
    b050:	de76                	sw	t4,60(sp)
    b052:	e00813e3          	bnez	a6,ae58 <__subtf3+0x904>
    b056:	4401                	li	s0,0
    b058:	4901                	li	s2,0
    b05a:	b881                	j	a8aa <__subtf3+0x356>
    b05c:	00081763          	bnez	a6,b06a <__subtf3+0xb16>
    b060:	d846                	sw	a7,48(sp)
    b062:	da32                	sw	a2,52(sp)
    b064:	dc1a                	sw	t1,56(sp)
    b066:	de7a                	sw	t5,60(sp)
    b068:	b011                	j	a86c <__subtf3+0x318>
    b06a:	40f88833          	sub	a6,a7,a5
    b06e:	40b602b3          	sub	t0,a2,a1
    b072:	0108bfb3          	sltu	t6,a7,a6
    b076:	005636b3          	sltu	a3,a2,t0
    b07a:	41f282b3          	sub	t0,t0,t6
    b07e:	d842                	sw	a6,48(sp)
    b080:	da16                	sw	t0,52(sp)
    b082:	4f81                	li	t6,0
    b084:	0108f663          	bgeu	a7,a6,b090 <__subtf3+0xb3c>
    b088:	40c58fb3          	sub	t6,a1,a2
    b08c:	001fbf93          	seqz	t6,t6
    b090:	41c303b3          	sub	t2,t1,t3
    b094:	00dfefb3          	or	t6,t6,a3
    b098:	41f38a33          	sub	s4,t2,t6
    b09c:	dc52                	sw	s4,56(sp)
    b09e:	00733ab3          	sltu	s5,t1,t2
    b0a2:	4981                	li	s3,0
    b0a4:	000f8463          	beqz	t6,b0ac <__subtf3+0xb58>
    b0a8:	0013b993          	seqz	s3,t2
    b0ac:	41df06b3          	sub	a3,t5,t4
    b0b0:	0159e9b3          	or	s3,s3,s5
    b0b4:	413686b3          	sub	a3,a3,s3
    b0b8:	de36                	sw	a3,60(sp)
    b0ba:	00c69f93          	slli	t6,a3,0xc
    b0be:	040fd563          	bgez	t6,b108 <__subtf3+0xbb4>
    b0c2:	411786b3          	sub	a3,a5,a7
    b0c6:	40c58633          	sub	a2,a1,a2
    b0ca:	00d7b833          	sltu	a6,a5,a3
    b0ce:	41060833          	sub	a6,a2,a6
    b0d2:	da42                	sw	a6,52(sp)
    b0d4:	d836                	sw	a3,48(sp)
    b0d6:	00c5b5b3          	sltu	a1,a1,a2
    b0da:	4801                	li	a6,0
    b0dc:	00d7f463          	bgeu	a5,a3,b0e4 <__subtf3+0xb90>
    b0e0:	00163813          	seqz	a6,a2
    b0e4:	406e07b3          	sub	a5,t3,t1
    b0e8:	00b865b3          	or	a1,a6,a1
    b0ec:	00fe36b3          	sltu	a3,t3,a5
    b0f0:	8f8d                	sub	a5,a5,a1
    b0f2:	dc3e                	sw	a5,56(sp)
    b0f4:	c199                	beqz	a1,b0fa <__subtf3+0xba6>
    b0f6:	0013b713          	seqz	a4,t2
    b0fa:	41ee87b3          	sub	a5,t4,t5
    b0fe:	8f55                	or	a4,a4,a3
    b100:	40e78733          	sub	a4,a5,a4
    b104:	de3a                	sw	a4,60(sp)
    b106:	bb89                	j	ae58 <__subtf3+0x904>
    b108:	00586833          	or	a6,a6,t0
    b10c:	01486833          	or	a6,a6,s4
    b110:	00d86833          	or	a6,a6,a3
    b114:	f40801e3          	beqz	a6,b056 <__subtf3+0xb02>
    b118:	f54ff06f          	j	a86c <__subtf3+0x318>
    b11c:	03010393          	addi	t2,sp,48
    b120:	ea9d                	bnez	a3,b156 <__subtf3+0xc02>
    b122:	02081263          	bnez	a6,b146 <__subtf3+0xbf2>
    b126:	de7e                	sw	t6,60(sp)
    b128:	dc02                	sw	zero,56(sp)
    b12a:	da02                	sw	zero,52(sp)
    b12c:	d802                	sw	zero,48(sp)
    b12e:	187c                	addi	a5,sp,60
    b130:	4398                	lw	a4,0(a5)
    b132:	ffc7a683          	lw	a3,-4(a5) # 7ffc <_svfiprintf_r+0x328>
    b136:	070e                	slli	a4,a4,0x3
    b138:	82f5                	srli	a3,a3,0x1d
    b13a:	8f55                	or	a4,a4,a3
    b13c:	c398                	sw	a4,0(a5)
    b13e:	17f1                	addi	a5,a5,-4
    b140:	fef398e3          	bne	t2,a5,b130 <__subtf3+0xbdc>
    b144:	bc69                	j	abde <__subtf3+0x68a>
    b146:	d83e                	sw	a5,48(sp)
    b148:	da2e                	sw	a1,52(sp)
    b14a:	dc72                	sw	t3,56(sp)
    b14c:	de76                	sw	t4,60(sp)
    b14e:	892a                	mv	s2,a0
    b150:	8416                	mv	s0,t0
    b152:	f1aff06f          	j	a86c <__subtf3+0x318>
    b156:	00081763          	bnez	a6,b164 <__subtf3+0xc10>
    b15a:	d846                	sw	a7,48(sp)
    b15c:	da32                	sw	a2,52(sp)
    b15e:	dc1a                	sw	t1,56(sp)
    b160:	de7a                	sw	t5,60(sp)
    b162:	b7fd                	j	b150 <__subtf3+0xbfc>
    b164:	de7e                	sw	t6,60(sp)
    b166:	dc02                	sw	zero,56(sp)
    b168:	da02                	sw	zero,52(sp)
    b16a:	d802                	sw	zero,48(sp)
    b16c:	187c                	addi	a5,sp,60
    b16e:	4398                	lw	a4,0(a5)
    b170:	ffc7a683          	lw	a3,-4(a5)
    b174:	070e                	slli	a4,a4,0x3
    b176:	82f5                	srli	a3,a3,0x1d
    b178:	8f55                	or	a4,a4,a3
    b17a:	c398                	sw	a4,0(a5)
    b17c:	17f1                	addi	a5,a5,-4
    b17e:	fef398e3          	bne	t2,a5,b16e <__subtf3+0xc1a>
    b182:	bcb1                	j	abde <__subtf3+0x68a>
    b184:	40f88833          	sub	a6,a7,a5
    b188:	40b602b3          	sub	t0,a2,a1
    b18c:	0108bfb3          	sltu	t6,a7,a6
    b190:	005636b3          	sltu	a3,a2,t0
    b194:	41f282b3          	sub	t0,t0,t6
    b198:	d842                	sw	a6,48(sp)
    b19a:	da16                	sw	t0,52(sp)
    b19c:	4f81                	li	t6,0
    b19e:	0108f663          	bgeu	a7,a6,b1aa <__subtf3+0xc56>
    b1a2:	40c58fb3          	sub	t6,a1,a2
    b1a6:	001fbf93          	seqz	t6,t6
    b1aa:	41c303b3          	sub	t2,t1,t3
    b1ae:	00dfefb3          	or	t6,t6,a3
    b1b2:	41f38a33          	sub	s4,t2,t6
    b1b6:	dc52                	sw	s4,56(sp)
    b1b8:	00733ab3          	sltu	s5,t1,t2
    b1bc:	4981                	li	s3,0
    b1be:	000f8463          	beqz	t6,b1c6 <__subtf3+0xc72>
    b1c2:	0013b993          	seqz	s3,t2
    b1c6:	41df06b3          	sub	a3,t5,t4
    b1ca:	0159e9b3          	or	s3,s3,s5
    b1ce:	413686b3          	sub	a3,a3,s3
    b1d2:	de36                	sw	a3,60(sp)
    b1d4:	00c69f93          	slli	t6,a3,0xc
    b1d8:	080fd563          	bgez	t6,b262 <__subtf3+0xd0e>
    b1dc:	411786b3          	sub	a3,a5,a7
    b1e0:	40c58633          	sub	a2,a1,a2
    b1e4:	00d7b833          	sltu	a6,a5,a3
    b1e8:	41060833          	sub	a6,a2,a6
    b1ec:	da42                	sw	a6,52(sp)
    b1ee:	d836                	sw	a3,48(sp)
    b1f0:	00c5b5b3          	sltu	a1,a1,a2
    b1f4:	4801                	li	a6,0
    b1f6:	00d7f463          	bgeu	a5,a3,b1fe <__subtf3+0xcaa>
    b1fa:	00163813          	seqz	a6,a2
    b1fe:	406e07b3          	sub	a5,t3,t1
    b202:	00b865b3          	or	a1,a6,a1
    b206:	00fe36b3          	sltu	a3,t3,a5
    b20a:	8f8d                	sub	a5,a5,a1
    b20c:	dc3e                	sw	a5,56(sp)
    b20e:	c199                	beqz	a1,b214 <__subtf3+0xcc0>
    b210:	0013b713          	seqz	a4,t2
    b214:	41ee87b3          	sub	a5,t4,t5
    b218:	8f55                	or	a4,a4,a3
    b21a:	40e78733          	sub	a4,a5,a4
    b21e:	de3a                	sw	a4,60(sp)
    b220:	892a                	mv	s2,a0
    b222:	5572                	lw	a0,60(sp)
    b224:	c921                	beqz	a0,b274 <__subtf3+0xd20>
    b226:	2785                	jal	b986 <__clzsi2>
    b228:	1551                	addi	a0,a0,-12
    b22a:	02000693          	li	a3,32
    b22e:	02d56833          	rem	a6,a0,a3
    b232:	02d547b3          	div	a5,a0,a3
    b236:	06080063          	beqz	a6,b296 <__subtf3+0xd42>
    b23a:	5771                	li	a4,-4
    b23c:	02e78733          	mul	a4,a5,a4
    b240:	00279593          	slli	a1,a5,0x2
    b244:	5e41                	li	t3,-16
    b246:	410686b3          	sub	a3,a3,a6
    b24a:	1771                	addi	a4,a4,-4
    b24c:	0bc71f63          	bne	a4,t3,b30a <__subtf3+0xdb6>
    b250:	5742                	lw	a4,48(sp)
    b252:	0094                	addi	a3,sp,64
    b254:	95b6                	add	a1,a1,a3
    b256:	01071833          	sll	a6,a4,a6
    b25a:	17fd                	addi	a5,a5,-1
    b25c:	ff05a823          	sw	a6,-16(a1)
    b260:	a889                	j	b2b2 <__subtf3+0xd5e>
    b262:	00586833          	or	a6,a6,t0
    b266:	01486833          	or	a6,a6,s4
    b26a:	00d86833          	or	a6,a6,a3
    b26e:	de0804e3          	beqz	a6,b056 <__subtf3+0xb02>
    b272:	bf45                	j	b222 <__subtf3+0xcce>
    b274:	5562                	lw	a0,56(sp)
    b276:	c509                	beqz	a0,b280 <__subtf3+0xd2c>
    b278:	2739                	jal	b986 <__clzsi2>
    b27a:	02050513          	addi	a0,a0,32 # 8020 <_svfiprintf_r+0x34c>
    b27e:	b76d                	j	b228 <__subtf3+0xcd4>
    b280:	5552                	lw	a0,52(sp)
    b282:	c509                	beqz	a0,b28c <__subtf3+0xd38>
    b284:	2709                	jal	b986 <__clzsi2>
    b286:	04050513          	addi	a0,a0,64
    b28a:	bf79                	j	b228 <__subtf3+0xcd4>
    b28c:	5542                	lw	a0,48(sp)
    b28e:	2de5                	jal	b986 <__clzsi2>
    b290:	06050513          	addi	a0,a0,96
    b294:	bf51                	j	b228 <__subtf3+0xcd4>
    b296:	5671                	li	a2,-4
    b298:	1818                	addi	a4,sp,48
    b29a:	02c78633          	mul	a2,a5,a2
    b29e:	468d                	li	a3,3
    b2a0:	00c705b3          	add	a1,a4,a2
    b2a4:	45cc                	lw	a1,12(a1)
    b2a6:	16fd                	addi	a3,a3,-1
    b2a8:	c74c                	sw	a1,12(a4)
    b2aa:	1771                	addi	a4,a4,-4
    b2ac:	fef6dae3          	bge	a3,a5,b2a0 <__subtf3+0xd4c>
    b2b0:	17fd                	addi	a5,a5,-1
    b2b2:	56fd                	li	a3,-1
    b2b4:	06d79e63          	bne	a5,a3,b330 <__subtf3+0xddc>
    b2b8:	10854c63          	blt	a0,s0,b3d0 <__subtf3+0xe7c>
    b2bc:	40850433          	sub	s0,a0,s0
    b2c0:	02000713          	li	a4,32
    b2c4:	0405                	addi	s0,s0,1
    b2c6:	02e447b3          	div	a5,s0,a4
    b2ca:	4501                	li	a0,0
    b2cc:	02e46433          	rem	s0,s0,a4
    b2d0:	4701                	li	a4,0
    b2d2:	06f74863          	blt	a4,a5,b342 <__subtf3+0xdee>
    b2d6:	873e                	mv	a4,a5
    b2d8:	0007d363          	bgez	a5,b2de <__subtf3+0xd8a>
    b2dc:	4701                	li	a4,0
    b2de:	00279313          	slli	t1,a5,0x2
    b2e2:	e041                	bnez	s0,b362 <__subtf3+0xe0e>
    b2e4:	468d                	li	a3,3
    b2e6:	1818                	addi	a4,sp,48
    b2e8:	8e9d                	sub	a3,a3,a5
    b2ea:	0686d563          	bge	a3,s0,b354 <__subtf3+0xe00>
    b2ee:	4711                	li	a4,4
    b2f0:	40f707b3          	sub	a5,a4,a5
    b2f4:	468d                	li	a3,3
    b2f6:	0cf6d563          	bge	a3,a5,b3c0 <__subtf3+0xe6c>
    b2fa:	5742                	lw	a4,48(sp)
    b2fc:	00a037b3          	snez	a5,a0
    b300:	8fd9                	or	a5,a5,a4
    b302:	d83e                	sw	a5,48(sp)
    b304:	4401                	li	s0,0
    b306:	d66ff06f          	j	a86c <__subtf3+0x318>
    b30a:	1810                	addi	a2,sp,48
    b30c:	00e60333          	add	t1,a2,a4
    b310:	00e588b3          	add	a7,a1,a4
    b314:	98b2                	add	a7,a7,a2
    b316:	00c32603          	lw	a2,12(t1)
    b31a:	01032303          	lw	t1,16(t1)
    b31e:	00d65633          	srl	a2,a2,a3
    b322:	01031333          	sll	t1,t1,a6
    b326:	00666633          	or	a2,a2,t1
    b32a:	00c8a823          	sw	a2,16(a7)
    b32e:	bf31                	j	b24a <__subtf3+0xcf6>
    b330:	00279713          	slli	a4,a5,0x2
    b334:	03010813          	addi	a6,sp,48
    b338:	9742                	add	a4,a4,a6
    b33a:	00072023          	sw	zero,0(a4)
    b33e:	17fd                	addi	a5,a5,-1
    b340:	bf95                	j	b2b4 <__subtf3+0xd60>
    b342:	00271693          	slli	a3,a4,0x2
    b346:	03010893          	addi	a7,sp,48
    b34a:	96c6                	add	a3,a3,a7
    b34c:	4294                	lw	a3,0(a3)
    b34e:	0705                	addi	a4,a4,1
    b350:	8d55                	or	a0,a0,a3
    b352:	b741                	j	b2d2 <__subtf3+0xd7e>
    b354:	00670633          	add	a2,a4,t1
    b358:	4210                	lw	a2,0(a2)
    b35a:	0405                	addi	s0,s0,1
    b35c:	c310                	sw	a2,0(a4)
    b35e:	0711                	addi	a4,a4,4
    b360:	b769                	j	b2ea <__subtf3+0xd96>
    b362:	070a                	slli	a4,a4,0x2
    b364:	04010e13          	addi	t3,sp,64
    b368:	9772                	add	a4,a4,t3
    b36a:	02000613          	li	a2,32
    b36e:	ff072703          	lw	a4,-16(a4)
    b372:	8e01                	sub	a2,a2,s0
    b374:	00c71733          	sll	a4,a4,a2
    b378:	8d59                	or	a0,a0,a4
    b37a:	470d                	li	a4,3
    b37c:	180c                	addi	a1,sp,48
    b37e:	4801                	li	a6,0
    b380:	8f1d                	sub	a4,a4,a5
    b382:	00e84f63          	blt	a6,a4,b3a0 <__subtf3+0xe4c>
    b386:	4691                	li	a3,4
    b388:	40f687b3          	sub	a5,a3,a5
    b38c:	56f2                	lw	a3,60(sp)
    b38e:	070a                	slli	a4,a4,0x2
    b390:	04010f93          	addi	t6,sp,64
    b394:	977e                	add	a4,a4,t6
    b396:	0086d433          	srl	s0,a3,s0
    b39a:	fe872823          	sw	s0,-16(a4)
    b39e:	bf99                	j	b2f4 <__subtf3+0xda0>
    b3a0:	006588b3          	add	a7,a1,t1
    b3a4:	0008a683          	lw	a3,0(a7)
    b3a8:	0048a883          	lw	a7,4(a7)
    b3ac:	0086d6b3          	srl	a3,a3,s0
    b3b0:	00c898b3          	sll	a7,a7,a2
    b3b4:	0116e6b3          	or	a3,a3,a7
    b3b8:	c194                	sw	a3,0(a1)
    b3ba:	0805                	addi	a6,a6,1
    b3bc:	0591                	addi	a1,a1,4
    b3be:	b7d1                	j	b382 <__subtf3+0xe2e>
    b3c0:	00279713          	slli	a4,a5,0x2
    b3c4:	1810                	addi	a2,sp,48
    b3c6:	9732                	add	a4,a4,a2
    b3c8:	00072023          	sw	zero,0(a4)
    b3cc:	0785                	addi	a5,a5,1
    b3ce:	b725                	j	b2f6 <__subtf3+0xda2>
    b3d0:	57f2                	lw	a5,60(sp)
    b3d2:	fff80737          	lui	a4,0xfff80
    b3d6:	177d                	addi	a4,a4,-1
    b3d8:	8c09                	sub	s0,s0,a0
    b3da:	8ff9                	and	a5,a5,a4
    b3dc:	fb0ff06f          	j	ab8c <__subtf3+0x638>
    b3e0:	de02                	sw	zero,60(sp)
    b3e2:	dc02                	sw	zero,56(sp)
    b3e4:	da02                	sw	zero,52(sp)
    b3e6:	d802                	sw	zero,48(sp)
    b3e8:	ce0ff06f          	j	a8c8 <__subtf3+0x374>

0000b3ec <__fixtfsi>:
    b3ec:	4158                	lw	a4,4(a0)
    b3ee:	451c                	lw	a5,8(a0)
    b3f0:	4550                	lw	a2,12(a0)
    b3f2:	1101                	addi	sp,sp,-32
    b3f4:	4114                	lw	a3,0(a0)
    b3f6:	c23a                	sw	a4,4(sp)
    b3f8:	c43e                	sw	a5,8(sp)
    b3fa:	ca3a                	sw	a4,20(sp)
    b3fc:	cc3e                	sw	a5,24(sp)
    b3fe:	6711                	lui	a4,0x4
    b400:	00161793          	slli	a5,a2,0x1
    b404:	c036                	sw	a3,0(sp)
    b406:	c836                	sw	a3,16(sp)
    b408:	c632                	sw	a2,12(sp)
    b40a:	0117d693          	srli	a3,a5,0x11
    b40e:	ffe70793          	addi	a5,a4,-2 # 3ffe <_ldtoa_r+0x8f6>
    b412:	4501                	li	a0,0
    b414:	00d7de63          	bge	a5,a3,b430 <__fixtfsi+0x44>
    b418:	01d70793          	addi	a5,a4,29
    b41c:	01061593          	slli	a1,a2,0x10
    b420:	827d                	srli	a2,a2,0x1f
    b422:	00d7d963          	bge	a5,a3,b434 <__fixtfsi+0x48>
    b426:	80000537          	lui	a0,0x80000
    b42a:	fff54513          	not	a0,a0
    b42e:	9532                	add	a0,a0,a2
    b430:	6105                	addi	sp,sp,32
    b432:	8082                	ret
    b434:	67c1                	lui	a5,0x10
    b436:	81c1                	srli	a1,a1,0x10
    b438:	8ddd                	or	a1,a1,a5
    b43a:	06f70793          	addi	a5,a4,111
    b43e:	8f95                	sub	a5,a5,a3
    b440:	4057d713          	srai	a4,a5,0x5
    b444:	ce2e                	sw	a1,28(sp)
    b446:	8bfd                	andi	a5,a5,31
    b448:	efa5                	bnez	a5,b4c0 <__fixtfsi+0xd4>
    b44a:	458d                	li	a1,3
    b44c:	0814                	addi	a3,sp,16
    b44e:	00271513          	slli	a0,a4,0x2
    b452:	8d99                	sub	a1,a1,a4
    b454:	02f5d563          	bge	a1,a5,b47e <__fixtfsi+0x92>
    b458:	4791                	li	a5,4
    b45a:	40e78733          	sub	a4,a5,a4
    b45e:	0814                	addi	a3,sp,16
    b460:	00271793          	slli	a5,a4,0x2
    b464:	97b6                	add	a5,a5,a3
    b466:	4691                	li	a3,4
    b468:	0007a023          	sw	zero,0(a5) # 10000 <_sp+0xe10>
    b46c:	0705                	addi	a4,a4,1
    b46e:	0791                	addi	a5,a5,4
    b470:	fed71ce3          	bne	a4,a3,b468 <__fixtfsi+0x7c>
    b474:	4542                	lw	a0,16(sp)
    b476:	de4d                	beqz	a2,b430 <__fixtfsi+0x44>
    b478:	40a00533          	neg	a0,a0
    b47c:	bf55                	j	b430 <__fixtfsi+0x44>
    b47e:	00a68833          	add	a6,a3,a0
    b482:	00082803          	lw	a6,0(a6)
    b486:	0785                	addi	a5,a5,1
    b488:	0106a023          	sw	a6,0(a3)
    b48c:	0691                	addi	a3,a3,4
    b48e:	b7d9                	j	b454 <__fixtfsi+0x68>
    b490:	ff052683          	lw	a3,-16(a0) # 7ffffff0 <pulp__FC+0x7ffffff1>
    b494:	ff072303          	lw	t1,-16(a4)
    b498:	011696b3          	sll	a3,a3,a7
    b49c:	00f35333          	srl	t1,t1,a5
    b4a0:	0066e6b3          	or	a3,a3,t1
    b4a4:	c836                	sw	a3,16(sp)
    b4a6:	4685                	li	a3,1
    b4a8:	ff06c4e3          	blt	a3,a6,b490 <__fixtfsi+0xa4>
    b4ac:	00168713          	addi	a4,a3,1
    b4b0:	1008                	addi	a0,sp,32
    b4b2:	068a                	slli	a3,a3,0x2
    b4b4:	96aa                	add	a3,a3,a0
    b4b6:	00f5d7b3          	srl	a5,a1,a5
    b4ba:	fef6a823          	sw	a5,-16(a3)
    b4be:	b745                	j	b45e <__fixtfsi+0x72>
    b4c0:	00170513          	addi	a0,a4,1
    b4c4:	480d                	li	a6,3
    b4c6:	02010313          	addi	t1,sp,32
    b4ca:	40e80833          	sub	a6,a6,a4
    b4ce:	050a                	slli	a0,a0,0x2
    b4d0:	02000893          	li	a7,32
    b4d4:	070a                	slli	a4,a4,0x2
    b4d6:	4681                	li	a3,0
    b4d8:	951a                	add	a0,a0,t1
    b4da:	40f888b3          	sub	a7,a7,a5
    b4de:	971a                	add	a4,a4,t1
    b4e0:	b7e1                	j	b4a8 <__fixtfsi+0xbc>

0000b4e2 <__floatsitf>:
    b4e2:	7179                	addi	sp,sp,-48
    b4e4:	d226                	sw	s1,36(sp)
    b4e6:	d606                	sw	ra,44(sp)
    b4e8:	d422                	sw	s0,40(sp)
    b4ea:	d04a                	sw	s2,32(sp)
    b4ec:	84aa                	mv	s1,a0
    b4ee:	c9f1                	beqz	a1,b5c2 <__floatsitf+0xe0>
    b4f0:	842e                	mv	s0,a1
    b4f2:	01f5d913          	srli	s2,a1,0x1f
    b4f6:	0005d463          	bgez	a1,b4fe <__floatsitf+0x1c>
    b4fa:	40b00433          	neg	s0,a1
    b4fe:	8522                	mv	a0,s0
    b500:	2159                	jal	b986 <__clzsi2>
    b502:	05150593          	addi	a1,a0,81
    b506:	6711                	lui	a4,0x4
    b508:	0779                	addi	a4,a4,30
    b50a:	4055d793          	srai	a5,a1,0x5
    b50e:	c822                	sw	s0,16(sp)
    b510:	ca02                	sw	zero,20(sp)
    b512:	cc02                	sw	zero,24(sp)
    b514:	ce02                	sw	zero,28(sp)
    b516:	89fd                	andi	a1,a1,31
    b518:	8f09                	sub	a4,a4,a0
    b51a:	c585                	beqz	a1,b542 <__floatsitf+0x60>
    b51c:	4689                	li	a3,2
    b51e:	0ad79063          	bne	a5,a3,b5be <__floatsitf+0xdc>
    b522:	02000693          	li	a3,32
    b526:	8e8d                	sub	a3,a3,a1
    b528:	00d456b3          	srl	a3,s0,a3
    b52c:	ce36                	sw	a3,28(sp)
    b52e:	fff78693          	addi	a3,a5,-1
    b532:	1010                	addi	a2,sp,32
    b534:	078a                	slli	a5,a5,0x2
    b536:	97b2                	add	a5,a5,a2
    b538:	00b41433          	sll	s0,s0,a1
    b53c:	fe87a823          	sw	s0,-16(a5)
    b540:	a839                	j	b55e <__floatsitf+0x7c>
    b542:	468d                	li	a3,3
    b544:	8e9d                	sub	a3,a3,a5
    b546:	1010                	addi	a2,sp,32
    b548:	068a                	slli	a3,a3,0x2
    b54a:	96b2                	add	a3,a3,a2
    b54c:	ff06a683          	lw	a3,-16(a3)
    b550:	4609                	li	a2,2
    b552:	ce36                	sw	a3,28(sp)
    b554:	4689                	li	a3,2
    b556:	00c79463          	bne	a5,a2,b55e <__floatsitf+0x7c>
    b55a:	cc22                	sw	s0,24(sp)
    b55c:	4685                	li	a3,1
    b55e:	081c                	addi	a5,sp,16
    b560:	00269613          	slli	a2,a3,0x2
    b564:	963e                	add	a2,a2,a5
    b566:	57fd                	li	a5,-1
    b568:	00062023          	sw	zero,0(a2)
    b56c:	16fd                	addi	a3,a3,-1
    b56e:	1671                	addi	a2,a2,-4
    b570:	fef69ce3          	bne	a3,a5,b568 <__floatsitf+0x86>
    b574:	47f2                	lw	a5,28(sp)
    b576:	66a1                	lui	a3,0x8
    b578:	16fd                	addi	a3,a3,-1
    b57a:	8ef9                	and	a3,a3,a4
    b57c:	00e15703          	lhu	a4,14(sp)
    b580:	00f11623          	sh	a5,12(sp)
    b584:	77e1                	lui	a5,0xffff8
    b586:	8f7d                	and	a4,a4,a5
    b588:	8f55                	or	a4,a4,a3
    b58a:	00875793          	srli	a5,a4,0x8
    b58e:	00e11723          	sh	a4,14(sp)
    b592:	07f7f793          	andi	a5,a5,127
    b596:	00791713          	slli	a4,s2,0x7
    b59a:	8fd9                	or	a5,a5,a4
    b59c:	00f107a3          	sb	a5,15(sp)
    b5a0:	47c2                	lw	a5,16(sp)
    b5a2:	50b2                	lw	ra,44(sp)
    b5a4:	c09c                	sw	a5,0(s1)
    b5a6:	47d2                	lw	a5,20(sp)
    b5a8:	5422                	lw	s0,40(sp)
    b5aa:	c0dc                	sw	a5,4(s1)
    b5ac:	47e2                	lw	a5,24(sp)
    b5ae:	8526                	mv	a0,s1
    b5b0:	c49c                	sw	a5,8(s1)
    b5b2:	47b2                	lw	a5,12(sp)
    b5b4:	5902                	lw	s2,32(sp)
    b5b6:	c4dc                	sw	a5,12(s1)
    b5b8:	5492                	lw	s1,36(sp)
    b5ba:	6145                	addi	sp,sp,48
    b5bc:	8082                	ret
    b5be:	478d                	li	a5,3
    b5c0:	b7bd                	j	b52e <__floatsitf+0x4c>
    b5c2:	ce02                	sw	zero,28(sp)
    b5c4:	cc02                	sw	zero,24(sp)
    b5c6:	ca02                	sw	zero,20(sp)
    b5c8:	c802                	sw	zero,16(sp)
    b5ca:	4701                	li	a4,0
    b5cc:	4901                	li	s2,0
    b5ce:	b75d                	j	b574 <__floatsitf+0x92>

0000b5d0 <__extenddftf2>:
    b5d0:	01465793          	srli	a5,a2,0x14
    b5d4:	00100737          	lui	a4,0x100
    b5d8:	177d                	addi	a4,a4,-1
    b5da:	7ff7f793          	andi	a5,a5,2047
    b5de:	7179                	addi	sp,sp,-48
    b5e0:	8f71                	and	a4,a4,a2
    b5e2:	00178693          	addi	a3,a5,1 # ffff8001 <pulp__FC+0xffff8002>
    b5e6:	d422                	sw	s0,40(sp)
    b5e8:	d226                	sw	s1,36(sp)
    b5ea:	01f65413          	srli	s0,a2,0x1f
    b5ee:	d606                	sw	ra,44(sp)
    b5f0:	c82e                	sw	a1,16(sp)
    b5f2:	ca3a                	sw	a4,20(sp)
    b5f4:	ce02                	sw	zero,28(sp)
    b5f6:	cc02                	sw	zero,24(sp)
    b5f8:	7ff6f693          	andi	a3,a3,2047
    b5fc:	4605                	li	a2,1
    b5fe:	84aa                	mv	s1,a0
    b600:	06d65563          	bge	a2,a3,b66a <__extenddftf2+0x9a>
    b604:	6691                	lui	a3,0x4
    b606:	c0068693          	addi	a3,a3,-1024 # 3c00 <_ldtoa_r+0x4f8>
    b60a:	0045d513          	srli	a0,a1,0x4
    b60e:	97b6                	add	a5,a5,a3
    b610:	00475693          	srli	a3,a4,0x4
    b614:	0772                	slli	a4,a4,0x1c
    b616:	8f49                	or	a4,a4,a0
    b618:	05f2                	slli	a1,a1,0x1c
    b61a:	ce36                	sw	a3,28(sp)
    b61c:	cc3a                	sw	a4,24(sp)
    b61e:	ca2e                	sw	a1,20(sp)
    b620:	c802                	sw	zero,16(sp)
    b622:	4772                	lw	a4,28(sp)
    b624:	6521                	lui	a0,0x8
    b626:	157d                	addi	a0,a0,-1
    b628:	8fe9                	and	a5,a5,a0
    b62a:	00e15503          	lhu	a0,14(sp)
    b62e:	00e11623          	sh	a4,12(sp)
    b632:	7761                	lui	a4,0xffff8
    b634:	8d79                	and	a0,a0,a4
    b636:	8fc9                	or	a5,a5,a0
    b638:	00f11723          	sh	a5,14(sp)
    b63c:	0087d713          	srli	a4,a5,0x8
    b640:	47c2                	lw	a5,16(sp)
    b642:	00741613          	slli	a2,s0,0x7
    b646:	c09c                	sw	a5,0(s1)
    b648:	47d2                	lw	a5,20(sp)
    b64a:	07f77413          	andi	s0,a4,127
    b64e:	c0dc                	sw	a5,4(s1)
    b650:	8c51                	or	s0,s0,a2
    b652:	47e2                	lw	a5,24(sp)
    b654:	008107a3          	sb	s0,15(sp)
    b658:	c49c                	sw	a5,8(s1)
    b65a:	47b2                	lw	a5,12(sp)
    b65c:	50b2                	lw	ra,44(sp)
    b65e:	5422                	lw	s0,40(sp)
    b660:	c4dc                	sw	a5,12(s1)
    b662:	8526                	mv	a0,s1
    b664:	5492                	lw	s1,36(sp)
    b666:	6145                	addi	sp,sp,48
    b668:	8082                	ret
    b66a:	00b76533          	or	a0,a4,a1
    b66e:	e7cd                	bnez	a5,b718 <__extenddftf2+0x148>
    b670:	d94d                	beqz	a0,b622 <__extenddftf2+0x52>
    b672:	c329                	beqz	a4,b6b4 <__extenddftf2+0xe4>
    b674:	853a                	mv	a0,a4
    b676:	2e01                	jal	b986 <__clzsi2>
    b678:	03150693          	addi	a3,a0,49 # 8031 <_svfiprintf_r+0x35d>
    b67c:	4056d713          	srai	a4,a3,0x5
    b680:	8afd                	andi	a3,a3,31
    b682:	ce8d                	beqz	a3,b6bc <__extenddftf2+0xec>
    b684:	5671                	li	a2,-4
    b686:	02000813          	li	a6,32
    b68a:	081c                	addi	a5,sp,16
    b68c:	02c70633          	mul	a2,a4,a2
    b690:	5341                	li	t1,-16
    b692:	40d80833          	sub	a6,a6,a3
    b696:	1671                	addi	a2,a2,-4
    b698:	17f1                	addi	a5,a5,-4
    b69a:	06661063          	bne	a2,t1,b6fa <__extenddftf2+0x12a>
    b69e:	101c                	addi	a5,sp,32
    b6a0:	fff70613          	addi	a2,a4,-1 # ffff7fff <pulp__FC+0xffff8000>
    b6a4:	070a                	slli	a4,a4,0x2
    b6a6:	973e                	add	a4,a4,a5
    b6a8:	47c2                	lw	a5,16(sp)
    b6aa:	00d796b3          	sll	a3,a5,a3
    b6ae:	fed72823          	sw	a3,-16(a4)
    b6b2:	a025                	j	b6da <__extenddftf2+0x10a>
    b6b4:	2cc9                	jal	b986 <__clzsi2>
    b6b6:	02050513          	addi	a0,a0,32
    b6ba:	bf7d                	j	b678 <__extenddftf2+0xa8>
    b6bc:	5671                	li	a2,-4
    b6be:	0814                	addi	a3,sp,16
    b6c0:	02c70633          	mul	a2,a4,a2
    b6c4:	478d                	li	a5,3
    b6c6:	00c685b3          	add	a1,a3,a2
    b6ca:	45cc                	lw	a1,12(a1)
    b6cc:	17fd                	addi	a5,a5,-1
    b6ce:	c6cc                	sw	a1,12(a3)
    b6d0:	16f1                	addi	a3,a3,-4
    b6d2:	fee7dae3          	bge	a5,a4,b6c6 <__extenddftf2+0xf6>
    b6d6:	fff70613          	addi	a2,a4,-1
    b6da:	00261713          	slli	a4,a2,0x2
    b6de:	080c                	addi	a1,sp,16
    b6e0:	972e                	add	a4,a4,a1
    b6e2:	57fd                	li	a5,-1
    b6e4:	00072023          	sw	zero,0(a4)
    b6e8:	167d                	addi	a2,a2,-1
    b6ea:	1771                	addi	a4,a4,-4
    b6ec:	fef61ce3          	bne	a2,a5,b6e4 <__extenddftf2+0x114>
    b6f0:	6791                	lui	a5,0x4
    b6f2:	c0c78793          	addi	a5,a5,-1012 # 3c0c <_ldtoa_r+0x504>
    b6f6:	8f89                	sub	a5,a5,a0
    b6f8:	b72d                	j	b622 <__extenddftf2+0x52>
    b6fa:	080c                	addi	a1,sp,16
    b6fc:	00c588b3          	add	a7,a1,a2
    b700:	00c8a583          	lw	a1,12(a7)
    b704:	0108a883          	lw	a7,16(a7)
    b708:	0105d5b3          	srl	a1,a1,a6
    b70c:	00d898b3          	sll	a7,a7,a3
    b710:	0115e5b3          	or	a1,a1,a7
    b714:	cb8c                	sw	a1,16(a5)
    b716:	b741                	j	b696 <__extenddftf2+0xc6>
    b718:	67a1                	lui	a5,0x8
    b71a:	cd11                	beqz	a0,b736 <__extenddftf2+0x166>
    b71c:	01c71793          	slli	a5,a4,0x1c
    b720:	0045d693          	srli	a3,a1,0x4
    b724:	8fd5                	or	a5,a5,a3
    b726:	cc3e                	sw	a5,24(sp)
    b728:	8311                	srli	a4,a4,0x4
    b72a:	67a1                	lui	a5,0x8
    b72c:	05f2                	slli	a1,a1,0x1c
    b72e:	8f5d                	or	a4,a4,a5
    b730:	ca2e                	sw	a1,20(sp)
    b732:	c802                	sw	zero,16(sp)
    b734:	ce3a                	sw	a4,28(sp)
    b736:	17fd                	addi	a5,a5,-1
    b738:	b5ed                	j	b622 <__extenddftf2+0x52>

0000b73a <__trunctfdf2>:
    b73a:	454c                	lw	a1,12(a0)
    b73c:	451c                	lw	a5,8(a0)
    b73e:	1101                	addi	sp,sp,-32
    b740:	4158                	lw	a4,4(a0)
    b742:	4114                	lw	a3,0(a0)
    b744:	c43e                	sw	a5,8(sp)
    b746:	cc3e                	sw	a5,24(sp)
    b748:	01059793          	slli	a5,a1,0x10
    b74c:	c23a                	sw	a4,4(sp)
    b74e:	ca3a                	sw	a4,20(sp)
    b750:	83c1                	srli	a5,a5,0x10
    b752:	00159713          	slli	a4,a1,0x1
    b756:	c62e                	sw	a1,12(sp)
    b758:	c036                	sw	a3,0(sp)
    b75a:	c836                	sw	a3,16(sp)
    b75c:	ce3e                	sw	a5,28(sp)
    b75e:	8345                	srli	a4,a4,0x11
    b760:	81fd                	srli	a1,a1,0x1f
    b762:	01010313          	addi	t1,sp,16
    b766:	0870                	addi	a2,sp,28
    b768:	421c                	lw	a5,0(a2)
    b76a:	ffc62683          	lw	a3,-4(a2)
    b76e:	078e                	slli	a5,a5,0x3
    b770:	82f5                	srli	a3,a3,0x1d
    b772:	8fd5                	or	a5,a5,a3
    b774:	c21c                	sw	a5,0(a2)
    b776:	1671                	addi	a2,a2,-4
    b778:	fec318e3          	bne	t1,a2,b768 <__trunctfdf2+0x2e>
    b77c:	46c2                	lw	a3,16(sp)
    b77e:	00170793          	addi	a5,a4,1
    b782:	00369513          	slli	a0,a3,0x3
    b786:	66a1                	lui	a3,0x8
    b788:	16fd                	addi	a3,a3,-1
    b78a:	8ff5                	and	a5,a5,a3
    b78c:	c82a                	sw	a0,16(sp)
    b78e:	4685                	li	a3,1
    b790:	12f6df63          	bge	a3,a5,b8ce <__trunctfdf2+0x194>
    b794:	77f1                	lui	a5,0xffffc
    b796:	40078793          	addi	a5,a5,1024 # ffffc400 <pulp__FC+0xffffc401>
    b79a:	973e                	add	a4,a4,a5
    b79c:	7fe00793          	li	a5,2046
    b7a0:	16e7c563          	blt	a5,a4,b90a <__trunctfdf2+0x1d0>
    b7a4:	04e05863          	blez	a4,b7f4 <__trunctfdf2+0xba>
    b7a8:	47e2                	lw	a5,24(sp)
    b7aa:	4672                	lw	a2,28(sp)
    b7ac:	4852                	lw	a6,20(sp)
    b7ae:	01c7d693          	srli	a3,a5,0x1c
    b7b2:	0612                	slli	a2,a2,0x4
    b7b4:	8e55                	or	a2,a2,a3
    b7b6:	00481693          	slli	a3,a6,0x4
    b7ba:	8ec9                	or	a3,a3,a0
    b7bc:	0792                	slli	a5,a5,0x4
    b7be:	01c85813          	srli	a6,a6,0x1c
    b7c2:	00d036b3          	snez	a3,a3
    b7c6:	0107e7b3          	or	a5,a5,a6
    b7ca:	8edd                	or	a3,a3,a5
    b7cc:	ca32                	sw	a2,20(sp)
    b7ce:	c836                	sw	a3,16(sp)
    b7d0:	46c2                	lw	a3,16(sp)
    b7d2:	47d2                	lw	a5,20(sp)
    b7d4:	0076f613          	andi	a2,a3,7
    b7d8:	12060d63          	beqz	a2,b912 <__trunctfdf2+0x1d8>
    b7dc:	00f6f613          	andi	a2,a3,15
    b7e0:	4511                	li	a0,4
    b7e2:	12a60863          	beq	a2,a0,b912 <__trunctfdf2+0x1d8>
    b7e6:	00468613          	addi	a2,a3,4 # 8004 <_svfiprintf_r+0x330>
    b7ea:	00d636b3          	sltu	a3,a2,a3
    b7ee:	97b6                	add	a5,a5,a3
    b7f0:	86b2                	mv	a3,a2
    b7f2:	a205                	j	b912 <__trunctfdf2+0x1d8>
    b7f4:	fcc00793          	li	a5,-52
    b7f8:	00f75663          	bge	a4,a5,b804 <__trunctfdf2+0xca>
    b7fc:	ca02                	sw	zero,20(sp)
    b7fe:	c836                	sw	a3,16(sp)
    b800:	4701                	li	a4,0
    b802:	b7f9                	j	b7d0 <__trunctfdf2+0x96>
    b804:	47f2                	lw	a5,28(sp)
    b806:	000806b7          	lui	a3,0x80
    b80a:	8fd5                	or	a5,a5,a3
    b80c:	ce3e                	sw	a5,28(sp)
    b80e:	03d00793          	li	a5,61
    b812:	40e78733          	sub	a4,a5,a4
    b816:	40575513          	srai	a0,a4,0x5
    b81a:	879a                	mv	a5,t1
    b81c:	8b7d                	andi	a4,a4,31
    b81e:	4681                	li	a3,0
    b820:	4881                	li	a7,0
    b822:	0007a803          	lw	a6,0(a5)
    b826:	0685                	addi	a3,a3,1
    b828:	0108e8b3          	or	a7,a7,a6
    b82c:	0791                	addi	a5,a5,4
    b82e:	fed51ae3          	bne	a0,a3,b822 <__trunctfdf2+0xe8>
    b832:	00269e93          	slli	t4,a3,0x2
    b836:	ef15                	bnez	a4,b872 <__trunctfdf2+0x138>
    b838:	478d                	li	a5,3
    b83a:	8f95                	sub	a5,a5,a3
    b83c:	02e7d463          	bge	a5,a4,b864 <__trunctfdf2+0x12a>
    b840:	4791                	li	a5,4
    b842:	40d786b3          	sub	a3,a5,a3
    b846:	4711                	li	a4,4
    b848:	00269793          	slli	a5,a3,0x2
    b84c:	979a                	add	a5,a5,t1
    b84e:	0007a023          	sw	zero,0(a5)
    b852:	0685                	addi	a3,a3,1
    b854:	fee69ae3          	bne	a3,a4,b848 <__trunctfdf2+0x10e>
    b858:	4742                	lw	a4,16(sp)
    b85a:	011037b3          	snez	a5,a7
    b85e:	8fd9                	or	a5,a5,a4
    b860:	c83e                	sw	a5,16(sp)
    b862:	bf79                	j	b800 <__trunctfdf2+0xc6>
    b864:	01d60533          	add	a0,a2,t4
    b868:	4108                	lw	a0,0(a0)
    b86a:	0705                	addi	a4,a4,1
    b86c:	c208                	sw	a0,0(a2)
    b86e:	0611                	addi	a2,a2,4
    b870:	b7f1                	j	b83c <__trunctfdf2+0x102>
    b872:	1008                	addi	a0,sp,32
    b874:	01d507b3          	add	a5,a0,t4
    b878:	02000813          	li	a6,32
    b87c:	ff07a783          	lw	a5,-16(a5)
    b880:	40e80833          	sub	a6,a6,a4
    b884:	010797b3          	sll	a5,a5,a6
    b888:	00f8e8b3          	or	a7,a7,a5
    b88c:	478d                	li	a5,3
    b88e:	4e01                	li	t3,0
    b890:	8f95                	sub	a5,a5,a3
    b892:	00fe4e63          	blt	t3,a5,b8ae <__trunctfdf2+0x174>
    b896:	4611                	li	a2,4
    b898:	40d606b3          	sub	a3,a2,a3
    b89c:	078a                	slli	a5,a5,0x2
    b89e:	1010                	addi	a2,sp,32
    b8a0:	97b2                	add	a5,a5,a2
    b8a2:	4672                	lw	a2,28(sp)
    b8a4:	00e65733          	srl	a4,a2,a4
    b8a8:	fee7a823          	sw	a4,-16(a5)
    b8ac:	bf69                	j	b846 <__trunctfdf2+0x10c>
    b8ae:	01d60f33          	add	t5,a2,t4
    b8b2:	000f2503          	lw	a0,0(t5)
    b8b6:	004f2f03          	lw	t5,4(t5)
    b8ba:	00e55533          	srl	a0,a0,a4
    b8be:	010f1f33          	sll	t5,t5,a6
    b8c2:	01e56533          	or	a0,a0,t5
    b8c6:	c208                	sw	a0,0(a2)
    b8c8:	0e05                	addi	t3,t3,1
    b8ca:	0611                	addi	a2,a2,4
    b8cc:	b7d9                	j	b892 <__trunctfdf2+0x158>
    b8ce:	4652                	lw	a2,20(sp)
    b8d0:	47e2                	lw	a5,24(sp)
    b8d2:	4872                	lw	a6,28(sp)
    b8d4:	00f666b3          	or	a3,a2,a5
    b8d8:	0106e6b3          	or	a3,a3,a6
    b8dc:	8ec9                	or	a3,a3,a0
    b8de:	e709                	bnez	a4,b8e8 <__trunctfdf2+0x1ae>
    b8e0:	00d036b3          	snez	a3,a3
    b8e4:	4781                	li	a5,0
    b8e6:	b5fd                	j	b7d4 <__trunctfdf2+0x9a>
    b8e8:	cad1                	beqz	a3,b97c <__trunctfdf2+0x242>
    b8ea:	01c65693          	srli	a3,a2,0x1c
    b8ee:	0812                	slli	a6,a6,0x4
    b8f0:	00479613          	slli	a2,a5,0x4
    b8f4:	83f1                	srli	a5,a5,0x1c
    b8f6:	00400737          	lui	a4,0x400
    b8fa:	8ed1                	or	a3,a3,a2
    b8fc:	0107e7b3          	or	a5,a5,a6
    b900:	8fd9                	or	a5,a5,a4
    b902:	9ae1                	andi	a3,a3,-8
    b904:	7ff00713          	li	a4,2047
    b908:	b5f1                	j	b7d4 <__trunctfdf2+0x9a>
    b90a:	4781                	li	a5,0
    b90c:	4681                	li	a3,0
    b90e:	7ff00713          	li	a4,2047
    b912:	00879513          	slli	a0,a5,0x8
    b916:	00055b63          	bgez	a0,b92c <__trunctfdf2+0x1f2>
    b91a:	0705                	addi	a4,a4,1
    b91c:	7ff00613          	li	a2,2047
    b920:	06c70063          	beq	a4,a2,b980 <__trunctfdf2+0x246>
    b924:	ff800637          	lui	a2,0xff800
    b928:	167d                	addi	a2,a2,-1
    b92a:	8ff1                	and	a5,a5,a2
    b92c:	01d79613          	slli	a2,a5,0x1d
    b930:	828d                	srli	a3,a3,0x3
    b932:	8ed1                	or	a3,a3,a2
    b934:	7ff00613          	li	a2,2047
    b938:	838d                	srli	a5,a5,0x3
    b93a:	00c71963          	bne	a4,a2,b94c <__trunctfdf2+0x212>
    b93e:	8edd                	or	a3,a3,a5
    b940:	4781                	li	a5,0
    b942:	c689                	beqz	a3,b94c <__trunctfdf2+0x212>
    b944:	000807b7          	lui	a5,0x80
    b948:	4681                	li	a3,0
    b94a:	4581                	li	a1,0
    b94c:	00100637          	lui	a2,0x100
    b950:	167d                	addi	a2,a2,-1
    b952:	8ff1                	and	a5,a5,a2
    b954:	80100637          	lui	a2,0x80100
    b958:	7ff77713          	andi	a4,a4,2047
    b95c:	167d                	addi	a2,a2,-1
    b95e:	0752                	slli	a4,a4,0x14
    b960:	8ff1                	and	a5,a5,a2
    b962:	8fd9                	or	a5,a5,a4
    b964:	80000737          	lui	a4,0x80000
    b968:	fff74713          	not	a4,a4
    b96c:	05fe                	slli	a1,a1,0x1f
    b96e:	8ff9                	and	a5,a5,a4
    b970:	00b7e733          	or	a4,a5,a1
    b974:	8536                	mv	a0,a3
    b976:	85ba                	mv	a1,a4
    b978:	6105                	addi	sp,sp,32
    b97a:	8082                	ret
    b97c:	4781                	li	a5,0
    b97e:	bf41                	j	b90e <__trunctfdf2+0x1d4>
    b980:	4781                	li	a5,0
    b982:	4681                	li	a3,0
    b984:	b765                	j	b92c <__trunctfdf2+0x1f2>

0000b986 <__clzsi2>:
    b986:	67c1                	lui	a5,0x10
    b988:	02f57563          	bgeu	a0,a5,b9b2 <__clzsi2+0x2c>
    b98c:	0ff00793          	li	a5,255
    b990:	00a7b7b3          	sltu	a5,a5,a0
    b994:	078e                	slli	a5,a5,0x3
    b996:	02000713          	li	a4,32
    b99a:	8f1d                	sub	a4,a4,a5
    b99c:	00f557b3          	srl	a5,a0,a5
    b9a0:	6531                	lui	a0,0xc
    b9a2:	6ac50513          	addi	a0,a0,1708 # c6ac <__clz_tab>
    b9a6:	97aa                	add	a5,a5,a0
    b9a8:	0007c503          	lbu	a0,0(a5) # 10000 <_sp+0xe10>
    b9ac:	40a70533          	sub	a0,a4,a0
    b9b0:	8082                	ret
    b9b2:	01000737          	lui	a4,0x1000
    b9b6:	47c1                	li	a5,16
    b9b8:	fce56fe3          	bltu	a0,a4,b996 <__clzsi2+0x10>
    b9bc:	47e1                	li	a5,24
    b9be:	bfe1                	j	b996 <__clzsi2+0x10>
